,CUSTOMER_ID,CUSTOMER_NAME,SSN,AGE,CUSTOMER_EDUCATION_LEVEL,ADDRESS_LINE1,CITY,POSTAL_CODE,MARITAL_STATUS,NO_OF_FAMILY_MEMBERS,EMPLOYMENT_STATUS,HOUSE_TYPE
0,A00003822,Ahmed Benali,CC950836,54,Bachelor,17 Hay Hlioua,Fes,30000.0,Y,3,Y,Own
1,A00008149,Hassan Tazi,JK252865,61,Bachelor,1 Hay Salam,Agadir,80000.0,N,4,Y,Rent
2,A00003172,Aya Ouazzani,X284474,47,PhD,18 Residence Hassan II,Mograne,,N,6,Y,Rent
3,A00007572,Youssef Skalli,X914881,36,Masters,28 Hay Al Massira,Sidi Slimane,,Y,7,Y,Mortgage
4,A00008173,Fatima Ezzahra  Amrani,SH673365,51,Masters,16 Lotissement Al Houda,Laayoune,70000.0,Y,2,Y,Rent
5,A00003571,Aziza Dadi,CC892988,42,College,44 Lotissement Al Massira,Fes,30000.0,N,2,Y,Rent
6,A00007245,Fatima Ezzahra  Eddoughmi,N358932,61,,12 Lotissement Salam,Essaouira,44000.0,Y,7,Y,Rent
7,A00004301,Hiba Moufkir ,G921912,35,High School,12 Rue Centrale,Kenitra,14110.0,Y,3,Y,Rent
8,A00004671,Kawtar Banoune,DN784910,27,Bachelor,38 Avenue El Fadl,Meknes,50010.0,N,4,Y,Mortgage
9,A00002020,Omar Tazi,BJ898909,61,PhD,28 Avenue El Fadl,Casablanca,20220.0,Y,4,Y,Rent
10,A00007952,Noha Amine,AB335943,59,Masters,35 Avenue Bernoussi,Sale,11000.0,N,7,Y,Mortgage
11,A00006313,Khaoula Radi,EE390770,42,High School,34 Lotissement Mohammed V,Marrakech,40000.0,Y,2,Y,Own
12,A00003693,Hajar Ouazzani,L959790,57,Bachelor,4 Boulevard Mohammed V,Tetouan,93000.0,Y,3,Y,Mortgage
13,A00007988,Rachida Alaoui,G743687,31,High School,48 Lotissement Hassan II,Kenitra,14110.0,N,7,Y,Own
14,A00005617,Fatima Bate,X291177,55,PhD,41 Hay Al Massira,Inezgane,,Y,6,Y,Mortgage
15,A00008033,Omar Amine,KB650475,57,,32 Avenue Zerktouni,Tanger,90053.0,Y,2,Y,Rent
16,A00007184,Aziza Tazi,AB330439,53,Bachelor,35 Residence Salam,Sale,11000.0,Y,5,Y,Mortgage
17,A00007426,Amine Mansar,JK240991,32,Bachelor,33 Residence Al Massira,Agadir,80000.0,Y,4,Y,Mortgage
18,A00009265,Hajar Tahiri,AB962487,45,High School,34 Boulevard Hassan II,Sale,11000.0,N,4,Y,Mortgage
19,A00005314,Hassan El Yousfi,KB315236,59,High School,47 Lotissement Mohammed V,Tanger,90053.0,Y,5,Y,Mortgage
20,A00004720,Aya Bennani,JE629580,51,High School,13 Rue Centrale,Tiznit,85000.0,Y,6,Y,Own
21,A00004728,Rania Barghoud,SA143257,51,Masters,39 Lotissement Hassan II,Nador,62000.0,N,4,Y,Rent
22,A00001482,Omar Amine,M729733,44,Bachelor,2 Lotissement Hlioua,El Jadida,24010.0,N,4,Y,Rent
23,A00001719,Malak Benali,L355137,64,,37 Residence El Fadl,Tetouan,93000.0,Y,7,N,Rent
24,A00000138,Mohammed Amine Bachri,G396181,47,Bachelor,48 Lotissement Hassan II,Kenitra,14110.0,Y,5,Y,Mortgage
25,A00001186,Salma Amrani,Z832717,47,Bachelor,48 Lotissement Salam,Taza,35000.0,Y,5,Y,Mortgage
26,A00006946,Fatima Ezzahra  Fadili,HH164792,26,PhD,7 Lotissement Hlioua,Safi,46000.0,Y,3,Y,Rent
27,A00004112,Rania Farissi,AG560670,57,Masters,31 Lotissement Mohammed V,Rabat,11025.0,Y,3,Y,Own
28,A00004865,Mohamed Skalli,BJ975320,43,Bachelor,17 Hay Al Qods,Casablanca,20220.0,Y,3,N,Own
29,A00002422,Mohamed Moufkir ,EE733656,58,Bachelor,43 Hay Centrale,Marrakech,40000.0,N,4,Y,Own
30,A00003691,Malak Radi,CC103737,25,PhD,31 Rue Centrale,Fes,30000.0,N,7,Y,Rent
31,A00006915,Hamza El Idrissi,X302003,41,Bachelor,44 Boulevard Bernoussi,Ouezzane,,N,4,Y,Rent
32,A00009130,Noha Mansour,KB215419,33,PhD,12 Lotissement El Fadl,Tanger,90053.0,Y,7,Y,Mortgage
33,A00001581,Adam Lahlou,X788313,64,Bachelor,1 Boulevard Al Houda,Tafraout,,N,5,Y,Own
34,A00007890,Khaoula Lahlou,SA925933,26,College,12 Lotissement Salam,Nador,62000.0,N,2,Y,Mortgage
35,A00003536,Adam Fakhir,JK110145,30,Masters,30 Rue El Fadl,Agadir,80000.0,Y,3,Y,Mortgage
36,A00008207,Rania Barghoud,N803088,57,Bachelor,34 Avenue Hassan II,Essaouira,44000.0,Y,4,Y,Rent
37,A00003348,Fatima Ezzahra  Radi,JA725095,30,High School,4 Lotissement Hlioua,Guelmim,81000.0,Y,5,Y,Own
38,A00000014,Hamza El Idrissi,DN320480,26,Masters,10 Avenue Zerktouni,Meknes,50010.0,Y,4,Y,Rent
39,A00006283,Hamza Dadi,X914743,62,PhD,44 Boulevard Salam,Icht,,Y,5,Y,Rent
40,A00003499,Fatima Mansour,KB166452,55,High School,17 Avenue Al Houda,Tanger,90053.0,N,5,Y,Mortgage
41,A00008902,Ahmed Fadili,X513342,62,Masters,14 Lotissement El Fadl,Oulad Ayad,,Y,4,Y,Own
42,A00002740,Omar Banoune,AB345422,57,PhD,9 Avenue Hassan II,Sale,11000.0,Y,3,Y,Rent
43,A00009289,Rania Amine,X528266,32,High School,14 Rue Hassan II,Zemamra,,N,6,Y,Own
44,A00007672,Jamila Bennani,BJ742541,39,College,14 Hay Hassan II,Casablanca,20220.0,Y,3,N,Own
45,A00000956,Ahmed Kibala,CC415239,51,High School,1 Lotissement Zerktouni,Fes,30000.0,Y,2,Y,Rent
46,A00000134,Omar Lahlou,SH355352,31,High School,49 Boulevard Hlioua,Laayoune,70000.0,N,7,Y,Rent
47,A00006528,Omar Benchikh,X488143,31,High School,39 Residence Al Massira,Aoufous,,Y,4,Y,Rent
48,A00008607,Youssef Tazi,DN539491,56,Bachelor,46 Lotissement Al Qods,Meknes,50010.0,N,5,Y,Mortgage
49,A00004589,Yahya Banoune,CC101780,51,College,6 Lotissement Zerktouni,Fes,30000.0,N,7,Y,Own
50,A00002074,Malak Fadili,DN423230,49,PhD,43 Boulevard Zerktouni,Meknes,50010.0,Y,2,N,Mortgage
51,A00000481,Kaoutar Benchikh,X506454,64,Bachelor,43 Boulevard Centrale,Tahannaout,,Y,7,Y,Own
52,A00009041,Aziza Tahiri,F318543,43,College,44 Hay Hlioua,Oujda,60010.0,N,7,Y,Mortgage
53,A00000859,Mohamed Barghoud,F300155,41,Bachelor,36 Avenue Al Houda,Oujda,60010.0,Y,7,N,Rent
54,A00000583,Fatima Ezzahra  Bachri,BJ248563,46,Bachelor,6 Avenue Salam,Casablanca,20220.0,Y,3,Y,Rent
55,A00004719,Malak El Yousfi,X204056,64,College,49 Residence Bernoussi,,,Y,5,Y,Rent
56,A00002089,Khadija El Fassi,X278501,47,High School,10 Boulevard Mohammed V,Zirara,,N,2,Y,Mortgage
57,A00004245,Fatima Ezzahra  Tazi,AG937579,36,College,34 Residence Zerktouni,Rabat,11025.0,N,2,Y,Rent
58,A00009116,Rania Tazi,X918345,48,MD,22 Lotissement Salam,Aouama,,Y,2,Y,Mortgage
59,A00003178,Hassan Ouazzani,G800301,56,High School,23 Rue Al Qods,Kenitra,14110.0,Y,7,Y,Own
60,A00005466,Mohamed Tahiri,BJ114766,32,,47 Hay Al Qods,Casablanca,20220.0,Y,2,Y,Rent
61,A00007369,Hiba Alaoui,KB230227,42,Masters,32 Rue Salam,Tanger,90053.0,Y,7,Y,Mortgage
62,A00002702,Hassan El Yousfi,N829246,53,High School,23 Residence Salam,Essaouira,44000.0,Y,7,N,Mortgage
63,A00006128,Othmane Tahiri,EE423131,40,PhD,16 Lotissement Zerktouni,Marrakech,40000.0,N,5,Y,Own
64,A00001291,Salma Benchikh,R539974,39,Masters,38 Rue Zerktouni,El Hoceima,32000.0,Y,7,Y,Rent
65,A00000261,Amine Fadili,X326427,28,High School,12 Avenue Hlioua,Ain Taoujdate,,Y,5,Y,Mortgage
66,A00008288,Aya Benchikh,CB406312,37,High School,40 Lotissement Hlioua,Sefrou,31000.0,N,5,Y,Own
67,A00009904,Hamza Mansour,DN813606,53,Bachelor,48 Lotissement El Fadl,Meknes,50010.0,Y,6,Y,Own
68,A00007027,Kawtar Amrani,EE825778,36,Bachelor,14 Rue Al Qods,Marrakech,40000.0,Y,4,N,Rent
69,A00003818,Hassan Mansour,F887197,47,High School,44 Boulevard El Fadl,Oujda,60010.0,N,5,Y,Own
70,A00005168,Rachida Ouazzani,X264551,33,Bachelor,17 Rue Al Massira,Ouezzane,,Y,2,Y,Mortgage
71,A00007705,Yahya Ouazzani,G832294,56,Bachelor,18 Lotissement Bernoussi,Kenitra,14110.0,N,3,Y,Rent
72,A00000877,Khaoula Tahiri,AG277801,52,Bachelor,11 Lotissement Hassan II,Rabat,11025.0,Y,7,Y,Mortgage
73,A00006847,Kawtar Benali,JK127944,60,College,31 Lotissement Bernoussi,Agadir,80000.0,Y,3,Y,Mortgage
74,A00005205,Kaoutar Ouazzani,EE414388,60,Bachelor,34 Hay Salam,Marrakech,40000.0,Y,4,Y,Own
75,A00009078,Amine El Yousfi,G108671,50,Bachelor,47 Lotissement Bernoussi,Kenitra,14110.0,Y,4,Y,Own
76,A00000804,Fatima Ezzahra  Tahiri,EE682026,32,High School,41 Residence Hassan II,Marrakech,40000.0,Y,7,Y,Rent
77,A00004234,Malak Benali,X400839,42,Bachelor,8 Lotissement Salam,El Ksiba,,N,7,Y,Mortgage
78,A00002003,Malak Bennani,X900640,33,High School,42 Avenue Salam,Krouchen,,Y,6,Y,Mortgage
79,A00000193,Taha Amrani,JK322544,63,MD,45 Boulevard Centrale,Agadir,80000.0,N,3,N,Rent
80,A00009864,Othmane Banoune,W208981,36,High School,25 Avenue Hlioua,Settat,26000.0,Y,5,Y,Rent
81,A00003565,Kawtar Bachri,AB493935,36,MD,28 Avenue Al Massira,Sale,11000.0,Y,3,Y,Mortgage
82,A00006009,Kawtar Ouazzani,Z245563,35,Bachelor,48 Lotissement Salam,Taza,35000.0,Y,6,Y,Mortgage
83,A00000670,Omar Metouali,EE448823,44,College,37 Avenue Al Qods,Marrakech,40000.0,N,3,Y,Rent
84,A00002691,Hassan Farissi,AG533783,50,Bachelor,10 Lotissement Mohammed V,Rabat,11025.0,Y,6,Y,Rent
85,A00007463,Youssef Ouazzani,EE715085,34,Bachelor,30 Residence Bernoussi,Marrakech,40000.0,Y,4,Y,Mortgage
86,A00007262,Salma Tahiri,N420049,25,High School,5 Rue Zerktouni,Essaouira,44000.0,Y,5,Y,Mortgage
87,A00009910,Othmane El Yousfi,JK669507,61,College,23 Residence Hlioua,Agadir,80000.0,Y,5,Y,Own
88,A00005802,Ahmed El Idrissi,HH283012,63,Bachelor,7 Lotissement Hlioua,Safi,46000.0,N,3,Y,Own
89,A00006267,Omar Benali,CC945790,26,High School,48 Lotissement Centrale,Fes,30000.0,N,3,Y,Mortgage
90,A00002978,Hamza Jamal,AB197289,45,MD,49 Boulevard Al Qods,Sale,11000.0,N,4,Y,Mortgage
91,A00009572,Mohammed Amine Fakhir,DN510764,28,High School,44 Rue Al Houda,Meknes,50010.0,Y,6,Y,Rent
92,A00007477,Mohammed Amine Tahiri,X311499,60,High School,15 Hay Bernoussi,Dar Gueddari,,Y,3,Y,Own
93,A00009513,Zineb Amine,F398646,47,High School,14 Avenue Centrale,Oujda,60010.0,Y,6,Y,Mortgage
94,A00009706,Kaoutar Skalli,BJ345772,55,Masters,12 Lotissement Zerktouni,Casablanca,20220.0,Y,6,Y,Own
95,A00006240,Adam Moufkir ,KB778149,55,MD,40 Rue Hlioua,Tanger,90053.0,N,5,Y,Rent
96,A00000327,Kaoutar Benchikh,KB629658,35,Bachelor,16 Avenue Al Qods,Tanger,90053.0,Y,2,Y,Mortgage
97,A00000762,Amine Barghoud,EE117712,45,Bachelor,1 Rue Bernoussi,Marrakech,40000.0,Y,4,Y,Own
98,A00008559,Hiba Amine,CC852541,49,High School,40 Avenue Bernoussi,Fes,30000.0,N,3,Y,Rent
99,A00007283,Mohamed Farissi,L860111,60,High School,47 Lotissement El Fadl,Tetouan,93000.0,Y,5,Y,Rent
100,A00007243,Hajar Oufkir,G906631,37,High School,7 Rue Mohammed V,Kenitra,14110.0,N,6,Y,Mortgage
101,A00007330,Rania Skalli,L903949,50,Bachelor,45 Lotissement Zerktouni,Tetouan,93000.0,Y,3,N,Mortgage
102,A00009946,Aziza Mansar,N610649,39,MD,8 Residence Hlioua,Essaouira,44000.0,N,5,N,Own
103,A00005849,Yahya Ouazzani,KB925907,42,High School,41 Rue Al Massira,Tanger,90053.0,Y,2,Y,Rent
104,A00008151,Youssef Tazi,X572303,61,Bachelor,47 Hay Hlioua,Ameur,,N,5,Y,Mortgage
105,A00004744,Khadija Farissi,P381413,47,Bachelor,25 Lotissement Bernoussi,Ouarzazate,45000.0,N,4,Y,Mortgage
106,A00007865,Malak Jamal,BJ326392,47,Masters,4 Boulevard Mohammed V,Casablanca,20220.0,Y,2,Y,Rent
107,A00007480,Taha Berrada,AG163951,40,High School,22 Lotissement Mohammed V,Rabat,11025.0,Y,7,N,Mortgage
108,A00001988,Aya Bate,KB300172,64,,42 Lotissement Zerktouni,Tanger,90053.0,Y,2,Y,Rent
109,A00005653,Hajar Moufkir ,X738424,51,Bachelor,40 Boulevard Hassan II,Bir Jdid,,Y,5,Y,Rent
110,A00007305,Khaoula Mansar,G788488,60,Masters,22 Rue Zerktouni,Kenitra,14110.0,N,2,Y,Rent
111,A00001480,Aya El Idrissi,X587923,57,High School,15 Rue Centrale,Khourubga,25000.0,Y,5,Y,Mortgage
112,A00004702,Rachida Alaoui,AB557714,62,Masters,7 Boulevard Zerktouni,Sale,11000.0,N,4,N,Own
113,A00001148,Malak Fadili,DN773250,47,High School,12 Lotissement Al Qods,Meknes,50010.0,Y,2,Y,Rent
114,A00002262,Hajar Amrani,EE517424,32,Bachelor,34 Hay Salam,Marrakech,40000.0,N,2,Y,Rent
115,A00003291,Hiba Amine,AB747656,33,Masters,4 Residence El Fadl,Sale,11000.0,Y,7,Y,Mortgage
116,A00008706,Noha Oufkir,X534924,49,Bachelor,16 Hay Al Massira,Ras El Ma,,Y,2,Y,Own
117,A00004966,Zineb Tazi,X866871,57,College,14 Residence Salam,Nouaceur,,Y,7,Y,Own
118,A00001137,Mohamed Fakhir,X319548,26,High School,4 Lotissement Zerktouni,Tafoughalt,,Y,7,Y,Mortgage
119,A00000013,Kaoutar Jamal,JK341903,45,,23 Lotissement Mohammed V,Agadir,80000.0,Y,5,Y,Mortgage
120,A00000875,Kaoutar El Idrissi,F336716,37,MD,4 Boulevard Mohammed V,Oujda,60010.0,Y,5,Y,Rent
121,A00001718,Mohamed Lahlou,DB164961,42,High School,11 Boulevard Al Houda,Ifrane,53000.0,N,2,Y,Mortgage
122,A00002165,Mohammed Amine Bachri,X662866,54,PhD,25 Lotissement Hassan II,Souk El Arbaa,,N,3,Y,Mortgage
123,A00003051,Adam Amrani,KB954363,29,High School,14 Boulevard El Fadl,Tanger,90053.0,Y,4,Y,Mortgage
124,A00009892,Fatima Amrani,X197012,25,High School,6 Boulevard El Fadl,Rommani,,Y,6,Y,Own
125,A00004106,Ahmed Benali,DN894531,56,Bachelor,33 Hay El Fadl,Meknes,50010.0,N,7,Y,Mortgage
126,A00005034,Adam Tazi,BJ751223,57,Bachelor,47 Residence El Fadl,Casablanca,20220.0,Y,3,Y,Rent
127,A00008198,Hassan El Fassi,CC561976,41,Bachelor,11 Residence Hassan II,Fes,30000.0,Y,6,Y,Mortgage
128,A00000548,Hiba Radi,X517400,64,College,30 Boulevard Al Houda,Boulemane,,Y,6,Y,Own
129,A00006478,Aziza Benchikh,EE654121,35,Bachelor,22 Avenue Al Massira,Marrakech,40000.0,Y,6,Y,Own
130,A00000815,Malak Barghoud,CC691310,31,Bachelor,13 Boulevard Al Massira,Fes,30000.0,Y,4,Y,Rent
131,A00004559,Khaoula Amrani,JK243498,30,PhD,14 Lotissement El Fadl,Agadir,80000.0,Y,7,Y,Rent
132,A00002441,Zineb Farissi,BJ714331,41,Bachelor,5 Residence Mohammed V,Casablanca,20220.0,Y,5,Y,Own
133,A00005228,Kaoutar Amrani,X861372,28,Masters,37 Residence El Fadl,Oualidia,,Y,7,Y,Rent
134,A00008944,Khaoula Skalli,AG634892,28,Bachelor,18 Boulevard Hassan II,Rabat,11025.0,N,3,Y,Own
135,A00005880,Khadija Ouazzani,BJ580082,62,High School,26 Hay Zerktouni,Casablanca,20220.0,N,5,Y,Rent
136,A00002413,Rachida Fakhir,AG176701,39,High School,1 Boulevard Mohammed V,Rabat,11025.0,Y,2,Y,Mortgage
137,A00001701,Youssef El Idrissi,X979958,26,Bachelor,21 Residence Salam,Outat El Haj,,Y,5,N,Own
138,A00000834,Kawtar Jamal,AB145595,54,High School,34 Residence Hlioua,Sale,11000.0,Y,5,Y,Rent
139,A00002597,Yahya Amrani,X800441,39,High School,18 Lotissement Bernoussi,Taounate,,Y,5,Y,Rent
140,A00007505,Amine Kibala,L134519,31,Bachelor,15 Avenue Al Qods,Tetouan,93000.0,N,2,Y,Mortgage
141,A00004164,Kaoutar Benchikh,X444246,60,College,46 Hay Mohammed V,Khourubga,25000.0,Y,3,Y,Mortgage
142,A00005342,Hamza Bate,JK806422,44,,39 Hay Mohammed V,Agadir,80000.0,Y,3,Y,Mortgage
143,A00009809,Othmane Ouazzani,X611979,55,High School,20 Lotissement Al Houda,Driouch,,N,5,Y,Own
144,A00002956,Rachida Fadili,EE113152,42,High School,43 Hay Salam,Marrakech,40000.0,Y,6,Y,Mortgage
145,A00004012,Rachida Berrada,X890603,62,Bachelor,47 Hay Hlioua,Ameur,,Y,3,Y,Own
146,A00000949,Kaoutar Benali,AG132769,64,High School,8 Avenue Hlioua,Rabat,11025.0,Y,7,Y,Mortgage
147,A00001650,Aziza El Yousfi,X142833,43,Bachelor,27 Rue Bernoussi,Tounfite,,N,5,Y,Own
148,A00005704,Fatima Benchikh,AB751026,34,College,27 Boulevard El Fadl,Sale,11000.0,N,4,Y,Own
149,A00002776,Hamza Benchikh,M310025,54,High School,2 Lotissement Hlioua,El Jadida,24010.0,Y,3,Y,Rent
150,A00002079,Ahmed El Idrissi,N557432,41,Bachelor,30 Boulevard Hlioua,Essaouira,44000.0,N,7,Y,Mortgage
151,A00005318,Omar Moufkir ,N357670,32,Bachelor,40 Hay Al Massira,Essaouira,44000.0,Y,7,Y,Own
152,A00007732,Kawtar Amrani,DN205872,47,High School,15 Avenue Zerktouni,Meknes,50010.0,Y,5,Y,Own
153,A00004626,Amine Eddoughmi,AG307790,26,,34 Hay Zerktouni,Rabat,11025.0,Y,2,Y,Mortgage
154,A00000211,Khadija Banoune,R456326,49,Bachelor,27 Lotissement Salam,El Hoceima,32000.0,Y,4,Y,Mortgage
155,A00007341,Salma Bennani,HH664372,27,PhD,7 Residence Al Houda,Safi,46000.0,Y,4,Y,Rent
156,A00008591,Omar Amine,FA169151,42,Bachelor,30 Rue Salam,Berkane,60300.0,Y,7,Y,Mortgage
157,A00008052,Khadija Berrada,CC944692,28,High School,31 Rue Centrale,Fes,30000.0,Y,4,Y,Rent
158,A00008942,Hamza Mansar,X582298,35,Masters,42 Hay Salam,Dar Ould Zidouh,,Y,5,Y,Mortgage
159,A00003149,Rania Moufkir ,JK616404,60,High School,4 Rue Bernoussi,Agadir,80000.0,Y,6,Y,Rent
160,A00005805,Salma Bate,X845439,31,Bachelor,20 Rue Hassan II,,,Y,6,Y,Own
161,A00009530,Fatima Ezzahra  Oufkir,AG648840,54,Bachelor,34 Residence El Fadl,Rabat,11025.0,Y,7,Y,Own
162,A00006830,Khadija Salhi,AG826549,26,,16 Rue Al Houda,Rabat,11025.0,Y,6,Y,Rent
163,A00007160,Kaoutar Berrada,JK933785,61,Bachelor,15 Hay Zerktouni,Agadir,80000.0,Y,3,Y,Rent
164,A00001553,Kaoutar Radi,X563486,64,Bachelor,42 Avenue Salam,Krouchen,,N,3,Y,Mortgage
165,A00001756,Kaoutar Banoune,BJ856977,35,Bachelor,1 Residence Zerktouni,Casablanca,20220.0,N,5,Y,Own
166,A00002923,Meryem Eddoughmi,F392893,62,High School,11 Residence Al Massira,Oujda,60010.0,N,7,Y,Own
167,A00009221,Hassan Moufkir ,Y184169,60,,45 Residence Hassan II,El Kelaa des Sraghna,43000.0,N,4,Y,Mortgage
168,A00003698,Khadija Oufkir,X190737,49,Bachelor,33 Avenue Mohammed V,Kalaat M'Gouna,,Y,3,Y,Mortgage
169,A00000190,Amine Amrani,EE286404,31,High School,28 Lotissement Hassan II,Marrakech,40000.0,Y,2,Y,Rent
170,A00002764,Malak Benali,G727524,36,Masters,5 Boulevard Al Houda,Kenitra,14110.0,Y,5,Y,Mortgage
171,A00009590,Noha Dadi,KB474739,62,Bachelor,13 Residence Al Houda,Tanger,90053.0,Y,3,Y,Mortgage
172,A00006417,Aziza Benchikh,G549546,40,Bachelor,18 Lotissement Bernoussi,Kenitra,14110.0,Y,4,Y,Rent
173,A00001503,Hamza El Idrissi,F920525,51,Masters,13 Rue Al Houda,Oujda,60010.0,Y,2,Y,Rent
174,A00003922,Kaoutar Alaoui,X678976,50,Bachelor,21 Lotissement Mohammed V,,,Y,7,Y,Mortgage
175,A00006105,Jamila Amine,WA220475,30,Bachelor,23 Lotissement Al Qods,Berrechid,26100.0,Y,6,Y,Mortgage
176,A00003613,Adam Barghoud,AG580061,52,College,38 Avenue Centrale,Rabat,11025.0,N,4,Y,Own
177,A00002426,Noha Alaoui,X381054,44,High School,18 Residence Hassan II,Mograne,,Y,4,Y,Mortgage
178,A00006998,Mohamed Barghoud,X269206,58,Bachelor,49 Lotissement Al Massira,Dar Si Aissa,,N,5,Y,Own
179,A00000105,Hajar Dadi,CB703159,33,,16 Rue Al Qods,Sefrou,31000.0,Y,4,Y,Rent
180,A00001637,Adam Salhi,LA937213,45,Bachelor,44 Residence Hassan II,Larache,92000.0,Y,2,N,Own
181,A00009848,Zineb Barghoud,AB796738,60,,7 Boulevard Zerktouni,Sale,11000.0,Y,2,N,Mortgage
182,A00009288,Rania Moufkir ,X877162,27,High School,42 Lotissement Salam,Oued Laou,,Y,4,Y,Mortgage
183,A00000247,Noha Bachri,N549451,27,College,7 Avenue Al Qods,Essaouira,44000.0,Y,4,Y,Rent
184,A00002397,Aya Skalli,X303645,60,Bachelor,27 Lotissement Mohammed V,Ait Daoud,,N,6,Y,Mortgage
185,A00007490,Kaoutar Amine,X514129,60,Bachelor,42 Hay Al Qods,M'diq,,Y,3,Y,Rent
186,A00003706,Rachida Skalli,JK979320,52,Bachelor,49 Avenue El Fadl,Agadir,80000.0,N,6,Y,Mortgage
187,A00004550,Fatima Tahiri,KB490267,31,Bachelor,31 Boulevard Al Massira,Tanger,90053.0,N,4,Y,Mortgage
188,A00003203,Mohamed Salhi,X124515,55,College,17 Residence Al Qods,Tissa,,Y,3,Y,Own
189,A00009674,Othmane Mansour,I699185,47,Bachelor,4 Rue Mohammed V,Beni Mellal,23000.0,Y,4,Y,Mortgage
190,A00003347,Youssef El Yousfi,DN880395,33,MD,10 Avenue Zerktouni,Meknes,50010.0,Y,6,Y,Rent
191,A00006280,Fatima Ezzahra  Salhi,X472959,43,High School,11 Rue Hlioua,Zagora,,Y,3,Y,Rent
192,A00009398,Othmane Bate,X507046,32,,24 Lotissement Mohammed V,Fair Haven,,N,4,Y,Mortgage
193,A00009338,Hamza Farissi,X332527,47,Bachelor,42 Avenue Hassan II,Ouezzane,,Y,7,Y,Rent
194,A00007501,Youssef Eddoughmi,CC570967,61,Bachelor,15 Avenue Zerktouni,Fes,30000.0,Y,5,Y,Rent
195,A00007905,Mohammed Amine Banoune,X818014,29,High School,48 Rue Salam,Zghenghen,,N,6,Y,Own
196,A00008439,Othmane Moufkir ,X890569,60,Bachelor,21 Residence Centrale,Zaouiat Cheikh,,Y,4,Y,Rent
197,A00007899,Hajar Banoune,DN519446,61,Bachelor,1 Hay Zerktouni,Meknes,50010.0,Y,7,Y,Rent
198,A00006248,Noha Mansour,X111681,56,High School,15 Residence Al Houda,Ouezzane,,Y,3,Y,Rent
199,A00000192,Hajar Tazi,JK477957,57,High School,8 Rue Hassan II,Agadir,80000.0,Y,5,Y,Rent
200,A00002575,Noha Farissi,JK795233,51,Masters,19 Avenue Al Houda,Agadir,80000.0,Y,5,Y,Mortgage
201,A00004102,Taha Amine,X751227,62,Bachelor,3 Avenue Bernoussi,Ouezzane,,N,2,Y,Own
202,A00007873,Kaoutar Berrada,R832223,40,PhD,18 Boulevard Hassan II,El Hoceima,32000.0,Y,4,Y,Mortgage
203,A00004611,Omar Kibala,SA216215,38,Bachelor,12 Lotissement Salam,Nador,62000.0,Y,4,Y,Rent
204,A00006492,Youssef Metouali,L352498,27,MD,36 Hay Centrale,Tetouan,93000.0,Y,2,Y,Rent
205,A00003531,Taha Skalli,L751209,27,,5 Hay Al Qods,Tetouan,93000.0,Y,2,N,Own
206,A00000149,Khaoula Banoune,AB129919,63,Bachelor,21 Boulevard Hlioua,Sale,11000.0,N,2,Y,Mortgage
207,A00005638,Hajar Eddoughmi,JA999443,56,College,4 Lotissement Hlioua,Guelmim,81000.0,Y,3,Y,Mortgage
208,A00006076,Omar El Fassi,CC912302,53,High School,10 Hay Bernoussi,Fes,30000.0,Y,3,Y,Rent
209,A00009990,Adam Moufkir ,SA261324,41,Bachelor,29 Avenue Al Massira,Nador,62000.0,N,2,Y,Rent
210,A00002513,Hajar Tahiri,AG582354,41,Bachelor,21 Avenue Hlioua,Rabat,11025.0,Y,6,Y,Rent
211,A00009734,Mohammed Amine Berrada,JK795957,35,Masters,30 Residence El Fadl,Agadir,80000.0,Y,6,Y,Rent
212,A00005658,Adam Eddoughmi,AG150855,59,MD,24 Rue Hassan II,Rabat,11025.0,Y,4,Y,Mortgage
213,A00006794,Omar Metouali,X837875,62,High School,4 Boulevard Zerktouni,Oulad Jamaa,,Y,3,Y,Rent
214,A00001870,Fatima Ezzahra  El Fassi,G638990,53,MD,47 Boulevard Al Houda,Kenitra,14110.0,Y,5,Y,Rent
215,A00009682,Hassan El Idrissi,X364628,30,High School,44 Lotissement Al Houda,Lahdar,,Y,6,Y,Own
216,A00009547,Rachida El Idrissi,EE170139,42,Bachelor,49 Boulevard Hlioua,Marrakech,40000.0,N,4,Y,Rent
217,A00004091,Fatima Ezzahra  Berrada,G950679,25,High School,49 Rue Hlioua,Kenitra,14110.0,Y,5,Y,Rent
218,A00004782,Kaoutar Oufkir,X243285,58,College,37 Avenue Hassan II,Oulmes,,Y,5,Y,Mortgage
219,A00005061,Aya Benali,JE647515,47,High School,25 Residence Salam,Tiznit,85000.0,Y,3,Y,Mortgage
220,A00000704,Mohamed El Fassi,AB612551,46,Bachelor,20 Boulevard Hassan II,Sale,11000.0,Y,7,Y,Own
221,A00007999,Malak Barghoud,G337616,50,Bachelor,4 Avenue Al Houda,Kenitra,14110.0,Y,3,Y,Rent
222,A00009037,Amine Tazi,X718203,50,Masters,2 Hay Salam,Kerrouchen,,Y,7,Y,Own
223,A00004253,Adam Moufkir ,VA321147,29,High School,22 Residence Zerktouni,Midelt,54350.0,Y,4,Y,Mortgage
224,A00007386,Hajar Jamal,X706687,32,Bachelor,25 Avenue Al Massira,Sebaa Aiyoun,,Y,4,Y,Own
225,A00003800,Mohammed Amine El Fassi,AG377048,50,High School,40 Lotissement Al Massira,Rabat,11025.0,Y,4,Y,Own
226,A00008730,Hamza Amine,BJ332357,41,Masters,10 Hay Hlioua,Casablanca,20220.0,Y,6,Y,Own
227,A00006834,Adam Tazi,KB843837,62,High School,2 Hay Zerktouni,Tanger,90053.0,Y,3,N,Rent
228,A00003354,Youssef Mansour,X860648,43,College,18 Lotissement Bernoussi,Taounate,,Y,6,Y,Mortgage
229,A00009382,Zineb Tahiri,W659497,32,MD,39 Residence Al Houda,Settat,26000.0,Y,6,Y,Mortgage
230,A00003257,Ahmed Berrada,JC539927,31,High School,45 Avenue Salam,Taaroudant,83000.0,Y,3,Y,Own
231,A00000848,Jamila Benchikh,L850186,50,PhD,28 Lotissement Mohammed V,Tetouan,93000.0,N,2,Y,Mortgage
232,A00008547,Yahya Skalli,F640603,45,MD,47 Hay Zerktouni,Oujda,60010.0,N,4,Y,Rent
233,A00001399,Meryem Mansour,AB542671,37,PhD,28 Avenue Al Massira,Sale,11000.0,N,6,Y,Mortgage
234,A00007605,Omar Bennani,L212033,36,Masters,31 Hay Al Massira,Tetouan,93000.0,N,2,Y,Mortgage
235,A00007591,Kaoutar Amine,F894663,60,High School,13 Hay El Fadl,Oujda,60010.0,Y,7,Y,Mortgage
236,A00000787,Kawtar El Yousfi,AG315463,28,High School,30 Rue Al Massira,Rabat,11025.0,N,4,Y,Mortgage
237,A00000912,Khadija Tahiri,L607558,46,High School,33 Hay Hlioua,Tetouan,93000.0,Y,5,Y,Own
238,A00007889,Malak Barghoud,JK294103,61,Bachelor,39 Residence Centrale,Agadir,80000.0,N,5,Y,Mortgage
239,A00005063,Khadija Dadi,X846196,36,College,20 Rue Al Qods,Tinjdad,,Y,5,Y,Rent
240,A00009842,Youssef Bennani,DN422948,43,MD,39 Lotissement Al Massira,Meknes,50010.0,N,5,N,Mortgage
241,A00001073,Rania Dadi,L308481,28,Bachelor,37 Rue El Fadl,Tetouan,93000.0,Y,6,Y,Mortgage
242,A00005542,Hiba Jamal,AG204382,37,College,38 Avenue Mohammed V,Rabat,11025.0,Y,6,Y,Rent
243,A00007877,Mohamed Mansar,R525201,53,Bachelor,18 Boulevard Al Qods,El Hoceima,32000.0,Y,2,Y,Mortgage
244,A00006667,Hiba Bennani,JK376460,63,Bachelor,48 Rue Al Houda,Agadir,80000.0,Y,5,Y,Mortgage
245,A00009896,Rachida El Yousfi,BJ659766,55,Masters,22 Lotissement Al Qods,Casablanca,20220.0,Y,4,Y,Mortgage
246,A00004413,Aya El Fassi,R368346,54,Bachelor,27 Hay Al Houda,El Hoceima,32000.0,N,7,Y,Rent
247,A00004506,Mohamed Skalli,BJ276637,26,Bachelor,49 Boulevard Centrale,Casablanca,20220.0,Y,6,Y,Mortgage
248,A00004564,Fatima Ezzahra  Amine,X187981,62,High School,43 Boulevard Mohammed V,Jerada,,Y,3,Y,Rent
249,A00005816,Jamila Bachri,X582041,45,Bachelor,2 Rue Al Houda,MideltDakhla,,Y,7,Y,Mortgage
250,A00008005,Rachida Tazi,BJ264500,59,Bachelor,32 Residence Al Massira,Casablanca,20220.0,Y,3,Y,Mortgage
251,A00004325,Jamila Alaoui,X733302,35,Bachelor,5 Hay Bernoussi,Bou Ahmed,,N,5,Y,Mortgage
252,A00007699,Ahmed Amrani,JC645903,28,Bachelor,45 Avenue Salam,Taaroudant,83000.0,N,6,Y,Rent
253,A00004524,Fatima Ezzahra  Bate,X733248,50,PhD,24 Lotissement Al Massira,M'diq,,Y,4,Y,Rent
254,A00006293,Yahya Mansar,KB143265,29,High School,43 Avenue El Fadl,Tanger,90053.0,Y,5,Y,Rent
255,A00004252,Salma Benali,CC272373,47,MD,49 Avenue Al Houda,Fes,30000.0,Y,3,Y,Rent
256,A00003797,Hajar Barghoud,CC439961,38,,18 Hay Salam,Fes,30000.0,Y,3,N,Mortgage
257,A00003072,Mohamed El Idrissi,JK290616,33,,32 Avenue Hlioua,Agadir,80000.0,Y,2,Y,Own
258,A00002757,Mohammed Amine Farissi,AG861454,57,Bachelor,47 Hay Hassan II,Rabat,11025.0,Y,2,Y,Mortgage
259,A00004422,Hiba Radi,X622074,25,High School,40 Avenue Al Massira,Ras El Ma,,Y,3,Y,Rent
260,A00002818,Othmane Bachri,EE927495,39,High School,30 Residence Al Houda,Marrakech,40000.0,N,7,N,Own
261,A00004769,Zineb Radi,R640823,34,High School,18 Boulevard Hassan II,El Hoceima,32000.0,Y,2,Y,Rent
262,A00008702,Rachida Skalli,W574846,31,MD,39 Residence Al Houda,Settat,26000.0,Y,6,Y,Mortgage
263,A00002353,Meryem Bate,DN688474,33,Bachelor,13 Hay Hassan II,Meknes,50010.0,Y,5,Y,Own
264,A00009319,Fatima Ezzahra  Banoune,X385467,52,High School,2 Boulevard Al Massira,Matarka,,Y,7,Y,Own
265,A00004971,Omar Bennani,WA313592,36,College,35 Avenue Hlioua,Berrechid,26100.0,Y,5,Y,Mortgage
266,A00005752,Othmane Benchikh,KB426370,36,High School,42 Hay Al Qods,Tanger,90053.0,N,2,Y,Rent
267,A00002527,Zineb Fakhir,AG451780,52,High School,28 Residence Mohammed V,Rabat,11025.0,Y,4,Y,Rent
268,A00000970,Malak Eddoughmi,LA678182,48,High School,22 Residence Mohammed V,Larache,92000.0,Y,2,Y,Mortgage
269,A00001896,Hamza Dadi,AG389343,63,High School,28 Residence Hlioua,Rabat,11025.0,Y,5,Y,Rent
270,A00009828,Youssef Banoune,X592228,49,Bachelor,33 Hay Bernoussi,Ben Taieb,,Y,7,N,Rent
271,A00000412,Othmane Barghoud,AG829407,26,High School,33 Lotissement Al Houda,Rabat,11025.0,Y,7,Y,Rent
272,A00000295,Salma El Idrissi,F377154,62,PhD,44 Boulevard El Fadl,Oujda,60010.0,N,6,Y,Mortgage
273,A00008093,Malak Bate,L729528,62,Bachelor,49 Lotissement Al Qods,Tetouan,93000.0,Y,3,Y,Rent
274,A00003541,Yahya Farissi,N813045,45,Bachelor,49 Hay Bernoussi,Essaouira,44000.0,Y,7,Y,Mortgage
275,A00001678,Fatima Tazi,EE606392,27,High School,11 Lotissement Centrale,Marrakech,40000.0,Y,4,Y,Mortgage
276,A00008295,Zineb Tahiri,DN259976,46,High School,13 Rue Hassan II,Meknes,50010.0,Y,2,Y,Own
277,A00002775,Hajar Lahlou,KB466047,56,High School,47 Avenue Zerktouni,Tanger,90053.0,Y,7,Y,Mortgage
278,A00001166,Jamila Amine,L210101,27,Bachelor,36 Lotissement El Fadl,Tetouan,93000.0,Y,4,Y,Rent
279,A00003617,Aya Oufkir,N125198,49,College,41 Boulevard Al Houda,Essaouira,44000.0,N,3,N,Own
280,A00005861,Hamza Bate,X677736,64,High School,19 Hay Al Houda,Sidi Mokhtar,,N,5,Y,Rent
281,A00004948,Mohamed Jamal,DN151272,40,,8 Boulevard Hassan II,Meknes,50010.0,Y,2,Y,Own
282,A00004975,Noha Bate,JK872340,56,,47 Avenue El Fadl,Agadir,80000.0,Y,5,Y,Own
283,A00002933,Adam Benali,X431499,63,MD,4 Hay Bernoussi,Khourubga,25000.0,Y,6,Y,Rent
284,A00002781,Rachida Amine,EE193404,54,High School,3 Residence Bernoussi,Marrakech,40000.0,Y,5,Y,Rent
285,A00003981,Youssef Metouali,KB433449,29,Masters,35 Boulevard Bernoussi,Tanger,90053.0,Y,5,Y,Own
286,A00007633,Ahmed Jamal,F219983,25,Bachelor,44 Avenue Al Houda,Oujda,60010.0,Y,4,Y,Mortgage
287,A00003395,Meryem Fakhir,X894349,52,Bachelor,29 Residence Mohammed V,MideltDakhla,,Y,3,Y,Rent
288,A00008184,Khaoula Bennani,M996240,54,Bachelor,13 Boulevard Centrale,El Jadida,24010.0,N,2,Y,Mortgage
289,A00005321,Hamza Tazi,X422095,60,Bachelor,37 Hay Zerktouni,Ben Taieb,,Y,3,Y,Rent
290,A00004662,Kaoutar Radi,X528599,36,Bachelor,24 Rue Al Massira,Ain Taoujdate,,N,3,Y,Mortgage
291,A00008498,Mohammed Amine Kibala,L639920,36,High School,47 Rue Mohammed V,Tetouan,93000.0,Y,5,Y,Mortgage
292,A00007785,Hajar El Idrissi,AB496503,36,PhD,28 Residence Bernoussi,Sale,11000.0,Y,2,Y,Rent
293,A00005768,Aya Ouazzani,G361914,44,Masters,15 Residence Zerktouni,Kenitra,14110.0,Y,5,N,Mortgage
294,A00004423,Yahya Mansar,X560092,64,High School,5 Boulevard Zerktouni,Asni,,Y,7,Y,Mortgage
295,A00005109,Youssef Fadili,CC455241,43,MD,23 Lotissement El Fadl,Fes,30000.0,Y,3,Y,Own
296,A00006321,Youssef Bate,W983682,61,High School,31 Residence Al Qods,Settat,26000.0,Y,4,Y,Rent
297,A00007548,Kaoutar El Yousfi,DN663418,51,Bachelor,30 Rue Hlioua,Meknes,50010.0,Y,4,Y,Mortgage
298,A00007255,Hassan Radi,X540638,51,Bachelor,11 Boulevard El Fadl,Bouznika,,Y,6,N,Rent
299,A00004346,Salma Metouali,N214431,59,College,7 Boulevard Salam,Essaouira,44000.0,N,6,Y,Mortgage
300,A00007689,Othmane Fakhir,X266961,62,PhD,33 Boulevard Al Houda,Ouezzane,,Y,6,Y,Own
301,A00006433,Meryem Eddoughmi,DA871281,43,High School,20 Lotissement Bernoussi,Azrou,53100.0,Y,3,Y,Own
302,A00004452,Khadija Fakhir,EE407325,31,High School,23 Residence Salam,Marrakech,40000.0,Y,2,Y,Rent
303,A00000358,Jamila Salhi,X878741,62,High School,34 Hay Al Massira,El Borouj,,Y,7,Y,Own
304,A00006175,Kaoutar Alaoui,CC515651,30,Masters,41 Residence Mohammed V,Fes,30000.0,Y,7,Y,Own
305,A00005032,Jamila Skalli,BJ619772,28,Bachelor,42 Boulevard Centrale,Casablanca,20220.0,Y,7,N,Own
306,A00001617,Youssef Lahlou,L388584,37,Bachelor,13 Residence Centrale,Tetouan,93000.0,Y,6,Y,Own
307,A00009631,Zineb El Fassi,DN307923,37,Bachelor,14 Boulevard Mohammed V,Meknes,50010.0,Y,5,Y,Own
308,A00000282,Rachida Banoune,M345264,54,High School,42 Avenue Mohammed V,El Jadida,24010.0,N,5,N,Rent
309,A00009043,Hiba Bate,L481193,28,High School,42 Hay Al Houda,Tetouan,93000.0,Y,7,Y,Own
310,A00006472,Meryem Oufkir,X246583,36,Bachelor,42 Avenue Mohammed V,Khourubga,25000.0,N,2,Y,Rent
311,A00000530,Jamila Skalli,BJ103443,39,High School,9 Avenue Al Houda,Casablanca,20220.0,Y,6,Y,Rent
312,A00003041,Fatima Metouali,JK258853,46,College,21 Avenue Salam,Agadir,80000.0,Y,3,Y,Own
313,A00000557,Youssef Amine,AB760874,59,High School,31 Avenue Centrale,Sale,11000.0,N,6,Y,Rent
314,A00006886,Khadija Eddoughmi,CC476625,38,PhD,10 Hay Bernoussi,Fes,30000.0,Y,5,Y,Own
315,A00002050,Kawtar Amrani,CC988479,41,High School,18 Lotissement Bernoussi,Fes,30000.0,Y,6,N,Own
316,A00001251,Hajar Barghoud,X779616,42,Bachelor,42 Boulevard Hassan II,Ain Cheggag,,Y,7,Y,Mortgage
317,A00004584,Hassan Salhi,AG854653,50,MD,19 Avenue Mohammed V,Rabat,11025.0,Y,4,Y,Own
318,A00009111,Aya Mansour,X450694,38,College,10 Avenue Al Houda,Fam El Hisn,,Y,6,N,Own
319,A00005461,Zineb Tazi,BJ666912,62,Masters,17 Rue Centrale,Casablanca,20220.0,Y,3,N,Mortgage
320,A00002955,Zineb Berrada,DN622245,46,Bachelor,33 Boulevard Al Massira,Meknes,50010.0,N,4,Y,Mortgage
321,A00001742,Amine El Fassi,X891020,61,High School,1 Lotissement Hassan II,Sidi Taibi,,N,5,Y,Rent
322,A00000952,Aziza Mansour,KB565594,57,Bachelor,16 Boulevard Hassan II,Tanger,90053.0,Y,7,Y,Own
323,A00002637,Hajar Jamal,X827198,56,PhD,6 Lotissement Hassan II,Ksar El Kebir,,Y,6,Y,Own
324,A00007698,Meryem El Idrissi,JK480631,51,Bachelor,10 Avenue Al Houda,Agadir,80000.0,Y,2,Y,Mortgage
325,A00004621,Youssef Berrada,KB671493,55,MD,39 Lotissement Salam,Tanger,90053.0,N,4,Y,Own
326,A00003346,Malak El Yousfi,AG115368,44,College,25 Hay Centrale,Rabat,11025.0,Y,7,Y,Own
327,A00000444,Aya Berrada,EE894683,26,Bachelor,47 Rue Centrale,Marrakech,40000.0,Y,5,Y,Rent
328,A00009658,Kawtar Bate,X166677,60,College,6 Lotissement Hassan II,Ksar El Kebir,,Y,6,Y,Own
329,A00006222,Ahmed Bate,AG642156,31,Bachelor,34 Hay Al Houda,Rabat,11025.0,N,7,Y,Rent
330,A00008673,Hiba Mansour,X373214,57,MD,21 Residence Centrale,Zaouiat Cheikh,,Y,7,Y,Mortgage
331,A00003179,Khadija Benali,KB473971,61,Bachelor,39 Rue Al Houda,Tanger,90053.0,N,2,Y,Mortgage
332,A00001907,Hajar Bate,G632763,41,Bachelor,21 Lotissement Al Houda,Kenitra,14110.0,Y,4,Y,Mortgage
333,A00007937,Rachida Bate,G257318,51,College,43 Avenue Zerktouni,Kenitra,14110.0,Y,3,Y,Rent
334,A00000439,Othmane Bennani,G662007,62,Bachelor,24 Hay Al Houda,Kenitra,14110.0,N,2,Y,Rent
335,A00002730,Hamza Tahiri,F835672,33,Bachelor,35 Hay Centrale,Oujda,60010.0,Y,5,Y,Rent
336,A00007208,Hamza El Yousfi,L323431,64,High School,2 Rue Centrale,Tetouan,93000.0,Y,6,Y,Mortgage
337,A00003231,Aya Kibala,JK545310,42,Bachelor,14 Lotissement El Fadl,Agadir,80000.0,Y,2,N,Own
338,A00008540,Yahya Kibala,X378587,63,Bachelor,21 Residence El Fadl,Boughriba,,Y,6,Y,Mortgage
339,A00006198,Hajar Mansar,AG794504,52,Masters,47 Hay Hassan II,Rabat,11025.0,Y,7,Y,Mortgage
340,A00004574,Noha Farissi,CC637385,52,MD,6 Residence Al Qods,Fes,30000.0,N,2,Y,Rent
341,A00009166,Meryem El Yousfi,BJ289394,44,Masters,45 Boulevard Hlioua,Casablanca,20220.0,Y,5,Y,Rent
342,A00002041,Omar Bate,KB215819,50,Masters,24 Lotissement Hlioua,Tanger,90053.0,Y,3,Y,Mortgage
343,A00009918,Othmane Kibala,WA101365,63,,23 Lotissement Al Qods,Berrechid,26100.0,Y,7,Y,Own
344,A00002725,Mohamed Tahiri,DN654500,53,Bachelor,5 Avenue Zerktouni,Meknes,50010.0,Y,7,Y,Mortgage
345,A00007981,Noha Benchikh,AB524529,36,Bachelor,38 Avenue Al Houda,Sale,11000.0,Y,5,Y,Rent
346,A00005141,Kawtar Amrani,AB906684,37,Bachelor,7 Boulevard Salam,Sale,11000.0,Y,6,Y,Rent
347,A00004408,Othmane El Yousfi,JK268240,57,MD,8 Boulevard Zerktouni,Agadir,80000.0,Y,6,Y,Own
348,A00002084,Amine Dadi,X156258,50,College,48 Hay Zerktouni,Tissa,,Y,6,Y,Rent
349,A00008408,Kawtar Skalli,AB464677,25,High School,31 Boulevard Hassan II,Sale,11000.0,N,3,Y,Rent
350,A00006343,Omar Metouali,EE295143,64,MD,6 Rue Al Qods,Marrakech,40000.0,Y,5,Y,Rent
351,A00001157,Youssef Jamal,KB976976,28,Bachelor,11 Boulevard Hlioua,Tanger,90053.0,N,2,Y,Mortgage
352,A00009612,Yahya Jamal,EE408505,52,College,30 Residence Al Houda,Marrakech,40000.0,N,2,Y,Mortgage
353,A00003521,Amine Metouali,AG859647,44,,33 Hay Bernoussi,Rabat,11025.0,N,5,Y,Mortgage
354,A00001937,Zineb Tahiri,AB175042,55,Masters,26 Hay Bernoussi,Sale,11000.0,N,6,Y,Mortgage
355,A00006480,Zineb Amine,AB654428,28,MD,32 Hay Hlioua,Sale,11000.0,Y,7,Y,Mortgage
356,A00003794,Kawtar Oufkir,N167345,39,College,37 Lotissement Al Massira,Essaouira,44000.0,Y,3,N,Rent
357,A00007745,Rania Oufkir,X850396,45,High School,1 Avenue Salam,Souani,,Y,7,Y,Mortgage
358,A00003819,Kaoutar Alaoui,JE617078,40,High School,34 Avenue Hlioua,Tiznit,85000.0,N,4,Y,Own
359,A00002171,Amine Bachri,JA720963,29,Masters,39 Boulevard Centrale,Guelmim,81000.0,Y,3,Y,Rent
360,A00008500,Rachida Farissi,CC277055,42,Masters,44 Lotissement Zerktouni,Fes,30000.0,N,2,Y,Own
361,A00009345,Khaoula Amine,JK510021,27,Bachelor,2 Lotissement Zerktouni,Agadir,80000.0,Y,7,Y,Own
362,A00000361,Aziza Barghoud,JK781103,47,Masters,9 Lotissement El Fadl,Agadir,80000.0,Y,6,Y,Mortgage
363,A00006836,Adam Tazi,N262247,30,High School,11 Hay Mohammed V,Essaouira,44000.0,N,2,Y,Rent
364,A00000946,Adam Bachri,DN162860,55,MD,35 Lotissement Mohammed V,Meknes,50010.0,Y,2,Y,Mortgage
365,A00005678,Youssef Amine,BJ656932,28,Bachelor,5 Residence Mohammed V,Casablanca,20220.0,Y,5,Y,Own
366,A00000595,Fatima Ezzahra  Eddoughmi,EE482129,61,Masters,2 Boulevard Bernoussi,Marrakech,40000.0,N,2,Y,Mortgage
367,A00002295,Zineb Bachri,AG792784,49,Masters,41 Rue Hlioua,Rabat,11025.0,N,3,Y,Own
368,A00001491,Noha Benali,KB651465,32,High School,38 Avenue Al Houda,Tanger,90053.0,Y,7,Y,Own
369,A00001993,Zineb Eddoughmi,X161029,47,Masters,15 Hay Bernoussi,Dar Gueddari,,Y,4,Y,Own
370,A00008645,Othmane Benali,DN702652,51,Bachelor,16 Rue El Fadl,Meknes,50010.0,N,4,Y,Own
371,A00008129,Mohammed Amine Mansar,G924392,59,High School,49 Rue Hlioua,Kenitra,14110.0,Y,5,Y,Rent
372,A00009901,Adam Tazi,X226344,28,Bachelor,42 Boulevard Bernoussi,Sidi Yahya Zaer,,Y,3,Y,Rent
373,A00001872,Yahya Radi,FA969971,49,Bachelor,37 Hay Al Massira,Berkane,60300.0,Y,4,Y,Rent
374,A00002669,Youssef El Idrissi,AG200680,41,Bachelor,33 Hay Bernoussi,Rabat,11025.0,N,4,Y,Rent
375,A00009611,Hassan Salhi,BJ640653,40,Bachelor,18 Boulevard Al Houda,Casablanca,20220.0,Y,4,Y,Mortgage
376,A00004912,Salma Banoune,DN476010,47,Bachelor,39 Lotissement Al Houda,Meknes,50010.0,N,3,Y,Own
377,A00002958,Malak Banoune,AG480402,52,,38 Avenue Centrale,Rabat,11025.0,Y,7,Y,Mortgage
378,A00006631,Khadija Mansar,CC350754,60,Bachelor,7 Residence Al Qods,Fes,30000.0,Y,3,Y,Own
379,A00004502,Ahmed Tahiri,G598065,53,College,5 Boulevard Al Houda,Kenitra,14110.0,Y,2,Y,Rent
380,A00008948,Hassan El Yousfi,AB712568,35,Bachelor,12 Avenue Mohammed V,Sale,11000.0,Y,3,Y,Mortgage
381,A00001829,Omar Bennani,L958988,36,,33 Avenue El Fadl,Tetouan,93000.0,Y,6,Y,Own
382,A00007430,Yahya Bate,AB852581,46,High School,4 Residence El Fadl,Sale,11000.0,N,5,Y,Rent
383,A00001261,Fatima Ezzahra  Lahlou,X212783,47,High School,35 Boulevard Mohammed V,Aoulouz,,N,3,Y,Rent
384,A00005509,Amine El Yousfi,KB144383,36,Bachelor,31 Rue Zerktouni,Tanger,90053.0,Y,3,Y,Own
385,A00001558,Rania Fadili,KB415573,37,High School,48 Residence Al Massira,Tanger,90053.0,Y,4,Y,Mortgage
386,A00008409,Omar Oufkir,G828714,30,High School,37 Lotissement Bernoussi,Kenitra,14110.0,N,3,Y,Mortgage
387,A00008791,Taha Bate,L935951,37,,15 Boulevard El Fadl,Tetouan,93000.0,N,7,Y,Mortgage
388,A00001037,Zineb Tazi,X915040,60,Masters,32 Residence Hlioua,Boujniba,,Y,7,Y,Mortgage
389,A00005419,Rania Skalli,AG767693,28,High School,12 Lotissement El Fadl,Rabat,11025.0,Y,3,Y,Rent
390,A00007251,Amine Bachri,KB422905,52,Bachelor,44 Avenue Centrale,Tanger,90053.0,Y,6,Y,Own
391,A00004444,Omar Bate,X941006,62,College,36 Boulevard Hassan II,Haj Kaddour,,Y,6,Y,Rent
392,A00001464,Taha El Fassi,FA677833,48,Masters,28 Lotissement El Fadl,Berkane,60300.0,N,5,Y,Own
393,A00001168,Adam Mansour,L242641,58,High School,3 Avenue Al Massira,Tetouan,93000.0,N,5,Y,Mortgage
394,A00005513,Othmane Benchikh,KB842537,56,Bachelor,38 Hay Salam,Tanger,90053.0,Y,4,Y,Rent
395,A00004933,Khaoula Mansour,AB586590,57,,26 Hay Bernoussi,Sale,11000.0,N,6,Y,Mortgage
396,A00001361,Omar Ouazzani,Y374687,46,Bachelor,25 Residence Hlioua,El Kelaa des Sraghna,43000.0,Y,4,Y,Mortgage
397,A00002966,Meryem Radi,M976417,57,Bachelor,24 Residence Al Qods,El Jadida,24010.0,N,3,Y,Own
398,A00001589,Kawtar Berrada,L133079,55,High School,29 Rue Bernoussi,Tetouan,93000.0,Y,2,Y,Mortgage
399,A00007135,Fatima Ezzahra  Metouali,L842105,47,High School,25 Lotissement Salam,Tetouan,93000.0,Y,6,Y,Own
400,A00005826,Fatima Ezzahra  Jamal,N449225,31,,36 Boulevard Salam,Essaouira,44000.0,Y,3,Y,Rent
401,A00006409,Yahya Fadili,G318066,50,PhD,31 Lotissement Hlioua,Kenitra,14110.0,Y,7,Y,Mortgage
402,A00006341,Othmane Jamal,DN295522,59,Bachelor,14 Rue Zerktouni,Meknes,50010.0,Y,4,Y,Own
403,A00001262,Hiba Mansour,X930922,43,Bachelor,5 Residence Bernoussi,Taliouine,,Y,5,Y,Mortgage
404,A00007820,Kawtar Berrada,BJ434023,44,College,3 Boulevard Al Houda,Casablanca,20220.0,Y,6,Y,Mortgage
405,A00002331,Mohamed Amine,AB555194,58,Bachelor,49 Rue Hlioua,Sale,11000.0,N,3,Y,Own
406,A00000164,Rachida Oufkir,X971307,42,MD,8 Avenue El Fadl,Zaio,,Y,2,Y,Own
407,A00006258,Zineb Dadi,DN873543,30,Bachelor,19 Avenue Al Houda,Meknes,50010.0,Y,6,Y,Rent
408,A00002981,Rania Radi,X956465,55,High School,28 Hay Mohammed V,Karia,,N,2,Y,Mortgage
409,A00002416,Rania Tahiri,CC390345,52,Bachelor,47 Avenue El Fadl,Fes,30000.0,Y,5,Y,Own
410,A00008554,Salma Banoune,X337567,61,Bachelor,12 Residence Mohammed V,Kasba Tadla,,N,3,Y,Own
411,A00009324,Noha Lahlou,JA232333,40,High School,7 Residence Al Massira,Guelmim,81000.0,Y,7,Y,Own
412,A00000265,Salma Fadili,BJ834056,42,Bachelor,9 Residence Hlioua,Casablanca,20220.0,Y,6,N,Mortgage
413,A00003486,Youssef Benali,BJ474444,28,Bachelor,41 Hay Al Houda,Casablanca,20220.0,Y,7,Y,Rent
414,A00003620,Malak Skalli,X992974,54,High School,39 Hay Al Massira,Tounfite,,N,6,Y,Mortgage
415,A00006219,Amine Bate,F846091,47,Bachelor,4 Boulevard Hlioua,Oujda,60010.0,Y,2,Y,Rent
416,A00000862,Hamza Mansar,X241001,52,Bachelor,38 Boulevard Mohammed V,Youssoufia,,N,7,Y,Rent
417,A00005170,Rachida Kibala,P719581,44,,44 Avenue Zerktouni,Ouarzazate,45000.0,Y,2,Y,Mortgage
418,A00008325,Khaoula Alaoui,X660323,63,High School,3 Hay Bernoussi,Tazart,,Y,4,Y,Own
419,A00008078,Ahmed Radi,KB561934,33,Bachelor,48 Rue Al Qods,Tanger,90053.0,N,7,Y,Mortgage
420,A00000369,Rachida Moufkir ,AG744426,32,College,8 Rue Hlioua,Rabat,11025.0,Y,3,Y,Own
421,A00006036,Meryem El Idrissi,AB818362,54,High School,47 Residence Zerktouni,Sale,11000.0,Y,3,Y,Own
422,A00009813,Youssef Kibala,DN287033,56,Bachelor,40 Avenue Hassan II,Meknes,50010.0,Y,4,Y,Rent
423,A00002605,Malak Eddoughmi,CC720058,58,Bachelor,2 Avenue Centrale,Fes,30000.0,N,4,N,Rent
424,A00001501,Salma Fadili,AG816574,44,PhD,28 Residence Mohammed V,Rabat,11025.0,Y,7,Y,Own
425,A00009851,Salma El Fassi,AB861266,54,Bachelor,36 Boulevard Hlioua,Sale,11000.0,Y,2,Y,Own
426,A00005245,Rania Bennani,AB364802,53,High School,41 Residence Zerktouni,Sale,11000.0,Y,4,Y,Mortgage
427,A00007332,Noha Banoune,WA956984,59,College,35 Rue Hlioua,Berrechid,26100.0,N,7,Y,Rent
428,A00006969,Adam Fakhir,HH533580,33,Bachelor,20 Boulevard Zerktouni,Safi,46000.0,N,5,Y,Rent
429,A00002774,Youssef Alaoui,X774977,29,Bachelor,36 Lotissement El Fadl,Bouizakarne,,Y,4,Y,Mortgage
430,A00004658,Hajar Tahiri,GK383139,46,College,38 Avenue Salam,Sidi Kacem,16000.0,Y,6,Y,Rent
431,A00007883,Noha Benchikh,KB702163,55,High School,31 Lotissement Al Qods,Tanger,90053.0,N,3,Y,Rent
432,A00000764,Mohamed Moufkir ,AB264337,64,High School,7 Hay Centrale,Sale,11000.0,Y,5,Y,Own
433,A00004710,Rania Farissi,JK248986,32,College,29 Lotissement Centrale,Agadir,80000.0,Y,6,Y,Mortgage
434,A00000274,Yahya Metouali,HH221595,58,Bachelor,26 Lotissement Al Houda,Safi,46000.0,N,2,Y,Rent
435,A00009965,Omar Amine,EE655413,32,Bachelor,49 Residence Mohammed V,Marrakech,40000.0,Y,6,Y,Own
436,A00000716,Zineb Banoune,X583874,51,College,37 Avenue Hassan II,Oulmes,,Y,7,Y,Mortgage
437,A00007084,Amine Salhi,CB250533,62,Bachelor,39 Rue Mohammed V,Sefrou,31000.0,N,4,Y,Own
438,A00002883,Hiba Bachri,EE995248,41,Bachelor,24 Boulevard Mohammed V,Marrakech,40000.0,Y,3,Y,Mortgage
439,A00001963,Aya Tahiri,CC161800,27,College,29 Hay Al Houda,Fes,30000.0,Y,3,Y,Mortgage
440,A00009895,Mohammed Amine Amine,JK469287,54,Bachelor,8 Residence Al Houda,Agadir,80000.0,N,6,Y,Own
441,A00008860,Omar Banoune,EE178778,60,High School,45 Avenue El Fadl,Marrakech,40000.0,Y,2,Y,Mortgage
442,A00000160,Malak Jamal,X141013,54,Masters,15 Avenue Hassan II,MideltDakhla,,Y,3,Y,Mortgage
443,A00002407,Kawtar Tahiri,X370866,40,High School,20 Boulevard Al Massira,Matarka,,Y,6,Y,Rent
444,A00009114,Amine Skalli,BJ283424,48,Bachelor,34 Boulevard Salam,Casablanca,20220.0,Y,2,Y,Own
445,A00004624,Rania Ouazzani,AG224612,57,High School,31 Lotissement Mohammed V,Rabat,11025.0,Y,5,N,Mortgage
446,A00008629,Kaoutar Benali,G782450,57,,4 Avenue Al Houda,Kenitra,14110.0,Y,4,Y,Own
447,A00003725,Noha Fadili,X317118,33,Bachelor,28 Lotissement Hassan II,Ajdir,,N,6,Y,Own
448,A00002170,Yahya Fadili,X614278,45,High School,45 Boulevard Hlioua,Tinejdad,,Y,7,Y,Rent
449,A00004718,Fatima Amrani,G937545,34,PhD,45 Rue Mohammed V,Kenitra,14110.0,Y,7,Y,Own
450,A00009778,Hamza Moufkir ,X344379,36,Masters,40 Boulevard Mohammed V,Imouzzer Kandar,,Y,4,Y,Own
451,A00000545,Youssef Mansour,AG245811,35,Bachelor,1 Hay Centrale,Rabat,11025.0,N,2,Y,Own
452,A00005933,Amine Fakhir,G655629,33,High School,3 Boulevard Mohammed V,Kenitra,14110.0,Y,3,Y,Rent
453,A00004993,Khadija Berrada,HH300637,64,Bachelor,42 Hay Hassan II,Safi,46000.0,Y,4,Y,Mortgage
454,A00009586,Youssef Banoune,AB233829,61,Bachelor,45 Lotissement Centrale,Sale,11000.0,Y,7,Y,Rent
455,A00001467,Amine Dadi,KB134013,62,Bachelor,39 Rue Salam,Tanger,90053.0,Y,2,Y,Mortgage
456,A00002721,Zineb Amine,DN139848,51,Bachelor,17 Residence Mohammed V,Meknes,50010.0,Y,7,Y,Own
457,A00009630,Youssef Benali,KB652673,47,Bachelor,8 Avenue Salam,Tanger,90053.0,Y,5,Y,Own
458,A00006048,Khaoula Benchikh,KB497807,44,PhD,48 Lotissement El Fadl,Tanger,90053.0,Y,5,Y,Rent
459,A00005153,Mohammed Amine Berrada,L683293,40,High School,20 Residence Al Massira,Tetouan,93000.0,Y,3,Y,Rent
460,A00009624,Khaoula El Idrissi,JK293859,48,Bachelor,14 Lotissement El Fadl,Agadir,80000.0,N,2,Y,Mortgage
461,A00007248,Mohammed Amine Fadili,N760461,59,Bachelor,13 Lotissement Al Houda,Essaouira,44000.0,N,5,Y,Mortgage
462,A00007415,Mohamed El Fassi,AG283939,61,Bachelor,27 Avenue Hassan II,Rabat,11025.0,Y,2,Y,Own
463,A00009234,Omar Lahlou,CC671423,57,PhD,35 Lotissement El Fadl,Fes,30000.0,N,3,Y,Mortgage
464,A00008118,Ahmed Amrani,X534896,41,College,1 Boulevard Hlioua,Oukaimeden,,Y,6,N,Own
465,A00002568,Fatima Radi,HH878692,50,High School,26 Lotissement Al Houda,Safi,46000.0,Y,6,Y,Mortgage
466,A00003475,Kaoutar Moufkir ,AG536832,39,Bachelor,13 Boulevard Al Houda,Rabat,11025.0,N,7,Y,Mortgage
467,A00008191,Aya Radi,CC976143,45,MD,33 Avenue Al Houda,Fes,30000.0,Y,3,Y,Own
468,A00008983,Noha Fakhir,EE356813,59,Bachelor,2 Boulevard Bernoussi,Marrakech,40000.0,Y,2,Y,Rent
469,A00006037,Rachida Amine,X901842,63,High School,1 Residence Zerktouni,Oulad Boumia,,Y,3,Y,Rent
470,A00007435,Omar Eddoughmi,L149113,29,High School,31 Hay Al Massira,Tetouan,93000.0,N,7,Y,Mortgage
471,A00001023,Mohamed Oufkir,EE260755,63,Bachelor,12 Lotissement Al Qods,Marrakech,40000.0,Y,4,Y,Rent
472,A00004706,Fatima Ezzahra  Barghoud,BJ802078,63,Masters,17 Boulevard Mohammed V,Casablanca,20220.0,Y,6,Y,Mortgage
473,A00009418,Omar Lahlou,X916126,44,PhD,38 Boulevard Hassan II,Azilal,,Y,5,Y,Rent
474,A00004268,Noha Radi,DN664518,50,Bachelor,20 Avenue Al Houda,Meknes,50010.0,Y,4,Y,Mortgage
475,A00007778,Mohamed Dadi,L908839,35,High School,2 Rue Centrale,Tetouan,93000.0,N,2,N,Mortgage
476,A00002528,Hiba Fadili,JK600154,57,Masters,16 Hay Hassan II,Agadir,80000.0,Y,5,Y,Mortgage
477,A00001799,Youssef Oufkir,X313123,61,MD,32 Rue Salam,Sidi Slimane,,Y,7,Y,Rent
478,A00003263,Meryem Tazi,G224553,45,Bachelor,3 Hay Centrale,Kenitra,14110.0,Y,7,Y,Rent
479,A00009940,Youssef Eddoughmi,X912270,39,High School,13 Rue Hassan II,West Tisbury,,N,7,Y,Rent
480,A00000323,Noha Fadili,N545457,34,Bachelor,19 Rue Zerktouni,Essaouira,44000.0,Y,3,Y,Mortgage
481,A00005845,Noha Mansar,X230933,40,Bachelor,18 Hay Hlioua,Sebt El Guerdane,,N,4,Y,Mortgage
482,A00009858,Youssef Benchikh,X229956,62,PhD,41 Lotissement Zerktouni,MideltDakhla,,Y,5,Y,Mortgage
483,A00001026,Youssef Mansour,X587183,38,Bachelor,38 Hay Zerktouni,Sidi Rahal Chatai,,Y,7,Y,Own
484,A00003117,Mohamed Mansar,X951089,54,College,45 Lotissement Centrale,Asilah,,Y,7,Y,Own
485,A00008201,Taha Farissi,P699542,26,Bachelor,23 Lotissement Al Qods,Ouarzazate,45000.0,N,2,Y,Own
486,A00003747,Taha Ouazzani,KB184004,55,High School,31 Hay Salam,Tanger,90053.0,Y,7,Y,Mortgage
487,A00004469,Hamza Fakhir,ZG498451,59,Bachelor,25 Boulevard Hassan II,Guercif,37000.0,Y,3,Y,Rent
488,A00000666,Zineb Skalli,W186922,37,College,43 Residence Al Massira,Settat,26000.0,Y,2,Y,Mortgage
489,A00007897,Aziza Dadi,X397388,38,Bachelor,36 Residence Hassan II,Zeghanghane,,N,4,Y,Own
490,A00000004,Mohammed Amine Bachri,EE860416,34,Bachelor,4 Residence Bernoussi,Marrakech,40000.0,N,5,Y,Rent
491,A00003942,Adam Amrani,L892211,60,,28 Lotissement Mohammed V,Tetouan,93000.0,N,3,Y,Mortgage
492,A00005590,Meryem Amine,KB135943,43,Bachelor,8 Avenue Salam,Tanger,90053.0,Y,4,Y,Own
493,A00005427,Youssef Metouali,VA756865,40,Masters,12 Avenue Hlioua,Midelt,54350.0,Y,7,Y,Own
494,A00004647,Zineb Amine,G140678,60,Bachelor,38 Residence Hassan II,Kenitra,14110.0,Y,4,Y,Rent
495,A00007779,Kaoutar Fakhir,AB659442,30,PhD,31 Residence Bernoussi,Sale,11000.0,Y,5,Y,Rent
496,A00009560,Omar Tazi,G491759,30,Bachelor,46 Lotissement Salam,Kenitra,14110.0,Y,5,Y,Mortgage
497,A00001456,Meryem Fakhir,G405213,63,Masters,35 Lotissement Al Houda,Kenitra,14110.0,N,2,Y,Mortgage
498,A00006331,Kaoutar Tahiri,AG586532,57,Bachelor,9 Boulevard Al Houda,Rabat,11025.0,Y,3,Y,Rent
499,A00007070,Rania Bate,AB417280,58,Masters,7 Boulevard Salam,Sale,11000.0,Y,5,Y,Rent
500,A00009449,Rania Oufkir,CC215260,49,College,21 Hay Al Massira,Fes,30000.0,Y,2,Y,Own
501,A00008480,Omar Benali,EE157961,64,Bachelor,31 Boulevard Zerktouni,Marrakech,40000.0,Y,6,Y,Mortgage
502,A00002427,Omar Salhi,N874951,64,College,34 Boulevard Al Houda,Essaouira,44000.0,Y,4,Y,Own
503,A00008320,Jamila Amine,L412657,53,College,28 Lotissement Al Qods,Tetouan,93000.0,Y,4,Y,Rent
504,A00004873,Omar Metouali,WA799538,46,Bachelor,43 Hay Zerktouni,Berrechid,26100.0,Y,2,Y,Rent
505,A00002227,Meryem Metouali,Y102492,56,College,33 Hay Hassan II,El Kelaa des Sraghna,43000.0,Y,2,Y,Rent
506,A00001179,Zineb Oufkir,X980851,62,College,49 Hay Hassan II,Taghazout,,Y,5,Y,Own
507,A00004169,Khadija Tazi,AG847053,39,Bachelor,14 Boulevard Al Qods,Rabat,11025.0,Y,6,N,Mortgage
508,A00006320,Yahya Alaoui,X888784,53,PhD,30 Lotissement Zerktouni,Bradia,,Y,6,Y,Own
509,A00000255,Khadija Tazi,JA631815,53,PhD,27 Hay Hassan II,Guelmim,81000.0,Y,6,Y,Rent
510,A00008256,Omar Metouali,X704145,58,MD,47 Rue El Fadl,Foum Jamaa,,Y,6,Y,Rent
511,A00008672,Aziza Eddoughmi,X610066,26,Bachelor,1 Lotissement Bernoussi,Ait Daoud,,Y,7,Y,Rent
512,A00007970,Malak Barghoud,X486031,47,Bachelor,20 Rue Al Massira,Khourubga,25000.0,N,6,Y,Mortgage
513,A00005274,Kaoutar Benchikh,M100278,36,Bachelor,21 Residence Hlioua,El Jadida,24010.0,Y,3,Y,Rent
514,A00001897,Hiba Bennani,AG880812,44,Masters,37 Rue Al Qods,Rabat,11025.0,Y,7,Y,Mortgage
515,A00000122,Adam Jamal,X140051,25,High School,23 Rue Salam,Zagora,,Y,6,Y,Mortgage
516,A00001307,Aya Salhi,Y655043,47,Bachelor,45 Residence Hassan II,El Kelaa des Sraghna,43000.0,Y,3,Y,Rent
517,A00004338,Fatima Ezzahra  Alaoui,FB636879,44,PhD,35 Hay Zerktouni,Taourirt,65000.0,Y,3,Y,Rent
518,A00003189,Amine Kibala,G902729,38,Masters,10 Lotissement Zerktouni,Kenitra,14110.0,Y,4,Y,Rent
519,A00004242,Youssef El Idrissi,HH536163,51,Bachelor,38 Avenue Al Houda,Safi,46000.0,Y,4,Y,Rent
520,A00005046,Hamza Ouazzani,W927631,62,,13 Rue El Fadl,Settat,26000.0,Y,2,Y,Rent
521,A00009349,Fatima Bennani,X100632,55,High School,16 Lotissement Al Massira,Zaida,,N,7,N,Own
522,A00004189,Amine Amine,X698194,43,Bachelor,2 Hay Hlioua,Nzalat,,Y,7,Y,Own
523,A00006851,Rania Oufkir,EE206211,44,High School,2 Residence Mohammed V,Marrakech,40000.0,N,7,Y,Mortgage
524,A00000505,Yahya Lahlou,X591975,53,High School,48 Hay Al Houda,Ait Ourir,,Y,7,Y,Mortgage
525,A00007123,Khaoula Tahiri,F742278,56,Bachelor,22 Boulevard Zerktouni,Oujda,60010.0,N,5,Y,Mortgage
526,A00005803,Othmane Mansour,X465172,64,Bachelor,15 Residence Al Qods,Khenichet,,Y,2,Y,Own
527,A00004135,Mohammed Amine Bennani,X641141,64,High School,14 Hay El Fadl,Tafraout,,N,6,Y,Mortgage
528,A00000886,Omar Fakhir,X655147,60,Bachelor,14 Lotissement El Fadl,Oulad Ayad,,Y,3,Y,Rent
529,A00009549,Fatima Lahlou,DN171460,32,Bachelor,5 Hay Bernoussi,Meknes,50010.0,Y,7,Y,Rent
530,A00000940,Hassan Berrada,AB788297,50,Bachelor,21 Rue Bernoussi,Sale,11000.0,Y,5,Y,Mortgage
531,A00003104,Mohammed Amine Salhi,L782015,28,MD,31 Avenue Zerktouni,Tetouan,93000.0,N,4,N,Mortgage
532,A00006395,Noha Eddoughmi,L354322,43,Bachelor,19 Residence Zerktouni,Tetouan,93000.0,N,7,N,Mortgage
533,A00008243,Omar Berrada,X372193,29,Bachelor,29 Hay Centrale,Golden,,Y,2,Y,Own
534,A00007018,Kawtar Mansour,JK371414,62,Bachelor,9 Lotissement El Fadl,Agadir,80000.0,Y,4,Y,Mortgage
535,A00009787,Omar Jamal,AB276733,42,College,39 Hay Al Houda,Sale,11000.0,Y,5,Y,Rent
536,A00000050,Aziza Mansar,L682184,37,Masters,28 Avenue Al Houda,Tetouan,93000.0,Y,2,Y,Mortgage
537,A00001871,Ahmed Mansour,JA325755,52,Bachelor,16 Hay Zerktouni,Guelmim,81000.0,Y,4,Y,Mortgage
538,A00008568,Hassan Amine,L362954,32,Bachelor,24 Lotissement Salam,Tetouan,93000.0,Y,2,Y,Own
539,A00009204,Rachida El Fassi,X543066,50,Bachelor,16 Boulevard Centrale,Ouzoud,,N,4,Y,Rent
540,A00007209,Salma Bennani,X359143,64,Bachelor,16 Boulevard Centrale,Ouzoud,,Y,7,Y,Own
541,A00007419,Aziza Dadi,AB686226,41,High School,4 Residence El Fadl,Sale,11000.0,N,2,Y,Rent
542,A00006371,Hajar Fadili,CC525942,46,Bachelor,27 Rue Centrale,Fes,30000.0,Y,2,Y,Mortgage
543,A00000921,Amine Metouali,L372759,50,Bachelor,14 Lotissement Mohammed V,Tetouan,93000.0,Y,6,Y,Own
544,A00004684,Rania Dadi,X986377,56,High School,17 Boulevard Centrale,Abadou,,N,5,Y,Rent
545,A00009181,Kawtar Salhi,DN235945,39,Bachelor,39 Residence Bernoussi,Meknes,50010.0,Y,3,Y,Own
546,A00003350,Othmane Ouazzani,DN226245,57,MD,33 Residence Salam,Meknes,50010.0,Y,5,N,Own
547,A00002338,Mohamed Barghoud,X450118,35,Bachelor,16 Boulevard Hlioua,Ouezzane,,Y,5,Y,Rent
548,A00004399,Salma Benchikh,X118030,48,College,10 Avenue Al Massira,Ouirgane,,Y,5,Y,Mortgage
549,A00001863,Rania Benali,X248111,36,MD,19 Rue Bernoussi,Ras El Ma,,Y,2,Y,Own
550,A00003075,Malak Banoune,AB445426,36,,31 Lotissement Salam,Sale,11000.0,Y,4,Y,Mortgage
551,A00000163,Amine Fakhir,JE998356,52,,34 Avenue Hlioua,Tiznit,85000.0,Y,3,Y,Mortgage
552,A00003880,Youssef Dadi,G517691,43,Masters,19 Avenue Centrale,Kenitra,14110.0,N,6,Y,Rent
553,A00006232,Mohammed Amine Benali,X731662,60,College,21 Residence Al Massira,Goulmima,,Y,2,Y,Own
554,A00002522,Aya Barghoud,CC764860,40,High School,36 Lotissement Hassan II,Fes,30000.0,Y,6,Y,Mortgage
555,A00000337,Rania Benali,X559651,50,Bachelor,34 Residence Al Houda,Benslimane,,Y,3,Y,Own
556,A00003125,Zineb Mansour,X111200,54,Bachelor,22 Lotissement Centrale,El Hajeb,,N,4,Y,Mortgage
557,A00009365,Youssef Bate,X650510,59,High School,40 Boulevard Mohammed V,Imouzzer Kandar,,Y,3,Y,Rent
558,A00007922,Yahya Benali,AG674993,39,High School,7 Residence Mohammed V,Rabat,11025.0,N,3,Y,Rent
559,A00006297,Kawtar Berrada,G717403,36,,8 Rue El Fadl,Kenitra,14110.0,Y,4,Y,Rent
560,A00003322,Ahmed Amine,BJ817991,50,Masters,7 Avenue Bernoussi,Casablanca,20220.0,N,6,Y,Own
561,A00000438,Othmane Skalli,L880640,28,High School,28 Lotissement Mohammed V,Tetouan,93000.0,Y,6,Y,Own
562,A00009366,Ahmed Kibala,X736070,56,Bachelor,44 Boulevard Bernoussi,Ouezzane,,N,7,Y,Rent
563,A00005870,Hassan El Fassi,JK986409,31,Bachelor,30 Residence Al Massira,Agadir,80000.0,N,6,Y,Rent
564,A00007714,Omar Dadi,QA879475,49,Bachelor,42 Residence Bernoussi,Oued Zem,25200.0,N,6,Y,Mortgage
565,A00006941,Rania Alaoui,KB601804,48,Bachelor,15 Lotissement Al Houda,Tanger,90053.0,Y,2,Y,Mortgage
566,A00009627,Mohamed Moufkir ,AG870184,49,Bachelor,12 Lotissement El Fadl,Rabat,11025.0,Y,7,Y,Rent
567,A00002301,Hamza Dadi,G924087,60,Bachelor,21 Lotissement Al Houda,Kenitra,14110.0,Y,4,Y,Own
568,A00008726,Amine Berrada,CC791504,33,Bachelor,41 Boulevard Hassan II,Fes,30000.0,Y,2,Y,Rent
569,A00007489,Rania Bennani,AB678537,61,Bachelor,4 Boulevard Zerktouni,Sale,11000.0,Y,5,Y,Rent
570,A00000796,Hamza Banoune,KB448547,32,Bachelor,44 Avenue Centrale,Tanger,90053.0,N,6,Y,Own
571,A00003279,Yahya Radi,X327850,55,,16 Rue El Fadl,Smimou,,N,6,Y,Rent
572,A00008714,Rania Berrada,AG277409,37,College,26 Residence Bernoussi,Rabat,11025.0,N,6,Y,Own
573,A00009340,Rania El Idrissi,CC316752,26,High School,11 Avenue Mohammed V,Fes,30000.0,Y,2,Y,Mortgage
574,A00001684,Ahmed Fakhir,X446247,56,Bachelor,26 Lotissement Al Qods,Driouch,,Y,6,Y,Rent
575,A00005229,Yahya Ouazzani,N965026,45,,39 Rue Bernoussi,Essaouira,44000.0,Y,5,Y,Rent
576,A00002216,Khaoula Radi,HH791851,27,Masters,6 Avenue Al Houda,Safi,46000.0,Y,2,Y,Mortgage
577,A00000228,Fatima Banoune,DN319328,53,College,36 Residence Al Qods,Meknes,50010.0,Y,4,Y,Rent
578,A00003684,Ahmed Skalli,CC154277,32,Bachelor,12 Avenue Mohammed V,Fes,30000.0,N,4,Y,Mortgage
579,A00008847,Rania Radi,JK493019,42,Bachelor,6 Boulevard El Fadl,Agadir,80000.0,N,7,Y,Own
580,A00004778,Taha Bate,X241148,36,Bachelor,29 Boulevard Al Houda,Azilal,,Y,4,Y,Rent
581,A00000146,Ahmed Fadili,G697610,30,Bachelor,40 Hay Bernoussi,Kenitra,14110.0,N,4,Y,Rent
582,A00006136,Kaoutar El Fassi,X398679,29,Bachelor,26 Residence Mohammed V,Ras El Ma,,Y,7,N,Mortgage
583,A00008276,Hassan Fadili,AG424721,25,High School,1 Rue Al Qods,Rabat,11025.0,Y,6,Y,Rent
584,A00001493,Ahmed Moufkir ,AG150928,60,Masters,8 Lotissement Hassan II,Rabat,11025.0,Y,3,Y,Rent
585,A00009678,Omar Bate,KB486387,58,Bachelor,44 Boulevard Al Massira,Tanger,90053.0,Y,7,Y,Rent
586,A00002335,Omar Barghoud,BJ328856,43,Bachelor,42 Lotissement Al Qods,Casablanca,20220.0,Y,5,Y,Rent
587,A00001113,Youssef Berrada,R288721,46,Bachelor,23 Rue Al Houda,El Hoceima,32000.0,N,2,Y,Rent
588,A00001733,Youssef Amrani,VA669031,34,High School,5 Lotissement Salam,Midelt,54350.0,Y,2,Y,Rent
589,A00006309,Hassan Mansar,JK412850,29,College,24 Rue Salam,Agadir,80000.0,N,6,N,Mortgage
590,A00004833,Zineb El Idrissi,CC504230,55,Bachelor,29 Lotissement Hassan II,Fes,30000.0,N,3,N,Mortgage
591,A00003160,Aya El Idrissi,AB795721,26,Bachelor,2 Hay Zerktouni,Sale,11000.0,Y,7,Y,Mortgage
592,A00005289,Noha El Idrissi,AB200780,57,Masters,11 Hay Mohammed V,Sale,11000.0,Y,7,Y,Mortgage
593,A00009467,Jamila Mansar,AG457661,46,High School,22 Lotissement Mohammed V,Rabat,11025.0,N,7,Y,Rent
594,A00008552,Hamza Banoune,X137793,61,College,35 Boulevard Hassan II,Aourir,,Y,6,Y,Own
595,A00004517,Zineb Metouali,AB923481,53,High School,36 Lotissement Mohammed V,Sale,11000.0,N,6,Y,Own
596,A00007864,Hamza Salhi,CB258326,52,Bachelor,22 Avenue Hassan II,Sefrou,31000.0,Y,7,Y,Mortgage
597,A00006854,Jamila Amine,I636791,62,MD,4 Rue Mohammed V,Beni Mellal,23000.0,N,6,Y,Own
598,A00009277,Yahya Jamal,T898426,45,Bachelor,49 Residence Mohammed V,Mohammedia,28810.0,N,5,Y,Own
599,A00001115,Mohamed Barghoud,X328914,55,High School,21 Residence El Fadl,Boughriba,,Y,5,Y,Own
600,A00005998,Othmane Amine,X597228,29,Bachelor,7 Boulevard Bernoussi,Ain Dfali,,Y,3,N,Mortgage
601,A00004454,Othmane Metouali,X806424,47,High School,33 Lotissement Centrale,Assa,,N,6,N,Own
602,A00008870,Rachida Benchikh,AB241020,57,Masters,9 Residence Mohammed V,Sale,11000.0,N,5,N,Mortgage
603,A00007259,Yahya Jamal,X577273,63,Bachelor,20 Rue Al Massira,Khourubga,25000.0,N,3,Y,Mortgage
604,A00008626,Hiba Kibala,L634595,27,Masters,45 Residence Hlioua,Tetouan,93000.0,N,5,Y,Rent
605,A00009352,Fatima Radi,SA942143,54,Bachelor,8 Boulevard Al Massira,Nador,62000.0,Y,4,N,Own
606,A00008239,Adam Dadi,G276647,57,Bachelor,16 Boulevard Al Massira,Kenitra,14110.0,Y,4,Y,Mortgage
607,A00001945,Zineb Bachri,JK793959,45,,29 Avenue Hassan II,Agadir,80000.0,Y,7,N,Mortgage
608,A00000852,Khadija Benchikh,X473556,61,Bachelor,43 Boulevard Centrale,Oulmes,,Y,3,Y,Own
609,A00000314,Aya Fadili,DN229620,49,College,10 Boulevard Salam,Meknes,50010.0,N,5,Y,Rent
610,A00002487,Malak Oufkir,X554822,28,Bachelor,4 Hay Bernoussi,Imi n'Tanoute,,Y,3,Y,Rent
611,A00005284,Aziza Barghoud,EA248870,55,Bachelor,21 Boulevard Centrale,Ben Guerir,43150.0,Y,5,Y,Rent
612,A00001783,Hajar Fadili,JE162934,39,Bachelor,38 Rue Al Houda,Tiznit,85000.0,Y,4,Y,Own
613,A00006080,Hiba El Fassi,DA769933,51,Bachelor,36 Lotissement Centrale,Azrou,53100.0,Y,7,Y,Mortgage
614,A00000334,Hajar Amrani,AG800841,39,,37 Lotissement Bernoussi,Rabat,11025.0,N,4,Y,Own
615,A00001062,Salma Skalli,AB231851,30,College,40 Avenue Al Massira,Sale,11000.0,Y,3,Y,Own
616,A00000330,Hajar Jamal,X251940,41,High School,34 Hay Bernoussi,Khourubga,25000.0,Y,4,Y,Mortgage
617,A00007239,Hajar Mansour,DN542970,47,Bachelor,11 Avenue Al Qods,Meknes,50010.0,Y,4,Y,Own
618,A00001694,Kawtar El Yousfi,AB523425,48,Bachelor,44 Hay Hassan II,Sale,11000.0,Y,2,Y,Mortgage
619,A00007992,Malak Oufkir,X858969,42,Bachelor,39 Residence Al Massira,Aoufous,,N,4,Y,Mortgage
620,A00007113,Amine El Yousfi,CC763421,58,Bachelor,36 Lotissement Hassan II,Fes,30000.0,Y,6,Y,Rent
621,A00008234,Khadija Fakhir,EE218901,40,High School,23 Residence Al Massira,Marrakech,40000.0,Y,7,Y,Mortgage
622,A00005878,Yahya Oufkir,JK184500,43,Bachelor,37 Rue Salam,Agadir,80000.0,Y,4,Y,Own
623,A00002928,Hassan Eddoughmi,X438070,38,,46 Boulevard El Fadl,Khenifra,,N,5,Y,Own
624,A00007563,Fatima Ezzahra  Oufkir,KB652298,56,Bachelor,3 Lotissement Hlioua,Tanger,90053.0,N,6,Y,Mortgage
625,A00008475,Jamila El Yousfi,JK727398,33,College,26 Avenue Hassan II,Agadir,80000.0,Y,5,Y,Rent
626,A00002903,Ahmed El Idrissi,ZG269839,60,High School,47 Avenue Bernoussi,Guercif,37000.0,Y,7,Y,Rent
627,A00009300,Adam Benchikh,JA431687,47,,42 Lotissement Al Massira,Guelmim,81000.0,Y,6,Y,Mortgage
628,A00009007,Youssef Radi,KB144048,36,PhD,25 Lotissement Bernoussi,Tanger,90053.0,N,3,Y,Mortgage
629,A00003156,Yahya Ouazzani,AB839789,63,Masters,19 Lotissement Al Massira,Sale,11000.0,N,2,Y,Rent
630,A00006680,Amine Amrani,N153423,39,College,38 Avenue Hlioua,Essaouira,44000.0,Y,2,Y,Own
631,A00003619,Aya Alaoui,BJ112039,28,Bachelor,49 Rue Bernoussi,Casablanca,20220.0,Y,6,Y,Own
632,A00000452,Malak Oufkir,N133502,29,Bachelor,41 Boulevard Al Houda,Essaouira,44000.0,Y,6,Y,Own
633,A00003054,Noha Kibala,L382979,57,Bachelor,15 Lotissement Al Massira,Tetouan,93000.0,Y,3,Y,Own
634,A00002909,Aziza Salhi,AB711743,49,High School,40 Avenue Al Massira,Sale,11000.0,N,5,N,Own
635,A00008290,Jamila Amine,X444504,45,Bachelor,10 Rue Hassan II,Hassi Berkane,,Y,4,Y,Own
636,A00004690,Khaoula Farissi,ZG616190,47,High School,29 Lotissement Al Houda,Guercif,37000.0,N,6,Y,Mortgage
637,A00008321,Adam Farissi,X499878,36,Masters,47 Lotissement Zerktouni,Ouezzane,,N,3,Y,Mortgage
638,A00003157,Meryem Alaoui,CC176798,30,MD,48 Lotissement Zerktouni,Fes,30000.0,Y,3,Y,Rent
639,A00005187,Hassan Oufkir,X897558,27,Bachelor,32 Boulevard Hlioua,Lbir Jdid,,Y,7,Y,Mortgage
640,A00006085,Taha Berrada,X895585,52,High School,46 Lotissement Salam,Khourubga,25000.0,Y,6,Y,Mortgage
641,A00001017,Khadija Skalli,KB618862,53,,20 Boulevard Bernoussi,Tanger,90053.0,N,4,Y,Own
642,A00003906,Meryem Benchikh,CC763228,57,Bachelor,40 Hay Hassan II,Fes,30000.0,Y,7,Y,Rent
643,A00009623,Malak Bate,KB906225,25,Masters,37 Rue Hlioua,Tanger,90053.0,Y,5,Y,Rent
644,A00009555,Hajar Barghoud,BJ422496,35,Bachelor,37 Boulevard Mohammed V,Casablanca,20220.0,Y,2,Y,Rent
645,A00001892,Taha Skalli,AB498031,31,College,41 Residence Zerktouni,Sale,11000.0,Y,7,Y,Own
646,A00005331,Khadija Amine,BJ443253,41,Bachelor,9 Rue Centrale,Casablanca,20220.0,Y,5,Y,Rent
647,A00000185,Taha Mansour,X213917,55,MD,32 Rue Al Massira,Beni Bouayach,,Y,4,Y,Rent
648,A00009520,Malak El Yousfi,BJ845603,58,MD,5 Residence Mohammed V,Casablanca,20220.0,Y,2,Y,Mortgage
649,A00007120,Taha Benali,X766568,40,Masters,28 Residence El Fadl,Figuig,,N,2,Y,Mortgage
650,A00006872,Kaoutar Fakhir,X581147,52,Bachelor,42 Hay Zerktouni,Ras El Ma,,N,3,Y,Mortgage
651,A00008488,Hamza Mansour,F442799,49,High School,18 Avenue El Fadl,Oujda,60010.0,Y,4,Y,Own
652,A00001656,Jamila Bennani,KB369241,64,PhD,47 Rue Bernoussi,Tanger,90053.0,Y,7,Y,Rent
653,A00000995,Khadija Jamal,KB672983,42,College,46 Residence Bernoussi,Tanger,90053.0,Y,2,Y,Own
654,A00008214,Aziza Benchikh,LC926108,33,Bachelor,4 Lotissement Bernoussi,Chefchaouen,91000.0,Y,4,Y,Rent
655,A00003453,Salma Amrani,X624298,47,College,45 Avenue Al Houda,Tiztoutine,,Y,7,Y,Own
656,A00008824,Fatima Ezzahra  El Idrissi,CC810428,37,College,26 Lotissement Zerktouni,Fes,30000.0,Y,6,Y,Rent
657,A00001127,Mohamed Kibala,DN765528,55,Masters,29 Hay Zerktouni,Meknes,50010.0,Y,7,Y,Rent
658,A00005553,Khadija El Yousfi,HH509565,26,College,6 Avenue Al Houda,Safi,46000.0,Y,6,Y,Mortgage
659,A00005618,Youssef Farissi,P956602,42,Bachelor,47 Rue Hlioua,Ouarzazate,45000.0,Y,6,Y,Rent
660,A00009013,Rania Alaoui,DN422233,45,High School,49 Lotissement Salam,Meknes,50010.0,Y,4,Y,Mortgage
661,A00002959,Kawtar El Fassi,P441684,28,Bachelor,39 Avenue El Fadl,Ouarzazate,45000.0,N,5,Y,Mortgage
662,A00005488,Taha Banoune,F883778,48,High School,14 Avenue Centrale,Oujda,60010.0,N,7,Y,Mortgage
663,A00005422,Amine Radi,AG932677,62,High School,1 Boulevard Mohammed V,Rabat,11025.0,Y,6,Y,Mortgage
664,A00004481,Youssef Tazi,KB662313,47,Bachelor,26 Rue Bernoussi,Tanger,90053.0,N,4,Y,Mortgage
665,A00007542,Rachida Barghoud,ZG847810,42,MD,47 Avenue Bernoussi,Guercif,37000.0,N,3,Y,Mortgage
666,A00002380,Hassan Fakhir,X279821,29,Bachelor,27 Hay Hassan II,Tissa,,Y,3,Y,Mortgage
667,A00004026,Malak El Idrissi,X141550,38,High School,19 Boulevard Centrale,Arekmane,,N,2,Y,Rent
668,A00002243,Rachida Metouali,VA109654,62,Masters,36 Boulevard Hassan II,Midelt,54350.0,Y,3,N,Mortgage
669,A00004199,Kawtar Metouali,X583829,27,MD,36 Hay Centrale,Sidi Ifni,,Y,6,Y,Mortgage
670,A00000688,Amine Eddoughmi,AB726172,39,Masters,39 Hay Al Houda,Sale,11000.0,N,3,N,Own
671,A00002918,Yahya Salhi,AB393744,27,MD,8 Residence Al Massira,Sale,11000.0,Y,3,Y,Rent
672,A00008126,Zineb Mansar,BJ389102,48,Bachelor,1 Boulevard Al Houda,Casablanca,20220.0,Y,5,Y,Own
673,A00000960,Mohamed Alaoui,BJ346317,57,Bachelor,41 Rue Salam,Casablanca,20220.0,N,7,Y,Own
674,A00008357,Salma Salhi,CC917825,49,High School,46 Rue Al Qods,Fes,30000.0,Y,4,Y,Mortgage
675,A00006862,Kaoutar Banoune,X224345,54,PhD,7 Rue Zerktouni,Mediouna,,Y,4,Y,Rent
676,A00006942,Fatima Ezzahra  Tahiri,G122537,56,Bachelor,18 Lotissement Bernoussi,Kenitra,14110.0,N,3,Y,Rent
677,A00009900,Amine Tazi,EE388693,31,Bachelor,32 Boulevard Hassan II,Marrakech,40000.0,Y,4,Y,Mortgage
678,A00005028,Hiba Jamal,JC546619,59,College,49 Residence Al Qods,Taaroudant,83000.0,N,4,Y,Own
679,A00004439,Mohammed Amine Amine,AG337282,33,Bachelor,37 Rue Mohammed V,Rabat,11025.0,N,4,Y,Mortgage
680,A00002630,Salma Bate,G553901,64,College,15 Residence Bernoussi,Kenitra,14110.0,Y,4,Y,Rent
681,A00009642,Hiba Metouali,DN403964,28,Bachelor,43 Rue Centrale,Meknes,50010.0,Y,6,Y,Rent
682,A00003264,Youssef Bate,KB945599,40,High School,29 Rue Al Qods,Tanger,90053.0,N,7,Y,Mortgage
683,A00003375,Jamila Banoune,KB703773,45,Bachelor,4 Lotissement Hlioua,Tanger,90053.0,N,6,N,Own
684,A00005068,Youssef Amine,SA373141,45,Bachelor,9 Boulevard Centrale,Nador,62000.0,N,7,Y,Mortgage
685,A00009151,Ahmed Benchikh,EE605128,28,,6 Avenue Hassan II,Marrakech,40000.0,Y,5,Y,Own
686,A00000006,Ahmed Banoune,CC409436,27,Masters,1 Lotissement Zerktouni,Fes,30000.0,Y,5,Y,Mortgage
687,A00004998,Hiba Lahlou,X818968,38,Bachelor,42 Residence Al Massira,Chichaoua,,Y,5,Y,Own
688,A00001422,Kawtar Dadi,X482982,53,High School,1 Boulevard Hlioua,Demnate,,N,3,Y,Mortgage
689,A00003198,Fatima Ezzahra  Bennani,G796121,26,Bachelor,32 Residence Al Massira,Kenitra,14110.0,Y,5,Y,Mortgage
690,A00002866,Rania Jamal,G783582,45,Bachelor,2 Rue Mohammed V,Kenitra,14110.0,Y,6,Y,Rent
691,A00006895,Hassan Salhi,CC703885,48,Bachelor,42 Avenue El Fadl,Fes,30000.0,Y,5,Y,Mortgage
692,A00004075,Othmane Skalli,CC486936,31,Bachelor,1 Lotissement Zerktouni,Fes,30000.0,N,3,Y,Own
693,A00005593,Kawtar Farissi,BJ267510,41,High School,4 Boulevard Bernoussi,Casablanca,20220.0,N,7,Y,Own
694,A00009173,Fatima Fadili,F470516,37,Bachelor,26 Hay Mohammed V,Oujda,60010.0,Y,2,N,Rent
695,A00009968,Jamila Ouazzani,JK833480,35,Bachelor,23 Rue Bernoussi,Agadir,80000.0,Y,6,Y,Mortgage
696,A00004579,Khaoula Bachri,X125546,50,College,33 Boulevard Al Houda,Tameslouht,,Y,3,Y,Rent
697,A00002708,Rania Jamal,JA303473,49,,7 Residence Al Massira,Guelmim,81000.0,Y,4,Y,Rent
698,A00008941,Omar Metouali,Z176100,56,High School,36 Boulevard Hlioua,Taza,35000.0,Y,7,Y,Mortgage
699,A00001749,Meryem Banoune,GK355634,34,Bachelor,25 Lotissement Al Massira,Sidi Kacem,16000.0,N,5,Y,Mortgage
700,A00007625,Mohammed Amine Dadi,KB679104,53,Bachelor,28 Lotissement Hassan II,Tanger,90053.0,Y,2,Y,Mortgage
701,A00009822,Hamza Bachri,X208906,41,Bachelor,5 Residence Hassan II,Adassil,,Y,3,Y,Rent
702,A00007375,Taha Radi,FB838499,46,PhD,22 Avenue El Fadl,Taourirt,65000.0,Y,4,Y,Own
703,A00009836,Meryem Dadi,G922254,30,High School,43 Lotissement El Fadl,Kenitra,14110.0,N,7,Y,Rent
704,A00003311,Ahmed Metouali,BJ478567,48,Bachelor,3 Boulevard Al Houda,Casablanca,20220.0,Y,6,Y,Own
705,A00003085,Fatima Ezzahra  Amine,X557619,52,College,29 Avenue Mohammed V,Benmansour,,Y,4,Y,Own
706,A00005325,Omar Eddoughmi,G667170,42,Bachelor,41 Rue Salam,Kenitra,14110.0,Y,7,N,Mortgage
707,A00006931,Omar Benali,AB249614,62,Bachelor,4 Residence El Fadl,Sale,11000.0,Y,7,N,Rent
708,A00004681,Fatima Ezzahra  Lahlou,X235962,59,College,2 Rue Al Houda,MideltDakhla,,Y,6,Y,Rent
709,A00002694,Hamza Amine,CC791842,49,Bachelor,6 Residence Al Qods,Fes,30000.0,N,7,Y,Rent
710,A00005054,Khadija Radi,HH668767,28,PhD,26 Rue Al Qods,Safi,46000.0,Y,3,Y,Mortgage
711,A00004688,Aziza Dadi,AB592793,62,High School,38 Residence Hlioua,Sale,11000.0,N,4,Y,Mortgage
712,A00005613,Meryem El Fassi,X173051,35,Bachelor,37 Rue Hassan II,Taza Haut,,Y,4,N,Rent
713,A00002202,Meryem Farissi,X203223,33,Bachelor,46 Avenue Bernoussi,Ben Taieb,,Y,6,Y,Mortgage
714,A00000312,Taha El Yousfi,AB461697,37,Bachelor,29 Residence Zerktouni,Sale,11000.0,Y,6,Y,Rent
715,A00006928,Othmane Bate,BJ474801,53,College,17 Rue Centrale,Casablanca,20220.0,N,4,Y,Own
716,A00000868,Hiba Mansour,G927488,45,Masters,15 Residence Centrale,Kenitra,14110.0,Y,7,Y,Mortgage
717,A00004545,Khaoula Amrani,JE536357,56,High School,38 Rue Al Houda,Tiznit,85000.0,Y,2,Y,Own
718,A00001874,Aya Ouazzani,X999360,43,College,25 Boulevard Salam,Zirara,,Y,7,Y,Rent
719,A00003441,Ahmed Alaoui,DN773757,39,,3 Hay Al Qods,Meknes,50010.0,N,2,Y,Mortgage
720,A00003162,Meryem Jamal,EE696733,38,Bachelor,46 Hay Centrale,Marrakech,40000.0,Y,3,Y,Rent
721,A00001709,Youssef Jamal,G974815,49,Bachelor,9 Hay Mohammed V,Kenitra,14110.0,Y,3,Y,Rent
722,A00002345,Yahya Tazi,N614890,44,Bachelor,25 Rue Hassan II,Essaouira,44000.0,Y,7,Y,Own
723,A00009125,Salma Amrani,JK695927,59,Masters,43 Hay Centrale,Agadir,80000.0,Y,3,Y,Own
724,A00003190,Salma Radi,X286254,49,Bachelor,7 Rue Zerktouni,Mediouna,,Y,5,Y,Mortgage
725,A00004451,Taha Kibala,AG404615,41,Masters,44 Avenue Al Qods,Rabat,11025.0,N,6,Y,Own
726,A00003401,Othmane Bachri,F488712,34,Bachelor,28 Avenue El Fadl,Oujda,60010.0,Y,6,Y,Own
727,A00006207,Othmane Tahiri,EE799256,54,High School,38 Avenue Al Massira,Marrakech,40000.0,Y,6,Y,Mortgage
728,A00004400,Fatima Skalli,VA737414,36,High School,17 Residence Salam,Midelt,54350.0,Y,7,N,Mortgage
729,A00000581,Yahya El Fassi,AG101440,26,Bachelor,46 Hay El Fadl,Rabat,11025.0,Y,7,Y,Mortgage
730,A00000748,Khadija Radi,HH572561,56,High School,38 Lotissement Zerktouni,Safi,46000.0,Y,7,Y,Rent
731,A00000878,Aya Tahiri,X483494,61,Bachelor,22 Hay Mohammed V,Ghafsai,,Y,4,Y,Rent
732,A00005692,Omar Eddoughmi,KB499659,58,Bachelor,49 Hay El Fadl,Tanger,90053.0,Y,3,Y,Mortgage
733,A00003128,Zineb Salhi,X776492,26,Bachelor,30 Boulevard Al Houda,Boulemane,,Y,4,Y,Rent
734,A00008548,Rania Kibala,X104638,51,High School,38 Boulevard Hassan II,Azilal,,Y,7,Y,Mortgage
735,A00006261,Omar Radi,G359057,40,High School,46 Rue Centrale,Kenitra,14110.0,Y,4,Y,Mortgage
736,A00006791,Othmane Benchikh,KB443305,58,High School,37 Hay Centrale,Tanger,90053.0,Y,6,Y,Mortgage
737,A00009315,Adam Barghoud,X644497,60,Bachelor,42 Avenue Bernoussi,Imilchil,,Y,6,Y,Mortgage
738,A00009223,Omar Oufkir,P965254,51,High School,30 Avenue Salam,Ouarzazate,45000.0,N,7,Y,Rent
739,A00009554,Malak Fadili,W253820,46,High School,46 Residence Al Houda,Settat,26000.0,N,4,Y,Own
740,A00008088,Jamila Berrada,BJ430125,38,,6 Rue Centrale,Casablanca,20220.0,Y,2,Y,Mortgage
741,A00001247,Taha Tazi,X692156,59,High School,37 Residence Mohammed V,Ouezzane,,Y,2,Y,Own
742,A00009565,Rachida Tazi,BJ473485,62,Bachelor,24 Rue Al Houda,Casablanca,20220.0,Y,6,Y,Rent
743,A00002009,Omar Tahiri,JK883027,33,High School,43 Rue Centrale,Agadir,80000.0,N,2,Y,Own
744,A00008766,Othmane Radi,BJ441458,33,Bachelor,27 Avenue Salam,Casablanca,20220.0,Y,7,N,Rent
745,A00002409,Aya Eddoughmi,F229330,39,College,8 Residence Hassan II,Oujda,60010.0,Y,3,Y,Mortgage
746,A00004171,Jamila Lahlou,G405516,45,Masters,16 Rue Bernoussi,Kenitra,14110.0,N,3,Y,Rent
747,A00003854,Hamza Bachri,M643905,56,High School,21 Residence Hlioua,El Jadida,24010.0,Y,3,Y,Own
748,A00007302,Hiba Bate,KB677153,35,Bachelor,11 Boulevard Hassan II,Tanger,90053.0,N,6,Y,Rent
749,A00007202,Omar Skalli,X576318,33,PhD,47 Boulevard Mohammed V,Charf,,N,3,Y,Own
750,A00007784,Kawtar Dadi,X582062,30,High School,19 Avenue Hlioua,Ahfir,,N,7,Y,Rent
751,A00000842,Mohammed Amine Benali,JK159376,53,MD,2 Residence El Fadl,Agadir,80000.0,Y,7,Y,Own
752,A00009703,Taha Ouazzani,DN390173,30,Bachelor,8 Boulevard Zerktouni,Meknes,50010.0,N,2,N,Rent
753,A00000313,Noha Benali,X831037,48,Bachelor,43 Boulevard Centrale,Oulmes,,Y,3,Y,Own
754,A00008040,Youssef Amine,G563849,59,Masters,15 Residence Centrale,Kenitra,14110.0,Y,7,Y,Rent
755,A00006467,Taha Fakhir,CC801297,63,High School,29 Lotissement Bernoussi,Fes,30000.0,Y,7,Y,Own
756,A00004946,Rachida Lahlou,DN465308,35,High School,2 Boulevard Zerktouni,Meknes,50010.0,N,5,Y,Mortgage
757,A00001538,Kawtar Skalli,L731635,37,PhD,27 Avenue Hassan II,Tetouan,93000.0,Y,6,Y,Mortgage
758,A00001600,Salma Tahiri,DN635935,50,High School,4 Rue Centrale,Meknes,50010.0,Y,4,Y,Mortgage
759,A00006810,Omar Tazi,L531524,57,MD,13 Residence El Fadl,Tetouan,93000.0,Y,7,Y,Own
760,A00007201,Youssef Dadi,G648410,25,High School,44 Avenue Al Houda,Kenitra,14110.0,Y,5,Y,Own
761,A00003276,Fatima Ezzahra  Barghoud,BJ513634,56,Bachelor,41 Avenue Centrale,Casablanca,20220.0,Y,7,N,Mortgage
762,A00008232,Fatima Lahlou,AG409789,44,Bachelor,8 Rue Hlioua,Rabat,11025.0,Y,3,Y,Own
763,A00007482,Kaoutar Radi,CB535272,53,Bachelor,6 Avenue Mohammed V,Sefrou,31000.0,Y,7,Y,Rent
764,A00006773,Khadija Skalli,BJ831190,41,High School,39 Lotissement El Fadl,Casablanca,20220.0,N,5,Y,Own
765,A00005184,Rania Skalli,X561473,29,Bachelor,35 Avenue Al Qods,El Marsa,,N,3,Y,Own
766,A00003481,Hajar Mansar,CB642411,34,Bachelor,15 Boulevard Hassan II,Sefrou,31000.0,Y,5,Y,Mortgage
767,A00004551,Fatima Ezzahra  Radi,CC172194,43,Bachelor,24 Lotissement Al Houda,Fes,30000.0,N,4,Y,Mortgage
768,A00009930,Adam Alaoui,X505825,55,High School,44 Avenue Centrale,Zoumi,,Y,4,Y,Mortgage
769,A00005800,Omar Tahiri,KB925112,57,Bachelor,17 Residence Mohammed V,Tanger,90053.0,Y,4,N,Own
770,A00001437,Mohamed Alaoui,CC783721,50,Bachelor,7 Boulevard Mohammed V,Fes,30000.0,Y,2,Y,Rent
771,A00004173,Yahya Farissi,G304152,56,Bachelor,20 Boulevard Salam,Kenitra,14110.0,Y,4,Y,Mortgage
772,A00005016,Hamza Bate,KB916027,60,College,31 Lotissement Mohammed V,Tanger,90053.0,Y,3,Y,Rent
773,A00005957,Youssef Mansour,G200426,61,Masters,3 Hay Centrale,Kenitra,14110.0,Y,3,Y,Rent
774,A00002232,Kawtar Bachri,BJ557238,48,Bachelor,3 Boulevard Salam,Casablanca,20220.0,Y,3,Y,Rent
775,A00003420,Ahmed Jamal,X383172,59,,11 Lotissement Mohammed V,Iksane,,Y,2,Y,Rent
776,A00001096,Fatima Bate,X850309,54,High School,27 Hay Hassan II,Tissa,,Y,3,Y,Own
777,A00008115,Khaoula Fakhir,JK864758,33,Masters,49 Avenue Hassan II,Agadir,80000.0,Y,7,Y,Mortgage
778,A00000728,Yahya Salhi,R516220,51,High School,18 Boulevard Hassan II,El Hoceima,32000.0,Y,4,Y,Rent
779,A00000908,Yahya Eddoughmi,G175620,40,,32 Residence Al Massira,Kenitra,14110.0,Y,5,Y,Rent
780,A00007395,Rania Dadi,X745391,39,College,25 Lotissement Hassan II,Souk El Arbaa,,N,4,Y,Mortgage
781,A00009603,Rachida Banoune,JK266803,48,Bachelor,29 Avenue Hassan II,Agadir,80000.0,Y,2,Y,Rent
782,A00000352,Yahya Kibala,BJ396691,32,Masters,42 Rue Al Qods,Casablanca,20220.0,Y,3,Y,Own
783,A00000644,Hassan Bennani,JK917464,38,Bachelor,39 Hay Mohammed V,Agadir,80000.0,Y,5,Y,Own
784,A00009486,Othmane Eddoughmi,AB858879,53,Bachelor,10 Hay Hlioua,Sale,11000.0,Y,7,Y,Rent
785,A00004759,Hassan Bennani,L978234,37,High School,29 Hay El Fadl,Tetouan,93000.0,Y,3,N,Own
786,A00003830,Adam Jamal,KB584846,46,,29 Rue Al Qods,Tanger,90053.0,Y,6,Y,Mortgage
787,A00003700,Adam Radi,X708603,53,Bachelor,31 Boulevard El Fadl,Tamanar,,N,3,Y,Rent
788,A00003236,Omar Metouali,X166095,44,High School,17 Lotissement Bernoussi,Boumalne Dades,,Y,7,Y,Own
789,A00000586,Youssef Mansar,G265170,28,College,45 Boulevard Bernoussi,Kenitra,14110.0,N,5,Y,Rent
790,A00006049,Youssef Benali,EE255057,30,MD,22 Boulevard Zerktouni,Marrakech,40000.0,Y,3,Y,Rent
791,A00003101,Khaoula El Fassi,KB896001,28,High School,30 Residence Al Houda,Tanger,90053.0,N,7,Y,Rent
792,A00007974,Adam Banoune,EE233599,59,High School,12 Lotissement Mohammed V,Marrakech,40000.0,Y,3,N,Mortgage
793,A00006722,Othmane Banoune,L961551,59,Bachelor,12 Boulevard Hlioua,Tetouan,93000.0,Y,3,Y,Rent
794,A00008555,Youssef Radi,X543300,47,Bachelor,3 Avenue Bernoussi,Ouezzane,,Y,3,Y,Rent
795,A00002564,Khadija Salhi,AG626428,26,Bachelor,36 Hay Zerktouni,Rabat,11025.0,Y,7,Y,Rent
796,A00006863,Youssef Berrada,AG884624,33,Bachelor,38 Avenue Centrale,Rabat,11025.0,Y,2,Y,Mortgage
797,A00004392,Noha Kibala,EE272011,43,High School,46 Hay Centrale,Marrakech,40000.0,Y,2,Y,Mortgage
798,A00000115,Mohamed Tahiri,DN378692,52,High School,35 Lotissement Mohammed V,Meknes,50010.0,Y,2,Y,Own
799,A00002083,Fatima Amrani,X228704,64,Bachelor,36 Avenue Hassan II,Beni Ayat,,Y,6,Y,Rent
800,A00008809,Hiba Mansour,X650837,59,Bachelor,29 Boulevard Centrale,Midar,,Y,4,N,Own
801,A00001995,Youssef El Yousfi,DN820884,53,Bachelor,49 Rue Hlioua,Meknes,50010.0,Y,3,N,Rent
802,A00003730,Salma El Fassi,X606303,49,High School,4 Hay Al Qods,Demnate,,Y,6,Y,Rent
803,A00003856,Hassan Skalli,BJ393273,35,Masters,5 Residence Mohammed V,Casablanca,20220.0,Y,2,Y,Rent
804,A00006523,Mohamed Ouazzani,X819672,54,Bachelor,22 Avenue Hlioua,Khourubga,25000.0,N,3,Y,Mortgage
805,A00009509,Omar Kibala,X681779,41,High School,45 Residence Hassan II,Nouaceur,,Y,6,Y,Rent
806,A00000572,Malak Mansour,DN318046,35,High School,6 Rue Hassan II,Meknes,50010.0,Y,4,Y,Own
807,A00004577,Ahmed El Idrissi,P927216,35,College,42 Rue Hlioua,Ouarzazate,45000.0,N,5,Y,Rent
808,A00007246,Rania Mansar,HH556550,63,Masters,20 Boulevard Zerktouni,Safi,46000.0,Y,2,Y,Mortgage
809,A00003339,Fatima Fakhir,CC456883,31,Masters,35 Lotissement El Fadl,Fes,30000.0,Y,3,Y,Rent
810,A00004160,Salma El Fassi,X552528,60,PhD,15 Residence Al Houda,Ouezzane,,Y,2,Y,Mortgage
811,A00006229,Hiba Amine,AB767475,63,College,45 Lotissement Centrale,Sale,11000.0,N,5,N,Own
812,A00001784,Malak Moufkir ,F116473,60,,40 Rue Mohammed V,Oujda,60010.0,Y,2,Y,Own
813,A00003220,Yahya Ouazzani,X589994,55,High School,48 Lotissement El Fadl,Bahouda,,N,7,Y,Own
814,A00006905,Mohamed Barghoud,KB737816,44,Bachelor,12 Avenue Bernoussi,Tanger,90053.0,N,6,Y,Own
815,A00009648,Kaoutar Farissi,CC209427,26,Bachelor,8 Hay Centrale,Fes,30000.0,N,4,Y,Mortgage
816,A00005096,Amine Ouazzani,JK225052,27,High School,42 Hay Centrale,Agadir,80000.0,Y,5,Y,Own
817,A00001566,Hiba Amine,EE872200,59,College,37 Avenue Al Qods,Marrakech,40000.0,Y,2,Y,Mortgage
818,A00002250,Khadija Amine,EE704800,48,Bachelor,49 Residence Mohammed V,Marrakech,40000.0,N,7,Y,Rent
819,A00000238,Othmane Ouazzani,AG284096,46,High School,47 Hay Mohammed V,Rabat,11025.0,Y,4,Y,Rent
820,A00003000,Khaoula Ouazzani,EE928778,31,MD,49 Hay Zerktouni,Marrakech,40000.0,N,5,Y,Rent
821,A00003163,Aziza Fadili,DN579566,30,MD,2 Boulevard Zerktouni,Meknes,50010.0,N,4,Y,Own
822,A00009525,Zineb Banoune,R546508,54,Masters,36 Avenue Al Qods,El Hoceima,32000.0,Y,6,Y,Mortgage
823,A00006634,Malak Mansar,JK937833,48,MD,21 Avenue Salam,Agadir,80000.0,Y,3,Y,Mortgage
824,A00001350,Taha Ouazzani,AB442720,49,Bachelor,9 Avenue Hassan II,Sale,11000.0,Y,2,Y,Mortgage
825,A00004927,Othmane Salhi,EE822317,52,Bachelor,6 Avenue Hassan II,Marrakech,40000.0,N,6,Y,Own
826,A00008358,Rachida Tahiri,M718756,42,MD,26 Lotissement Al Qods,El Jadida,24010.0,Y,5,Y,Own
827,A00005994,Zineb Fadili,AB674101,50,Masters,30 Rue Mohammed V,Sale,11000.0,Y,3,N,Mortgage
828,A00009718,Rachida Kibala,AG968618,38,High School,35 Boulevard Centrale,Rabat,11025.0,N,5,N,Mortgage
829,A00008086,Mohammed Amine El Yousfi,BJ517928,46,Masters,29 Residence Zerktouni,Casablanca,20220.0,N,4,Y,Rent
830,A00006034,Zineb Barghoud,GK288337,39,Masters,25 Residence Hlioua,Sidi Kacem,16000.0,Y,5,Y,Mortgage
831,A00008264,Fatima Ezzahra  Lahlou,N649824,37,Bachelor,14 Boulevard Al Qods,Essaouira,44000.0,Y,5,Y,Own
832,A00008674,Kaoutar Fakhir,X995878,42,,1 Boulevard Hlioua,Oukaimeden,,N,6,Y,Mortgage
833,A00009676,Zineb Lahlou,L428111,38,Masters,31 Rue Hlioua,Tetouan,93000.0,Y,2,Y,Rent
834,A00006745,Kawtar Kibala,R678365,31,High School,16 Avenue El Fadl,El Hoceima,32000.0,Y,2,Y,Mortgage
835,A00009784,Fatima El Idrissi,KB338596,41,Bachelor,47 Avenue Zerktouni,Tanger,90053.0,Y,7,Y,Mortgage
836,A00002765,Aya Berrada,JK651953,25,PhD,8 Rue Mohammed V,Agadir,80000.0,Y,3,Y,Mortgage
837,A00002014,Hamza Barghoud,X473423,62,Bachelor,35 Hay Zerktouni,Driouch,,Y,5,Y,Mortgage
838,A00001953,Rachida Benali,EE880124,38,High School,43 Hay Centrale,Marrakech,40000.0,Y,3,Y,Mortgage
839,A00004003,Khaoula Fakhir,AB438760,31,Bachelor,47 Residence Zerktouni,Sale,11000.0,N,7,Y,Rent
840,A00005084,Taha Tahiri,X263981,51,Masters,14 Rue Zerktouni,Belyounech,,Y,2,Y,Mortgage
841,A00003059,Ahmed Amine,X883851,55,Bachelor,49 Residence El Fadl,Khemisset,,Y,5,Y,Own
842,A00002839,Ahmed Bennani,X194865,28,College,1 Lotissement Bernoussi,Ait Daoud,,Y,4,Y,Mortgage
843,A00008627,Hassan Fakhir,JK395444,59,MD,9 Lotissement El Fadl,Agadir,80000.0,Y,5,Y,Mortgage
844,A00000766,Othmane Lahlou,LC750296,52,High School,26 Rue Centrale,Chefchaouen,91000.0,Y,3,Y,Rent
845,A00005029,Omar Amine,AB251449,38,College,30 Lotissement Zerktouni,Sale,11000.0,N,3,Y,Mortgage
846,A00006389,Aziza Oufkir,AB233130,46,High School,41 Hay Bernoussi,Sale,11000.0,N,4,Y,Mortgage
847,A00009213,Meryem Oufkir,L677929,55,College,42 Lotissement El Fadl,Tetouan,93000.0,Y,4,Y,Rent
848,A00004079,Youssef Amrani,G864569,49,College,1 Avenue Hlioua,Kenitra,14110.0,Y,2,Y,Mortgage
849,A00009105,Omar Kibala,X556768,59,PhD,28 Lotissement Hassan II,Ajdir,,Y,4,Y,Own
850,A00006736,Noha Tazi,KB544810,55,Bachelor,24 Avenue Bernoussi,Tanger,90053.0,Y,3,Y,Mortgage
851,A00006579,Noha Tahiri,DN713743,63,Bachelor,28 Residence Al Houda,Meknes,50010.0,Y,5,Y,Mortgage
852,A00002587,Aziza Fadili,SH364574,44,Bachelor,30 Hay Al Qods,Laayoune,70000.0,Y,3,Y,Own
853,A00002778,Rachida Moufkir ,BJ496167,37,Bachelor,34 Boulevard Salam,Casablanca,20220.0,N,4,Y,Rent
854,A00002289,Kawtar Alaoui,X195216,64,Masters,45 Lotissement Al Massira,Nouaceur,,N,6,N,Rent
855,A00009465,Hassan El Fassi,G461542,28,Bachelor,45 Rue Mohammed V,Kenitra,14110.0,N,5,Y,Mortgage
856,A00004520,Aziza Tazi,G361164,39,MD,24 Boulevard Salam,Kenitra,14110.0,Y,4,Y,Mortgage
857,A00007097,Yahya El Fassi,CC927268,30,College,18 Hay Salam,Fes,30000.0,N,4,Y,Rent
858,A00006741,Omar Fadili,DB604900,25,Masters,2 Lotissement Bernoussi,Ifrane,53000.0,Y,2,Y,Mortgage
859,A00002973,Yahya Mansour,BJ616004,30,High School,42 Rue Al Qods,Casablanca,20220.0,Y,4,Y,Mortgage
860,A00007796,Amine Oufkir,BJ816117,40,College,34 Avenue Al Massira,Casablanca,20220.0,N,3,Y,Mortgage
861,A00009578,Yahya El Fassi,X778908,37,Bachelor,36 Boulevard Al Massira,Lamsid,,Y,4,Y,Rent
862,A00002536,Mohamed Mansour,X664873,49,Bachelor,3 Residence Bernoussi,Sidi Bennour,,N,4,Y,Own
863,A00000948,Amine Jamal,BJ739280,42,High School,18 Boulevard Al Houda,Casablanca,20220.0,Y,4,Y,Rent
864,A00002925,Noha Fadili,BJ204556,50,Bachelor,36 Boulevard Salam,Casablanca,20220.0,Y,5,Y,Rent
865,A00004001,Aziza Fakhir,BJ196446,53,High School,13 Boulevard Al Qods,Casablanca,20220.0,Y,3,Y,Rent
866,A00007920,Youssef Salhi,X475442,38,Bachelor,3 Hay Al Qods,Missour,,Y,6,N,Rent
867,A00005214,Kaoutar Barghoud,X966523,61,Masters,27 Lotissement Centrale,Driouch,,Y,5,Y,Rent
868,A00009654,Khaoula El Fassi,AB393292,31,,17 Boulevard Hlioua,Sale,11000.0,N,7,Y,Mortgage
869,A00002902,Khadija El Fassi,L218494,40,Bachelor,15 Boulevard Al Massira,Tetouan,93000.0,Y,5,N,Own
870,A00003272,Khadija Mansour,AB887627,58,Bachelor,7 Boulevard Salam,Sale,11000.0,N,6,Y,Rent
871,A00006489,Zineb Benali,X211462,53,High School,30 Hay Zerktouni,Ouled Berhil,,N,6,Y,Rent
872,A00005079,Khaoula Alaoui,X297663,30,Bachelor,1 Lotissement Hassan II,Sidi Taibi,,Y,7,Y,Mortgage
873,A00002701,Jamila Ouazzani,EE193099,40,Bachelor,40 Avenue Hassan II,Marrakech,40000.0,N,2,Y,Mortgage
874,A00002693,Omar Barghoud,G481776,41,Bachelor,12 Boulevard Bernoussi,Kenitra,14110.0,Y,4,Y,Rent
875,A00001147,Kawtar Bate,KB280983,63,MD,31 Hay Salam,Tanger,90053.0,Y,3,Y,Rent
876,A00004546,Youssef Fadili,X100003,31,High School,18 Residence Hassan II,Mograne,,Y,5,Y,Mortgage
877,A00007081,Hajar Benali,JK783957,49,Bachelor,47 Lotissement Mohammed V,Agadir,80000.0,N,6,N,Rent
878,A00006312,Noha Berrada,X458809,38,,10 Hay Al Houda,Aousserd,,N,6,N,Own
879,A00005310,Rania Fakhir,EE744401,41,Bachelor,16 Hay Bernoussi,Marrakech,40000.0,Y,7,N,Mortgage
880,A00007236,Zineb Oufkir,P136123,32,Masters,26 Hay Zerktouni,Ouarzazate,45000.0,Y,3,N,Own
881,A00006151,Khadija Ouazzani,N574248,49,MD,5 Avenue Hlioua,Essaouira,44000.0,Y,3,Y,Mortgage
882,A00006145,Adam Moufkir ,JK540505,34,High School,42 Lotissement Al Massira,Agadir,80000.0,Y,6,Y,Own
883,A00003654,Yahya Moufkir ,G946128,56,College,9 Hay Mohammed V,Kenitra,14110.0,Y,5,Y,Rent
884,A00002026,Othmane Dadi,AB515875,57,High School,36 Lotissement Bernoussi,Sale,11000.0,Y,3,Y,Mortgage
885,A00009790,Jamila Fadili,F185047,31,Bachelor,24 Boulevard Al Houda,Oujda,60010.0,Y,7,Y,Rent
886,A00009170,Meryem Bennani,G961383,27,Bachelor,7 Residence Hassan II,Kenitra,14110.0,Y,4,Y,Mortgage
887,A00005199,Malak Kibala,JK597487,32,Bachelor,12 Avenue Hlioua,Agadir,80000.0,Y,2,Y,Own
888,A00009972,Jamila Bate,KB172352,59,Bachelor,37 Rue Hlioua,Tanger,90053.0,Y,2,Y,Rent
889,A00000051,Noha Eddoughmi,G904427,39,Bachelor,16 Boulevard Al Massira,Kenitra,14110.0,N,4,Y,Rent
890,A00007902,Fatima Benali,X601678,30,Bachelor,11 Residence El Fadl,Moulay Bouazza,,Y,7,Y,Own
891,A00003853,Kaoutar Berrada,P700116,27,Bachelor,30 Residence El Fadl,Ouarzazate,45000.0,Y,7,Y,Mortgage
892,A00000332,Noha Lahlou,AG201078,40,Bachelor,36 Lotissement Centrale,Rabat,11025.0,N,5,Y,Rent
893,A00003888,Omar Lahlou,X155339,38,High School,43 Residence Salam,Aknoul,,Y,3,Y,Rent
894,A00004417,Kawtar Salhi,EE401172,36,Bachelor,39 Residence Centrale,Marrakech,40000.0,Y,2,Y,Rent
895,A00005923,Kaoutar Mansar,HH106366,50,Bachelor,48 Avenue Mohammed V,Safi,46000.0,Y,7,Y,Rent
896,A00002153,Rania Lahlou,F484761,46,Bachelor,28 Avenue El Fadl,Oujda,60010.0,Y,4,Y,Mortgage
897,A00007133,Yahya Bennani,BJ525057,50,,42 Boulevard Al Massira,Casablanca,20220.0,Y,3,Y,Rent
898,A00002796,Noha Lahlou,L368407,42,High School,15 Hay Centrale,Tetouan,93000.0,Y,4,Y,Mortgage
899,A00001327,Hajar El Idrissi,AG542486,43,Masters,9 Avenue Hassan II,Rabat,11025.0,N,4,Y,Rent
900,A00003545,Kaoutar El Yousfi,X737930,59,Masters,7 Boulevard Hassan II,Karia Ba Mohamed,,N,2,Y,Mortgage
901,A00003602,Taha Lahlou,EE984657,45,High School,14 Rue Al Massira,Marrakech,40000.0,Y,7,Y,Rent
902,A00006873,Yahya Bennani,L311581,34,Bachelor,39 Avenue Bernoussi,Tetouan,93000.0,Y,6,N,Mortgage
903,A00000979,Youssef Kibala,Z241267,60,Bachelor,5 Boulevard Centrale,Taza,35000.0,Y,5,Y,Own
904,A00005320,Aya El Yousfi,N331128,50,Masters,5 Avenue Salam,Essaouira,44000.0,Y,7,Y,Own
905,A00008386,Hamza Alaoui,G154793,26,Bachelor,3 Avenue Hassan II,Kenitra,14110.0,N,6,Y,Mortgage
906,A00005378,Hamza Barghoud,X583638,51,Bachelor,31 Lotissement Zerktouni,Mhaya,,Y,5,Y,Mortgage
907,A00002970,Hamza Barghoud,CC456268,59,Masters,23 Residence Mohammed V,Fes,30000.0,Y,5,Y,Own
908,A00005646,Hiba El Idrissi,DA141183,44,PhD,29 Hay Salam,Azrou,53100.0,Y,7,Y,Own
909,A00002635,Omar Mansour,W222664,60,High School,7 Boulevard El Fadl,Settat,26000.0,Y,4,Y,Mortgage
910,A00006490,Youssef El Yousfi,AB663426,54,Bachelor,29 Residence Zerktouni,Sale,11000.0,Y,4,Y,Own
911,A00008841,Malak Tazi,X782914,28,Bachelor,40 Boulevard Zerktouni,Oulad Mtaa,,N,7,Y,Mortgage
912,A00008274,Amine Lahlou,X297602,49,Masters,6 Boulevard El Fadl,Temara,,Y,7,Y,Rent
913,A00001520,Kaoutar Lahlou,X192846,62,College,34 Rue Zerktouni,Khemisset,,Y,7,Y,Mortgage
914,A00002748,Adam Mansar,M987399,39,High School,49 Residence Zerktouni,El Jadida,24010.0,Y,5,Y,Own
915,A00002266,Omar Fadili,DN409069,32,Bachelor,13 Rue Al Houda,Meknes,50010.0,Y,3,Y,Rent
916,A00008770,Aziza Berrada,KB306104,35,College,45 Avenue Al Massira,Tanger,90053.0,Y,6,Y,Rent
917,A00008352,Khadija Jamal,L377752,39,Bachelor,39 Hay Al Massira,Tetouan,93000.0,Y,3,Y,Rent
918,A00008654,Hajar Amine,EE414839,49,Masters,43 Residence Bernoussi,Marrakech,40000.0,Y,7,Y,Mortgage
919,A00007031,Taha Moufkir ,KB302308,59,MD,47 Lotissement Mohammed V,Tanger,90053.0,Y,5,Y,Mortgage
920,A00006849,Omar Mansour,DN105004,36,High School,31 Lotissement Mohammed V,Meknes,50010.0,Y,3,N,Own
921,A00006244,Hiba Bachri,KB678677,48,Masters,47 Rue Salam,Tanger,90053.0,N,7,Y,Mortgage
922,A00005641,Khaoula Eddoughmi,X626306,62,Bachelor,27 Rue Al Houda,Oulad Teima,,Y,3,Y,Mortgage
923,A00004488,Adam Eddoughmi,EE694709,64,High School,31 Hay Al Massira,Marrakech,40000.0,Y,5,Y,Own
924,A00002296,Youssef Tazi,L642281,25,High School,47 Lotissement El Fadl,Tetouan,93000.0,N,7,Y,Own
925,A00007578,Hassan Metouali,DN867502,30,Bachelor,2 Boulevard Zerktouni,Meknes,50010.0,Y,2,Y,Own
926,A00009843,Othmane Barghoud,X639704,38,High School,39 Avenue Mohammed V,Er-Rich,,Y,3,Y,Mortgage
927,A00006578,Amine Bate,X135548,52,High School,31 Rue Al Qods,Rouadi,,Y,6,Y,Mortgage
928,A00002716,Meryem Lahlou,X684623,42,MD,27 Boulevard Centrale,Akhfenir,,N,4,Y,Rent
929,A00009698,Othmane Skalli,JA297541,51,Bachelor,16 Hay Zerktouni,Guelmim,81000.0,Y,6,Y,Own
930,A00009146,Hassan Ouazzani,X445489,40,Masters,17 Lotissement Al Qods,Azgour,,Y,2,Y,Mortgage
931,A00002679,Mohamed Radi,BJ371147,46,Bachelor,5 Boulevard El Fadl,Casablanca,20220.0,Y,6,Y,Mortgage
932,A00001120,Aziza Bate,N842253,35,MD,27 Boulevard Salam,Essaouira,44000.0,Y,3,Y,Rent
933,A00003377,Youssef Mansar,JK348926,63,Bachelor,19 Residence Centrale,Agadir,80000.0,Y,7,Y,Own
934,A00002555,Hiba El Yousfi,X252594,55,College,18 Hay Centrale,Thar Es-Souk,,Y,4,N,Own
935,A00002666,Hajar Benchikh,KB273870,30,Bachelor,28 Lotissement Mohammed V,Tanger,90053.0,Y,4,Y,Mortgage
936,A00005620,Kawtar Moufkir ,N219503,25,Bachelor,46 Rue Bernoussi,Essaouira,44000.0,N,7,Y,Own
937,A00003407,Omar El Yousfi,JK549703,32,Bachelor,49 Avenue Hlioua,Agadir,80000.0,Y,6,Y,Mortgage
938,A00000271,Meryem Amine,X966842,50,Masters,46 Lotissement El Fadl,Tinjdad,,Y,7,Y,Own
939,A00007020,Hamza El Yousfi,BJ142857,60,Bachelor,16 Rue Al Houda,Casablanca,20220.0,N,7,Y,Own
940,A00002090,Omar Eddoughmi,AB300235,57,Bachelor,20 Boulevard Hassan II,Sale,11000.0,N,2,Y,Rent
941,A00000374,Jamila Metouali,EE562884,32,Bachelor,21 Avenue El Fadl,Marrakech,40000.0,Y,6,Y,Mortgage
942,A00000501,Salma Oufkir,CC773812,39,College,38 Residence Hlioua,Fes,30000.0,Y,4,Y,Mortgage
943,A00002098,Noha Farissi,AG162402,44,High School,4 Residence Al Houda,Rabat,11025.0,Y,7,Y,Own
944,A00007276,Yahya Dadi,EE998761,39,Bachelor,10 Avenue Al Qods,Marrakech,40000.0,Y,5,Y,Rent
945,A00004785,Rania Moufkir ,BJ780170,56,,23 Hay Al Massira,Casablanca,20220.0,N,3,Y,Own
946,A00001409,Yahya Bennani,AG919030,29,High School,4 Residence Centrale,Rabat,11025.0,Y,2,Y,Rent
947,A00003928,Hamza Alaoui,KB708876,56,PhD,47 Avenue Salam,Tanger,90053.0,Y,5,Y,Own
948,A00005756,Omar Amrani,X768971,38,High School,46 Lotissement El Fadl,Tinjdad,,Y,2,Y,Rent
949,A00006354,Omar Farissi,X137827,53,Bachelor,25 Lotissement Zerktouni,Ras El Ma,,N,5,Y,Mortgage
950,A00006755,Youssef Amrani,AG308608,48,Bachelor,30 Rue Centrale,Rabat,11025.0,Y,6,Y,Own
951,A00001927,Omar Oufkir,G935721,51,Bachelor,44 Avenue Al Houda,Kenitra,14110.0,Y,7,Y,Mortgage
952,A00007558,Fatima Ezzahra  Tahiri,X927568,58,High School,29 Residence Mohammed V,MideltDakhla,,N,4,Y,Own
953,A00001792,Mohammed Amine Lahlou,DN923527,32,PhD,35 Lotissement El Fadl,Meknes,50010.0,Y,7,Y,Mortgage
954,A00005432,Rania Tazi,DN240335,60,College,9 Boulevard Hassan II,Meknes,50010.0,Y,6,Y,Own
955,A00005356,Youssef Metouali,X374074,28,Bachelor,27 Rue Al Massira,Ben Mansour,,N,2,Y,Mortgage
956,A00003067,Meryem Eddoughmi,GK833079,55,High School,4 Avenue Al Massira,Sidi Kacem,16000.0,Y,6,Y,Mortgage
957,A00000800,Mohammed Amine Bate,QA904819,54,High School,22 Avenue Salam,Oued Zem,25200.0,Y,6,Y,Mortgage
958,A00002425,Omar Mansour,AG382218,54,High School,9 Avenue Hassan II,Rabat,11025.0,Y,2,Y,Mortgage
959,A00007299,Khadija Amrani,X800916,37,High School,12 Boulevard Bernoussi,Bouizakarne,,Y,3,Y,Rent
960,A00003931,Fatima Ezzahra  Benali,X608558,25,High School,29 Boulevard Al Houda,Azilal,,Y,5,Y,Rent
961,A00001517,Kawtar Bate,EE646613,55,High School,35 Avenue Mohammed V,Marrakech,40000.0,Y,6,Y,Rent
962,A00003211,Zineb Moufkir ,X734917,48,High School,1 Avenue Salam,Souani,,N,7,Y,Rent
963,A00006992,Taha Moufkir ,I207149,48,Bachelor,14 Rue El Fadl,Beni Mellal,23000.0,Y,3,Y,Own
964,A00006314,Othmane Banoune,JK693848,63,High School,48 Residence Zerktouni,Agadir,80000.0,Y,5,Y,Rent
965,A00001335,Khaoula Dadi,X235938,28,Bachelor,25 Hay Al Qods,Tourza,,N,6,N,Rent
966,A00004798,Kaoutar Mansour,X585217,32,College,33 Lotissement El Fadl,Boujniba,,Y,4,Y,Rent
967,A00003943,Rania Salhi,X320854,59,Bachelor,20 Lotissement Al Houda,Driouch,,Y,4,Y,Own
968,A00008260,Youssef Banoune,JK611198,59,PhD,26 Residence Hlioua,Agadir,80000.0,Y,4,N,Rent
969,A00002131,Aya Radi,F367251,40,Bachelor,17 Hay Bernoussi,Oujda,60010.0,Y,2,Y,Rent
970,A00006391,Fatima Bate,AG635334,26,College,18 Boulevard Hassan II,Rabat,11025.0,Y,3,Y,Rent
971,A00005311,Hassan Ouazzani,X253986,26,,48 Hay Al Massira,Oukaimeden,,Y,7,Y,Own
972,A00006294,Noha El Yousfi,L303181,33,High School,16 Rue Al Houda,Tetouan,93000.0,Y,7,Y,Mortgage
973,A00004899,Aya Benchikh,X342465,38,Bachelor,48 Rue Bernoussi,Khourubga,25000.0,Y,3,Y,Mortgage
974,A00009945,Youssef Fakhir,AB477043,31,Bachelor,13 Avenue Hlioua,Sale,11000.0,Y,2,Y,Rent
975,A00005589,Kawtar Salhi,X334302,63,Bachelor,27 Boulevard Hassan II,Foum Jamaa,,Y,7,Y,Mortgage
976,A00005458,Adam Mansour,F729399,43,Masters,37 Lotissement Hlioua,Oujda,60010.0,Y,3,Y,Own
977,A00002988,Omar Bennani,X340922,29,,17 Rue Hassan II,,,Y,4,Y,Rent
978,A00009148,Omar Dadi,CB775148,61,High School,6 Avenue Mohammed V,Sefrou,31000.0,Y,2,Y,Rent
979,A00000682,Youssef Tazi,X934966,48,College,21 Residence Bernoussi,Driouch,,N,7,Y,Mortgage
980,A00000689,Youssef Fakhir,KB814401,47,Bachelor,18 Boulevard Mohammed V,Tanger,90053.0,Y,2,Y,Mortgage
981,A00007812,Meryem Benchikh,BJ150970,55,Bachelor,28 Avenue El Fadl,Casablanca,20220.0,Y,5,N,Mortgage
982,A00001160,Youssef Amine,X935720,36,High School,37 Boulevard Zerktouni,Khourubga,25000.0,N,2,Y,Rent
983,A00008263,Ahmed Eddoughmi,X988611,30,,31 Lotissement Salam,Oum Dreyga,,N,2,Y,Own
984,A00001099,Salma Barghoud,AB705602,34,Masters,4 Residence Al Massira,Sale,11000.0,Y,2,Y,Own
985,A00007199,Khadija Lahlou,JK694630,42,PhD,31 Hay Hassan II,Agadir,80000.0,Y,7,Y,Own
986,A00004128,Salma Tahiri,EE647397,56,Bachelor,42 Lotissement Mohammed V,Marrakech,40000.0,Y,3,Y,Own
987,A00007577,Zineb Fakhir,F345093,52,,28 Residence Mohammed V,Oujda,60010.0,Y,6,N,Mortgage
988,A00006827,Rania Tazi,N394946,29,High School,5 Avenue Al Massira,Essaouira,44000.0,Y,6,Y,Own
989,A00002893,Fatima Dadi,JK225884,42,Bachelor,27 Avenue Hlioua,Agadir,80000.0,Y,2,Y,Mortgage
990,A00000633,Fatima Ezzahra  Moufkir ,LA534402,52,,46 Residence Mohammed V,Larache,92000.0,Y,7,N,Rent
991,A00000769,Rachida Mansar,CC626406,52,MD,9 Residence Al Massira,Fes,30000.0,Y,7,N,Rent
992,A00000506,Malak Bachri,DN827150,37,Bachelor,13 Rue Al Houda,Meknes,50010.0,Y,7,Y,Mortgage
993,A00004849,Salma Eddoughmi,AB519682,39,Bachelor,16 Avenue Salam,Sale,11000.0,N,6,Y,Own
994,A00004378,Zineb El Fassi,N386127,54,College,49 Avenue Centrale,Essaouira,44000.0,N,7,Y,Own
995,A00003616,Fatima Bachri,X920526,44,High School,2 Rue Al Houda,Jebha,,Y,5,Y,Rent
996,A00007111,Salma Skalli,CC159900,50,College,1 Lotissement Zerktouni,Fes,30000.0,Y,2,Y,Rent
997,A00002272,Youssef Benchikh,JK559675,50,Bachelor,37 Hay Hassan II,Agadir,80000.0,N,6,Y,Mortgage
998,A00002350,Hajar El Yousfi,G249877,30,Masters,49 Avenue Al Qods,Kenitra,14110.0,N,7,Y,Rent
999,A00007403,Salma Moufkir ,F813442,47,High School,35 Boulevard Mohammed V,Oujda,60010.0,Y,2,Y,Mortgage
1000,A00008368,Adam El Fassi,CC648390,54,Bachelor,22 Boulevard Salam,Fes,30000.0,N,4,Y,Mortgage
1001,A00008725,Meryem Tazi,AG314800,44,High School,47 Boulevard Bernoussi,Rabat,11025.0,Y,4,Y,Rent
1002,A00008865,Kawtar Banoune,X183790,25,High School,37 Rue Hassan II,Taza Haut,,Y,5,Y,Rent
1003,A00000983,Khadija Moufkir ,X813070,53,College,46 Hay Al Houda,Ouaouizeght,,N,6,Y,Mortgage
1004,A00003062,Ahmed Ouazzani,F208086,27,Masters,17 Hay Bernoussi,Oujda,60010.0,Y,4,Y,Mortgage
1005,A00004237,Aya Amine,I809449,34,Bachelor,14 Rue El Fadl,Beni Mellal,23000.0,Y,7,Y,Mortgage
1006,A00008450,Hajar Farissi,X771384,51,Masters,1 Lotissement Al Qods,Arekmane,,Y,5,Y,Mortgage
1007,A00004386,Salma Radi,JK547174,46,Bachelor,5 Avenue El Fadl,Agadir,80000.0,Y,4,Y,Own
1008,A00002734,Mohammed Amine Kibala,BJ159452,56,Bachelor,15 Lotissement Al Massira,Casablanca,20220.0,N,5,Y,Own
1009,A00000067,Hassan Farissi,QA182135,32,Bachelor,23 Residence Zerktouni,Oued Zem,25200.0,Y,6,Y,Mortgage
1010,A00007983,Hassan Amrani,AG306356,60,,35 Avenue Centrale,Rabat,11025.0,Y,6,Y,Rent
1011,A00003828,Kaoutar Eddoughmi,JK279797,62,College,4 Rue Mohammed V,Agadir,80000.0,N,2,Y,Rent
1012,A00006885,Noha Moufkir ,L226192,43,Bachelor,28 Lotissement El Fadl,Tetouan,93000.0,Y,5,Y,Own
1013,A00008470,Rachida Radi,X468494,47,Bachelor,35 Rue Hlioua,Sidi Slimane,,N,7,Y,Own
1014,A00000844,Ahmed Benali,AG369926,48,Bachelor,2 Residence Al Houda,Rabat,11025.0,Y,2,Y,Rent
1015,A00009284,Malak Salhi,KB459127,59,Bachelor,39 Rue Salam,Tanger,90053.0,N,6,Y,Mortgage
1016,A00003658,Mohamed Metouali,F861832,60,Bachelor,7 Residence El Fadl,Oujda,60010.0,Y,2,Y,Rent
1017,A00000108,Fatima Ezzahra  Salhi,X440161,56,Masters,17 Residence El Fadl,Chichaoua,,Y,2,Y,Own
1018,A00008520,Kawtar El Fassi,JK713773,27,Bachelor,49 Avenue Hassan II,Agadir,80000.0,N,4,Y,Mortgage
1019,A00000720,Othmane Amrani,DN330178,35,PhD,33 Boulevard Al Massira,Meknes,50010.0,Y,6,Y,Mortgage
1020,A00008299,Ahmed Benali,X610831,33,PhD,27 Lotissement Al Massira,Bahouda,,N,2,Y,Rent
1021,A00001438,Rachida El Yousfi,JK705624,25,Bachelor,31 Boulevard Zerktouni,Agadir,80000.0,Y,6,N,Mortgage
1022,A00000366,Rania Dadi,X257054,60,College,41 Hay Al Massira,Inezgane,,Y,4,N,Own
1023,A00002102,Adam Metouali,JK571832,26,Bachelor,33 Lotissement Mohammed V,Agadir,80000.0,Y,5,Y,Own
1024,A00003373,Jamila Amine,KB474452,51,High School,44 Avenue Centrale,Tanger,90053.0,Y,5,Y,Own
1025,A00001545,Aya Fakhir,JK599307,28,MD,42 Rue Mohammed V,Agadir,80000.0,N,5,Y,Rent
1026,A00008557,Kaoutar Skalli,X210625,29,Bachelor,42 Avenue Hassan II,Ouezzane,,Y,5,Y,Rent
1027,A00005449,Khadija Dadi,X918712,35,High School,7 Hay El Fadl,Asilah,,Y,2,Y,Rent
1028,A00000904,Omar Ouazzani,M595456,50,College,22 Avenue Hlioua,El Jadida,24010.0,N,6,Y,Own
1029,A00006613,Jamila Bate,KB291229,30,Bachelor,35 Lotissement Al Qods,Tanger,90053.0,Y,4,Y,Own
1030,A00009681,Adam Benali,EE989501,63,Bachelor,12 Lotissement Al Qods,Marrakech,40000.0,N,4,Y,Rent
1031,A00002043,Rachida Ouazzani,X193330,63,Bachelor,21 Lotissement Centrale,Ameur Seflia,,Y,5,N,Mortgage
1032,A00004987,Hamza Fadili,CC184883,25,Bachelor,47 Lotissement El Fadl,Fes,30000.0,Y,2,Y,Own
1033,A00009129,Hajar Amrani,N620159,61,,25 Rue Hassan II,Essaouira,44000.0,N,7,Y,Own
1034,A00001605,Youssef Amrani,X108893,25,College,27 Hay Centrale,Youssoufia,,Y,7,Y,Mortgage
1035,A00009816,Amine Benali,JK820008,38,Bachelor,29 Avenue Hassan II,Agadir,80000.0,Y,5,Y,Rent
1036,A00003629,Othmane Moufkir ,X675034,28,MD,4 Lotissement Zerktouni,Tafoughalt,,Y,4,Y,Mortgage
1037,A00001594,Hiba Ouazzani,AG273737,38,Bachelor,1 Hay Centrale,Rabat,11025.0,Y,7,Y,Own
1038,A00006239,Kawtar Moufkir ,AB989632,33,Bachelor,7 Boulevard Zerktouni,Sale,11000.0,Y,6,Y,Mortgage
1039,A00006002,Fatima Benali,X524858,54,,20 Hay Al Massira,Skoura,,Y,2,N,Rent
1040,A00006421,Taha El Yousfi,DN668468,28,Bachelor,2 Avenue Al Houda,Meknes,50010.0,Y,2,Y,Own
1041,A00009272,Aya Salhi,AB135679,44,High School,10 Hay Hlioua,Sale,11000.0,N,6,Y,Mortgage
1042,A00003642,Hajar Tahiri,KB229263,63,College,45 Boulevard Al Houda,Tanger,90053.0,N,5,Y,Mortgage
1043,A00000033,Khaoula Benali,L243829,28,Bachelor,3 Lotissement Zerktouni,Tetouan,93000.0,N,2,Y,Mortgage
1044,A00001428,Khadija Fakhir,JA729082,28,Bachelor,7 Residence Al Massira,Guelmim,81000.0,Y,5,Y,Mortgage
1045,A00005561,Fatima Farissi,ZG507296,45,Bachelor,8 Residence Hlioua,Guercif,37000.0,N,6,Y,Mortgage
1046,A00007484,Hiba Lahlou,LF712153,38,Masters,38 Boulevard Al Houda,Fnideq,93200.0,N,2,N,Mortgage
1047,A00006112,Hamza Benchikh,SA404120,35,College,17 Avenue El Fadl,Nador,62000.0,Y,7,Y,Own
1048,A00002006,Salma El Fassi,CC261649,50,College,40 Avenue Bernoussi,Fes,30000.0,Y,3,Y,Mortgage
1049,A00009404,Omar Radi,KB460426,33,High School,37 Rue Hlioua,Tanger,90053.0,Y,6,Y,Own
1050,A00009235,Yahya Fakhir,CC427976,52,Bachelor,33 Residence Al Qods,Fes,30000.0,N,3,Y,Mortgage
1051,A00000751,Hassan El Fassi,CC252396,59,MD,49 Boulevard Salam,Fes,30000.0,Y,3,Y,Mortgage
1052,A00008315,Taha El Yousfi,JK956427,44,College,41 Boulevard Al Qods,Agadir,80000.0,N,3,Y,Mortgage
1053,A00009791,Adam Eddoughmi,SH371193,46,Bachelor,36 Hay Al Massira,Laayoune,70000.0,Y,5,N,Rent
1054,A00007508,Hiba Kibala,BJ691769,27,Bachelor,18 Residence Al Houda,Casablanca,20220.0,Y,4,Y,Rent
1055,A00005630,Yahya Amine,CC305893,27,High School,25 Boulevard Hlioua,Fes,30000.0,Y,6,Y,Own
1056,A00003027,Mohammed Amine Lahlou,X873707,62,Bachelor,20 Lotissement Al Houda,Driouch,,Y,2,Y,Mortgage
1057,A00002760,Yahya Kibala,AB153974,59,Masters,35 Hay Bernoussi,Sale,11000.0,Y,4,Y,Own
1058,A00000693,Meryem Eddoughmi,JK246212,37,High School,42 Residence Al Massira,Agadir,80000.0,Y,7,Y,Mortgage
1059,A00008899,Aya Barghoud,AG890780,47,MD,1 Boulevard Mohammed V,Rabat,11025.0,N,7,Y,Mortgage
1060,A00002792,Kawtar Benali,X769396,55,Bachelor,14 Residence Salam,Nouaceur,,Y,5,Y,Own
1061,A00004440,Amine El Fassi,X615306,58,High School,19 Rue Bernoussi,Ras El Ma,,Y,5,Y,Mortgage
1062,A00001209,Rachida Benali,KB646099,49,High School,43 Hay El Fadl,Tanger,90053.0,N,5,Y,Own
1063,A00001861,Omar Benchikh,JK958202,64,Bachelor,17 Boulevard Hlioua,Agadir,80000.0,Y,3,N,Own
1064,A00008447,Mohammed Amine Metouali,X843680,40,PhD,17 Residence Hlioua,Driouch,,Y,2,Y,Mortgage
1065,A00005968,Mohammed Amine Fadili,F745891,49,College,14 Rue Al Massira,Oujda,60010.0,Y,7,Y,Mortgage
1066,A00001259,Khadija Mansar,JK848364,36,Bachelor,32 Residence Mohammed V,Agadir,80000.0,N,7,Y,Own
1067,A00007454,Rachida El Yousfi,BJ544117,51,Bachelor,40 Lotissement Centrale,Casablanca,20220.0,N,3,Y,Rent
1068,A00001772,Aya El Yousfi,DN609869,52,High School,17 Residence Mohammed V,Meknes,50010.0,Y,6,Y,Rent
1069,A00003404,Noha Tahiri,X324524,49,Bachelor,19 Lotissement Hlioua,Khourubga,25000.0,Y,7,Y,Rent
1070,A00001040,Jamila Berrada,X857333,48,High School,41 Hay Hlioua,Rhaf Sai,,Y,7,Y,Mortgage
1071,A00000159,Mohamed Fakhir,AG990200,50,High School,23 Rue El Fadl,Rabat,11025.0,Y,4,Y,Own
1072,A00006892,Taha Lahlou,X405605,35,High School,10 Lotissement Hassan II,Ain Harrouda,,Y,5,Y,Mortgage
1073,A00003238,Aziza Benchikh,JK314028,57,Bachelor,33 Lotissement Mohammed V,Agadir,80000.0,Y,5,Y,Rent
1074,A00004697,Youssef Alaoui,X735295,60,PhD,4 Boulevard Zerktouni,Oulad Jamaa,,Y,5,Y,Mortgage
1075,A00006657,Amine Dadi,KB984059,29,MD,47 Avenue Salam,Tanger,90053.0,Y,7,Y,Own
1076,A00001365,Rachida Oufkir,JK526487,30,High School,48 Lotissement Hlioua,Agadir,80000.0,Y,4,Y,Own
1077,A00003181,Hamza Ouazzani,EE459351,41,College,42 Residence Bernoussi,Marrakech,40000.0,Y,2,Y,Rent
1078,A00000623,Hiba El Yousfi,EE740035,41,Bachelor,16 Lotissement Hassan II,Marrakech,40000.0,Y,5,Y,Rent
1079,A00005877,Youssef Bennani,JK342895,56,High School,25 Lotissement Al Massira,Agadir,80000.0,Y,3,Y,Mortgage
1080,A00001341,Taha El Idrissi,X574961,60,College,11 Rue Hlioua,Sebt El Guerdane,,N,6,Y,Rent
1081,A00003321,Youssef Salhi,AG304015,38,PhD,7 Residence Mohammed V,Rabat,11025.0,N,3,Y,Mortgage
1082,A00008537,Taha Oufkir,DN985648,28,Bachelor,33 Lotissement Salam,Meknes,50010.0,Y,2,Y,Rent
1083,A00006984,Malak El Idrissi,N464857,46,College,42 Hay Al Houda,Essaouira,44000.0,Y,5,Y,Rent
1084,A00009887,Fatima Bachri,F266435,56,Bachelor,48 Boulevard Bernoussi,Oujda,60010.0,Y,3,Y,Own
1085,A00007269,Rachida Fadili,BJ483161,48,Bachelor,17 Lotissement Zerktouni,Casablanca,20220.0,N,6,Y,Own
1086,A00000568,Malak Salhi,EE366038,30,High School,10 Hay Salam,Marrakech,40000.0,Y,4,Y,Own
1087,A00005932,Adam Banoune,G170663,32,High School,8 Avenue Zerktouni,Kenitra,14110.0,Y,4,Y,Own
1088,A00000226,Yahya Lahlou,X977145,58,Masters,19 Rue Bernoussi,Ras El Ma,,N,2,Y,Rent
1089,A00009331,Othmane Farissi,F436688,33,Bachelor,8 Residence Mohammed V,Oujda,60010.0,Y,3,Y,Own
1090,A00000408,Taha El Fassi,X511001,48,Bachelor,31 Residence Centrale,Akka,,Y,6,Y,Mortgage
1091,A00001436,Mohamed Benali,X538751,30,College,31 Lotissement Hassan II,Agoudal,,Y,6,Y,Mortgage
1092,A00009274,Rania Oufkir,X807029,32,,17 Residence El Fadl,Chichaoua,,Y,3,Y,Rent
1093,A00000038,Youssef El Idrissi,EE349120,56,,14 Rue Al Massira,Marrakech,40000.0,Y,4,Y,Rent
1094,A00001700,Hassan El Yousfi,CC272952,35,High School,27 Residence Hassan II,Fes,30000.0,N,6,N,Mortgage
1095,A00007729,Hiba Moufkir ,X942625,48,High School,31 Lotissement Zerktouni,Mhaya,,N,6,Y,Own
1096,A00002617,Youssef Amine,X675248,27,High School,10 Hay Bernoussi,Erfoud,,Y,2,Y,Mortgage
1097,A00001692,Kaoutar Kibala,X201209,53,Bachelor,38 Hay Hassan II,Ouezzane,,Y,5,Y,Own
1098,A00004636,Mohamed El Yousfi,DN365335,34,Bachelor,31 Lotissement Mohammed V,Meknes,50010.0,Y,6,Y,Rent
1099,A00003302,Noha Ouazzani,QA209029,61,College,22 Avenue Salam,Oued Zem,25200.0,N,3,Y,Rent
1100,A00004115,Khaoula Moufkir ,P501607,30,Bachelor,46 Residence Zerktouni,Ouarzazate,45000.0,Y,5,Y,Own
1101,A00007267,Youssef Amine,X447233,59,College,22 Residence Mohammed V,Mathews,,Y,6,Y,Mortgage
1102,A00001364,Ahmed Moufkir ,X603635,55,Bachelor,10 Hay Zerktouni,Ouezzane,,Y,5,N,Mortgage
1103,A00005690,Fatima Ezzahra  El Yousfi,CC865708,57,Bachelor,35 Residence Hassan II,Fes,30000.0,Y,6,Y,Mortgage
1104,A00008127,Kaoutar Tahiri,X668212,37,,5 Residence Bernoussi,M'diq,,Y,7,Y,Rent
1105,A00005384,Hiba Moufkir ,BJ362592,30,Masters,6 Avenue Salam,Casablanca,20220.0,Y,2,N,Mortgage
1106,A00009605,Zineb Metouali,KB672440,43,High School,3 Rue Zerktouni,Tanger,90053.0,Y,5,Y,Rent
1107,A00005677,Rachida Dadi,AB811791,57,,34 Rue Al Massira,Sale,11000.0,N,2,Y,Mortgage
1108,A00004365,Fatima Benali,CC157503,45,Bachelor,39 Hay Centrale,Fes,30000.0,N,4,Y,Rent
1109,A00002067,Khaoula Fadili,N507080,46,Bachelor,45 Residence Centrale,Essaouira,44000.0,Y,7,Y,Mortgage
1110,A00007380,Mohamed Fadili,DN693035,38,High School,14 Hay Mohammed V,Meknes,50010.0,Y,6,Y,Rent
1111,A00001524,Yahya El Yousfi,X510015,28,High School,19 Boulevard Mohammed V,Rissani,,Y,5,Y,Mortgage
1112,A00003978,Aziza Bennani,X751775,39,Bachelor,5 Hay Al Massira,Ouezzane,,Y,7,Y,Mortgage
1113,A00009355,Jamila Benali,AG875717,49,High School,26 Boulevard Al Qods,Rabat,11025.0,Y,4,N,Own
1114,A00004586,Mohammed Amine Moufkir ,M570920,27,Bachelor,25 Hay Centrale,El Jadida,24010.0,Y,3,Y,Own
1115,A00004045,Amine Fadili,AB317664,31,MD,9 Avenue Al Massira,Sale,11000.0,N,4,Y,Mortgage
1116,A00002873,Hajar Banoune,HH321365,40,MD,43 Boulevard Mohammed V,Safi,46000.0,N,3,Y,Mortgage
1117,A00008398,Yahya Radi,AG860009,44,Bachelor,21 Avenue Hlioua,Rabat,11025.0,Y,6,Y,Own
1118,A00000281,Hajar Lahlou,AG173470,51,Masters,4 Lotissement Bernoussi,Rabat,11025.0,N,7,Y,Mortgage
1119,A00009279,Hajar Oufkir,EE714015,54,Masters,1 Hay Mohammed V,Marrakech,40000.0,N,2,Y,Own
1120,A00006953,Adam Dadi,KB778436,31,Masters,38 Hay Salam,Tanger,90053.0,Y,7,Y,Mortgage
1121,A00000402,Khaoula Metouali,X705660,35,Bachelor,15 Boulevard Salam,Ahfir,,Y,2,Y,Mortgage
1122,A00000955,Malak Bennani,AB998016,31,Masters,23 Rue Centrale,Sale,11000.0,Y,5,Y,Own
1123,A00002333,Hajar Barghoud,G459999,59,High School,21 Avenue Al Houda,Kenitra,14110.0,Y,5,Y,Mortgage
1124,A00008956,Rachida Barghoud,F252144,42,College,43 Rue El Fadl,Oujda,60010.0,Y,2,Y,Mortgage
1125,A00005066,Kawtar Metouali,X600851,45,Bachelor,2 Boulevard Al Massira,Nouaceur,,Y,5,Y,Mortgage
1126,A00003523,Hajar El Idrissi,SA873622,52,Bachelor,8 Rue Al Qods,Nador,62000.0,Y,5,Y,Own
1127,A00008487,Hamza Skalli,CC248716,27,MD,11 Lotissement Mohammed V,Fes,30000.0,Y,5,Y,Own
1128,A00002881,Khaoula Metouali,AG391522,49,Bachelor,1 Residence Mohammed V,Rabat,11025.0,Y,6,Y,Own
1129,A00006520,Aziza Barghoud,F994067,42,High School,12 Boulevard Mohammed V,Oujda,60010.0,Y,7,Y,Rent
1130,A00000168,Mohammed Amine Kibala,EE159468,44,Bachelor,23 Residence Salam,Marrakech,40000.0,Y,3,Y,Rent
1131,A00007560,Youssef Kibala,AB290702,47,High School,9 Avenue Centrale,Sale,11000.0,Y,3,Y,Rent
1132,A00007126,Hajar Farissi,X663105,57,High School,32 Rue Salam,Sidi Slimane,,N,5,Y,Mortgage
1133,A00008044,Mohammed Amine El Fassi,N978589,39,Bachelor,26 Residence Salam,Essaouira,44000.0,Y,6,Y,Mortgage
1134,A00000867,Othmane Fadili,SA765856,54,Bachelor,30 Residence Mohammed V,Nador,62000.0,Y,5,Y,Own
1135,A00009484,Ahmed Moufkir ,AB448074,63,Bachelor,32 Lotissement Hlioua,Sale,11000.0,N,2,Y,Own
1136,A00004758,Mohamed Radi,EE578055,35,Bachelor,36 Residence Salam,Marrakech,40000.0,Y,3,Y,Rent
1137,A00009285,Aya Ouazzani,L191898,63,High School,44 Rue Centrale,Tetouan,93000.0,Y,2,Y,Mortgage
1138,A00002847,Youssef Farissi,WA185183,50,Bachelor,30 Avenue Bernoussi,Berrechid,26100.0,N,3,Y,Mortgage
1139,A00004620,Meryem Bachri,BJ218720,61,High School,41 Avenue El Fadl,Casablanca,20220.0,Y,5,Y,Mortgage
1140,A00005941,Amine Tahiri,X436033,51,MD,22 Avenue Hlioua,Khourubga,25000.0,N,4,Y,Rent
1141,A00008749,Noha Kibala,R305107,61,Masters,3 Boulevard Hlioua,El Hoceima,32000.0,Y,7,Y,Mortgage
1142,A00007461,Noha Farissi,DN154637,34,Bachelor,17 Avenue Al Qods,Meknes,50010.0,Y,7,Y,Mortgage
1143,A00006150,Hiba Dadi,AB906090,42,,4 Residence Al Massira,Sale,11000.0,Y,3,Y,Own
1144,A00003394,Khadija Tazi,BJ208221,54,Bachelor,40 Rue Centrale,Casablanca,20220.0,Y,6,Y,Mortgage
1145,A00002431,Kawtar Barghoud,X541098,48,Masters,13 Boulevard Zerktouni,Touissit,,Y,2,Y,Rent
1146,A00001725,Othmane Lahlou,BJ218535,61,Bachelor,12 Rue Al Qods,Casablanca,20220.0,N,2,Y,Rent
1147,A00004828,Hiba Benali,BJ722321,47,Bachelor,12 Boulevard Bernoussi,Casablanca,20220.0,Y,3,Y,Rent
1148,A00002751,Othmane Mansar,AG869821,35,Bachelor,26 Residence El Fadl,Rabat,11025.0,Y,2,Y,Rent
1149,A00006735,Zineb Fadili,N827372,45,Bachelor,15 Hay Al Houda,Essaouira,44000.0,Y,5,Y,Mortgage
1150,A00008597,Hamza Radi,DA360270,49,Bachelor,46 Residence Zerktouni,Azrou,53100.0,Y,7,Y,Rent
1151,A00002033,Malak Ouazzani,X446457,45,Bachelor,42 Avenue Hassan II,Ouezzane,,Y,6,Y,Mortgage
1152,A00002785,Mohammed Amine Fadili,G504706,31,High School,47 Residence El Fadl,Kenitra,14110.0,Y,6,Y,Mortgage
1153,A00006871,Hassan Mansar,CC682317,60,Bachelor,32 Hay Salam,Fes,30000.0,Y,7,Y,Rent
1154,A00007364,Noha Banoune,G617857,55,Bachelor,18 Lotissement Bernoussi,Kenitra,14110.0,Y,3,Y,Own
1155,A00005186,Omar Metouali,AG660067,41,High School,37 Lotissement Bernoussi,Rabat,11025.0,Y,4,Y,Mortgage
1156,A00005543,Omar Mansar,X370023,31,Bachelor,32 Lotissement Mohammed V,Imi n'Tanoute,,N,4,N,Own
1157,A00006400,Kaoutar Metouali,G687894,36,High School,30 Lotissement Al Houda,Kenitra,14110.0,Y,2,Y,Own
1158,A00001687,Zineb El Fassi,SA995450,43,Masters,11 Hay El Fadl,Nador,62000.0,Y,3,Y,Own
1159,A00001015,Mohammed Amine Alaoui,CC830631,54,Bachelor,1 Lotissement Zerktouni,Fes,30000.0,Y,5,N,Rent
1160,A00003142,Adam Amrani,L471863,50,,24 Lotissement Salam,Tetouan,93000.0,N,6,Y,Mortgage
1161,A00004791,Hamza Benchikh,CC126627,33,Bachelor,40 Avenue Bernoussi,Fes,30000.0,Y,5,Y,Rent
1162,A00008148,Rachida El Idrissi,EE974058,33,Bachelor,23 Residence Salam,Marrakech,40000.0,Y,4,Y,Mortgage
1163,A00009097,Adam Oufkir,DN378679,51,High School,33 Residence Zerktouni,Meknes,50010.0,Y,6,Y,Rent
1164,A00006462,Amine Dadi,CB576388,39,College,16 Rue Al Qods,Sefrou,31000.0,N,2,Y,Rent
1165,A00003402,Taha Bennani,FA862301,34,Bachelor,8 Lotissement Salam,Berkane,60300.0,Y,7,Y,Mortgage
1166,A00003121,Rachida Fakhir,P617894,31,Bachelor,12 Hay Salam,Ouarzazate,45000.0,N,6,Y,Own
1167,A00009732,Yahya Oufkir,X907756,31,High School,28 Hay Al Massira,Sidi Slimane,,Y,3,Y,Mortgage
1168,A00001989,Othmane Mansour,JK676471,57,Bachelor,29 Lotissement Centrale,Agadir,80000.0,Y,3,Y,Own
1169,A00002390,Othmane Oufkir,X882835,56,High School,42 Lotissement Salam,Oued Laou,,Y,6,Y,Rent
1170,A00000963,Zineb Bate,DN470786,61,Bachelor,26 Rue Al Houda,Meknes,50010.0,Y,3,Y,Own
1171,A00002467,Salma Banoune,JA855319,29,Bachelor,5 Rue Al Houda,Guelmim,81000.0,Y,5,Y,Own
1172,A00002489,Ahmed Mansour,G780115,31,Bachelor,31 Rue Zerktouni,Kenitra,14110.0,Y,6,N,Mortgage
1173,A00009771,Aziza Fakhir,JK274523,33,Bachelor,47 Lotissement Al Qods,Agadir,80000.0,Y,3,Y,Rent
1174,A00002640,Meryem Eddoughmi,EA409906,62,,43 Hay Al Houda,Ben Guerir,43150.0,Y,5,Y,Rent
1175,A00006457,Othmane Amrani,X830770,41,High School,32 Boulevard Al Qods,Asni,,Y,7,Y,Rent
1176,A00005819,Aziza El Idrissi,BJ174862,58,Bachelor,17 Lotissement Zerktouni,Casablanca,20220.0,Y,6,Y,Mortgage
1177,A00002591,Hajar Metouali,X881426,41,MD,20 Avenue Centrale,Chichaoua,,Y,4,Y,Mortgage
1178,A00001014,Rachida Tazi,CC422768,53,High School,26 Avenue Al Houda,Fes,30000.0,Y,2,Y,Mortgage
1179,A00002811,Jamila Jamal,KB935951,27,Masters,30 Residence Al Houda,Tanger,90053.0,N,5,Y,Rent
1180,A00002828,Salma Banoune,HH423943,38,College,17 Boulevard Salam,Safi,46000.0,Y,7,Y,Rent
1181,A00006965,Malak Dadi,Y295090,45,Bachelor,33 Hay Hassan II,El Kelaa des Sraghna,43000.0,N,3,Y,Rent
1182,A00005031,Noha Banoune,EE606797,61,Bachelor,39 Residence Centrale,Marrakech,40000.0,N,2,Y,Rent
1183,A00003835,Omar El Yousfi,X213507,33,High School,1 Boulevard Al Qods,Gzenaya,,Y,2,Y,Mortgage
1184,A00000029,Aziza Dadi,AB465519,60,Bachelor,24 Rue Al Qods,Sale,11000.0,Y,2,Y,Mortgage
1185,A00005799,Ahmed Bennani,N727690,43,PhD,5 Avenue Hlioua,Essaouira,44000.0,Y,3,Y,Own
1186,A00002180,Aziza Mansar,CC814271,37,Bachelor,26 Lotissement Al Massira,Fes,30000.0,Y,6,Y,Rent
1187,A00007001,Noha Jamal,G860864,64,Bachelor,6 Hay Hlioua,Kenitra,14110.0,N,7,Y,Mortgage
1188,A00006926,Hiba Bate,L395746,39,Bachelor,7 Avenue Mohammed V,Tetouan,93000.0,N,5,Y,Mortgage
1189,A00006186,Othmane El Idrissi,X707246,51,PhD,26 Lotissement Hassan II,Igli,,N,5,Y,Rent
1190,A00008886,Youssef Moufkir ,AG170110,61,High School,6 Residence Al Qods,Rabat,11025.0,Y,2,Y,Mortgage
1191,A00001527,Rania Oufkir,EE602093,42,Bachelor,19 Boulevard Salam,Marrakech,40000.0,Y,2,Y,Own
1192,A00007049,Hiba Ouazzani,M366359,61,,13 Boulevard Centrale,El Jadida,24010.0,Y,2,Y,Rent
1193,A00005652,Omar Amine,JK872964,53,Bachelor,33 Lotissement El Fadl,Agadir,80000.0,Y,6,Y,Mortgage
1194,A00009071,Youssef El Idrissi,JA172969,64,Bachelor,7 Hay Mohammed V,Guelmim,81000.0,N,6,Y,Own
1195,A00007646,Ahmed Mansour,EE430337,61,Bachelor,42 Lotissement Mohammed V,Marrakech,40000.0,N,4,Y,Rent
1196,A00000243,Rania Fakhir,X337840,59,PhD,44 Lotissement Hlioua,Tahla,,N,6,Y,Own
1197,A00002166,Fatima Barghoud,CC645565,39,PhD,44 Lotissement Zerktouni,Fes,30000.0,Y,2,Y,Rent
1198,A00009540,Amine Tazi,AG322821,46,High School,37 Rue Al Qods,Rabat,11025.0,Y,5,Y,Own
1199,A00000982,Aziza Kibala,X800237,27,Bachelor,17 Residence Hlioua,Driouch,,Y,5,Y,Mortgage
1200,A00001800,Hassan Bate,X580682,50,Bachelor,39 Hay Bernoussi,,,Y,2,Y,Mortgage
1201,A00000298,Noha Berrada,X901317,33,College,18 Avenue Al Qods,Demnate,,N,6,Y,Mortgage
1202,A00008697,Rachida Moufkir ,JK528481,58,College,21 Hay Centrale,Agadir,80000.0,N,2,Y,Mortgage
1203,A00009364,Zineb Dadi,GK431678,29,Masters,38 Avenue Salam,Sidi Kacem,16000.0,Y,5,Y,Own
1204,A00006192,Noha Farissi,CC615259,28,Masters,39 Residence El Fadl,Fes,30000.0,Y,4,Y,Mortgage
1205,A00003461,Fatima Banoune,DN405080,61,Bachelor,22 Rue El Fadl,Meknes,50010.0,Y,5,Y,Mortgage
1206,A00005098,Hassan Radi,KB827861,33,High School,49 Hay El Fadl,Tanger,90053.0,N,3,Y,Rent
1207,A00003356,Rania Eddoughmi,T673387,48,Bachelor,42 Residence Salam,Mohammedia,28810.0,N,6,Y,Rent
1208,A00007385,Hassan Farissi,X398633,53,Bachelor,19 Lotissement Hlioua,Khourubga,25000.0,Y,4,Y,Own
1209,A00009333,Salma Amrani,AB580301,60,PhD,7 Hay Centrale,Sale,11000.0,N,5,Y,Mortgage
1210,A00003678,Salma Eddoughmi,JK482985,63,Bachelor,9 Lotissement El Fadl,Agadir,80000.0,Y,4,Y,Mortgage
1211,A00006012,Omar Mansar,G299960,29,High School,22 Rue Zerktouni,Kenitra,14110.0,N,6,Y,Rent
1212,A00006344,Yahya Benali,AG416278,30,High School,25 Hay Centrale,Rabat,11025.0,N,6,Y,Mortgage
1213,A00003647,Fatima Ezzahra  Moufkir ,KB629261,62,College,39 Boulevard Al Massira,Tanger,90053.0,Y,6,Y,Rent
1214,A00001564,Hamza Moufkir ,G667128,60,High School,48 Lotissement Hassan II,Kenitra,14110.0,Y,3,Y,Rent
1215,A00006230,Hiba Radi,AG910489,50,High School,6 Rue Hassan II,Rabat,11025.0,Y,5,Y,Own
1216,A00003752,Salma Bennani,L671051,35,College,24 Lotissement Salam,Tetouan,93000.0,Y,4,Y,Own
1217,A00005817,Youssef Amine,JA349659,54,Bachelor,38 Lotissement Bernoussi,Guelmim,81000.0,Y,6,Y,Rent
1218,A00002022,Hajar Lahlou,Y422007,39,Bachelor,47 Lotissement Hassan II,El Kelaa des Sraghna,43000.0,Y,3,Y,Mortgage
1219,A00000110,Mohammed Amine El Fassi,JK954220,54,Bachelor,2 Lotissement Zerktouni,Agadir,80000.0,Y,2,Y,Own
1220,A00000059,Adam El Fassi,X726251,32,High School,49 Boulevard Al Qods,Fquih Ben Salah,,N,5,Y,Rent
1221,A00007250,Youssef El Yousfi,X510621,55,High School,18 Residence Al Houda,Agdz,,Y,3,Y,Own
1222,A00005559,Rania Banoune,X839298,26,,11 Boulevard Mohammed V,Iferni,,Y,7,Y,Mortgage
1223,A00007320,Khaoula Mansour,KB784717,50,High School,47 Rue Salam,Tanger,90053.0,Y,7,Y,Rent
1224,A00003527,Malak Bennani,CC187558,37,Bachelor,33 Lotissement Mohammed V,Fes,30000.0,Y,4,Y,Own
1225,A00006516,Mohammed Amine Oufkir,DN830829,55,High School,48 Hay Mohammed V,Meknes,50010.0,Y,3,Y,Rent
1226,A00004878,Hiba Fakhir,JA940812,43,High School,7 Hay Mohammed V,Guelmim,81000.0,N,2,Y,Rent
1227,A00001898,Rachida Radi,X489922,63,High School,21 Residence Al Massira,Agoudal,,N,3,Y,Rent
1228,A00008240,Youssef Kibala,JK129223,33,High School,8 Avenue Salam,Agadir,80000.0,Y,6,Y,Rent
1229,A00002062,Salma Bate,N702203,27,Bachelor,37 Lotissement Al Massira,Essaouira,44000.0,N,2,Y,Own
1230,A00008049,Mohammed Amine Oufkir,X873979,63,High School,47 Boulevard Al Qods,Selouane,,Y,3,Y,Own
1231,A00000043,Fatima Salhi,JK319000,34,,47 Boulevard Centrale,Agadir,80000.0,Y,7,Y,Rent
1232,A00009840,Aziza Amrani,JK497301,35,PhD,45 Boulevard Centrale,Agadir,80000.0,Y,7,Y,Own
1233,A00004433,Khadija El Fassi,DN389046,30,High School,40 Avenue Hassan II,Meknes,50010.0,Y,3,Y,Mortgage
1234,A00008396,Amine Bate,AG203987,56,Bachelor,20 Boulevard Zerktouni,Rabat,11025.0,Y,5,Y,Own
1235,A00000056,Mohamed Kibala,G282604,35,Bachelor,13 Rue Al Qods,Kenitra,14110.0,N,4,Y,Mortgage
1236,A00004909,Amine Benchikh,CC170965,36,High School,27 Hay El Fadl,Fes,30000.0,Y,6,Y,Rent
1237,A00002039,Fatima Ezzahra  Banoune,BJ135955,56,Bachelor,14 Residence Zerktouni,Casablanca,20220.0,Y,2,Y,Own
1238,A00000373,Omar Farissi,X397940,33,Bachelor,6 Avenue Mohammed V,Khenifra,,N,6,Y,Own
1239,A00001354,Omar Amine,X304234,33,Bachelor,39 Avenue Mohammed V,Er-Rich,,Y,4,Y,Rent
1240,A00004360,Youssef Bate,JA184869,58,,16 Hay Zerktouni,Guelmim,81000.0,N,7,Y,Own
1241,A00001136,Amine Alaoui,DN569946,50,Bachelor,46 Residence Bernoussi,Meknes,50010.0,Y,7,Y,Mortgage
1242,A00009155,Noha Benchikh,X662393,57,College,10 Hay Bernoussi,Erfoud,,N,2,Y,Rent
1243,A00008328,Hiba Fakhir,JK643809,25,Bachelor,47 Avenue El Fadl,Agadir,80000.0,Y,5,Y,Own
1244,A00002319,Malak Benchikh,X189700,50,Masters,14 Lotissement Bernoussi,Er-Rich,,N,6,Y,Mortgage
1245,A00005492,Othmane Skalli,DN514218,27,High School,48 Hay Mohammed V,Meknes,50010.0,Y,5,Y,Rent
1246,A00009268,Amine El Idrissi,GK255297,49,Bachelor,41 Avenue Bernoussi,Sidi Kacem,16000.0,N,5,Y,Mortgage
1247,A00005335,Rania Tazi,X806216,44,High School,42 Boulevard Bernoussi,Sidi Yahya Zaer,,Y,3,Y,Own
1248,A00008830,Hamza Salhi,AG302087,49,Bachelor,14 Boulevard Al Qods,Rabat,11025.0,Y,7,Y,Own
1249,A00005537,Mohammed Amine Amine,X966315,44,Bachelor,20 Hay Al Massira,Skoura,,N,5,Y,Rent
1250,A00009953,Taha El Idrissi,JA546641,50,High School,42 Lotissement Al Massira,Guelmim,81000.0,Y,5,Y,Mortgage
1251,A00002312,Noha Lahlou,N552924,54,High School,41 Boulevard Al Houda,Essaouira,44000.0,Y,5,Y,Mortgage
1252,A00004058,Fatima Ezzahra  Ouazzani,CC299684,51,Bachelor,5 Boulevard Bernoussi,Fes,30000.0,Y,6,Y,Rent
1253,A00006936,Malak Dadi,X940097,64,Bachelor,2 Hay Salam,Kerrouchen,,Y,5,Y,Own
1254,A00000200,Omar Moufkir ,X497483,39,Bachelor,10 Boulevard Hassan II,Ksar Sghir,,Y,5,Y,Rent
1255,A00005700,Taha Bennani,N881124,48,High School,40 Lotissement Mohammed V,Essaouira,44000.0,Y,7,Y,Mortgage
1256,A00005408,Khadija Barghoud,X331248,62,Bachelor,36 Avenue Hassan II,Beni Ayat,,N,6,Y,Rent
1257,A00002144,Kaoutar Amine,HH593679,25,Bachelor,7 Lotissement Hlioua,Safi,46000.0,Y,2,Y,Mortgage
1258,A00005919,Youssef Ouazzani,X163207,54,Bachelor,4 Lotissement Zerktouni,Tafoughalt,,Y,7,N,Mortgage
1259,A00008512,Hajar Mansour,AB751558,37,Bachelor,47 Residence Zerktouni,Sale,11000.0,Y,6,Y,Mortgage
1260,A00005538,Yahya Eddoughmi,EE186317,32,Bachelor,7 Hay Hlioua,Marrakech,40000.0,Y,6,Y,Own
1261,A00000202,Hiba Dadi,X795520,56,High School,38 Avenue Zerktouni,Gueznaia,,Y,5,Y,Mortgage
1262,A00005369,Taha Salhi,DN953050,64,High School,1 Boulevard Al Massira,Meknes,50010.0,Y,5,Y,Rent
1263,A00002448,Rania Bate,X365060,27,Masters,3 Hay Al Qods,Missour,,Y,2,Y,Own
1264,A00001602,Youssef Tazi,EE887585,27,High School,23 Lotissement Salam,Marrakech,40000.0,Y,3,Y,Own
1265,A00003068,Hassan Tazi,F626636,57,,29 Avenue Al Qods,Oujda,60010.0,Y,4,Y,Rent
1266,A00003147,Khadija Tahiri,AB161356,62,Bachelor,7 Hay Centrale,Sale,11000.0,Y,5,Y,Mortgage
1267,A00005468,Omar Amrani,JK610103,40,High School,17 Rue Al Qods,Agadir,80000.0,Y,6,N,Mortgage
1268,A00007562,Salma Fakhir,X724547,41,MD,24 Residence Centrale,Saadla,,Y,6,Y,Own
1269,A00006439,Aziza Berrada,X179489,43,High School,28 Rue Hlioua,Khourubga,25000.0,Y,4,Y,Rent
1270,A00005281,Fatima El Fassi,EE764891,41,Bachelor,33 Boulevard Hlioua,Marrakech,40000.0,Y,2,Y,Mortgage
1271,A00000763,Hajar Banoune,X592962,49,College,16 Lotissement Centrale,Jorf El Melha,,Y,6,Y,Own
1272,A00002405,Aziza Lahlou,X344739,50,High School,19 Hay Bernoussi,Foum Jamaa,,N,2,Y,Rent
1273,A00002488,Hajar El Yousfi,X721650,57,Bachelor,30 Residence Hassan II,Teroual,,Y,7,N,Mortgage
1274,A00008133,Mohamed Bennani,F795490,61,PhD,22 Boulevard Zerktouni,Oujda,60010.0,N,7,Y,Mortgage
1275,A00003464,Hiba Barghoud,X449235,38,Bachelor,37 Hay Zerktouni,Ben Taieb,,N,2,Y,Own
1276,A00002374,Adam Mansour,P684817,42,High School,47 Rue Hlioua,Ouarzazate,45000.0,N,5,Y,Mortgage
1277,A00006660,Fatima Ezzahra  Ouazzani,G983961,52,College,35 Lotissement Al Houda,Kenitra,14110.0,N,4,Y,Rent
1278,A00003869,Fatima Benali,AB537764,42,Masters,11 Avenue Salam,Sale,11000.0,N,3,Y,Mortgage
1279,A00003167,Hassan Radi,EE799044,40,High School,1 Rue Bernoussi,Marrakech,40000.0,Y,2,Y,Rent
1280,A00009108,Hassan Alaoui,AG421220,44,High School,33 Lotissement Al Houda,Rabat,11025.0,Y,4,Y,Mortgage
1281,A00003382,Kawtar Skalli,JA170576,51,MD,39 Boulevard Centrale,Guelmim,81000.0,N,7,Y,Mortgage
1282,A00006377,Youssef Fadili,F928131,52,Bachelor,37 Avenue Mohammed V,Oujda,60010.0,Y,7,Y,Mortgage
1283,A00003708,Aziza El Yousfi,G380063,49,Masters,47 Lotissement Bernoussi,Kenitra,14110.0,Y,2,Y,Rent
1284,A00000250,Hiba Banoune,KB638057,39,High School,4 Hay Al Qods,Tanger,90053.0,N,3,Y,Mortgage
1285,A00004129,Noha Eddoughmi,AG419337,48,College,31 Residence Centrale,Rabat,11025.0,N,6,Y,Rent
1286,A00000599,Noha Amrani,L678094,36,Bachelor,46 Rue Al Houda,Tetouan,93000.0,Y,6,Y,Rent
1287,A00002888,Omar Benchikh,F221609,60,,14 Avenue Centrale,Oujda,60010.0,N,3,Y,Own
1288,A00002602,Ahmed Barghoud,N185286,32,High School,9 Lotissement Mohammed V,Essaouira,44000.0,Y,2,Y,Mortgage
1289,A00006881,Hamza Metouali,EE330845,40,Bachelor,25 Boulevard Hassan II,Marrakech,40000.0,Y,6,Y,Mortgage
1290,A00004801,Zineb Skalli,X931332,30,Masters,31 Residence Salam,MideltDakhla,,N,6,Y,Rent
1291,A00006059,Jamila Kibala,BJ215348,35,High School,17 Boulevard Mohammed V,Casablanca,20220.0,N,2,Y,Mortgage
1292,A00004523,Hiba Fakhir,JK337578,31,Bachelor,21 Hay Centrale,Agadir,80000.0,N,5,Y,Mortgage
1293,A00002809,Hajar Moufkir ,HH337857,53,College,45 Boulevard Bernoussi,Safi,46000.0,N,5,Y,Mortgage
1294,A00002534,Mohammed Amine Amine,N956444,39,Bachelor,41 Hay Hassan II,Essaouira,44000.0,N,5,Y,Mortgage
1295,A00006789,Youssef El Yousfi,AB565118,34,College,7 Hay Centrale,Sale,11000.0,Y,7,Y,Mortgage
1296,A00002706,Kawtar Bachri,CC390715,61,Bachelor,44 Rue Hassan II,Fes,30000.0,Y,3,N,Rent
1297,A00004395,Omar Alaoui,JA358154,50,Bachelor,16 Lotissement Bernoussi,Guelmim,81000.0,N,3,Y,Own
1298,A00009187,Ahmed El Idrissi,AB458378,39,Bachelor,32 Lotissement Hlioua,Sale,11000.0,Y,2,Y,Rent
1299,A00006162,Khadija Lahlou,G713006,61,PhD,30 Lotissement Al Massira,Kenitra,14110.0,Y,2,Y,Mortgage
1300,A00006327,Fatima Ezzahra  Kibala,N280449,54,College,47 Residence Al Houda,Essaouira,44000.0,Y,6,Y,Rent
1301,A00003510,Rachida Bennani,EE998261,64,,14 Rue Al Massira,Marrakech,40000.0,Y,6,Y,Own
1302,A00009311,Yahya Tazi,M914435,35,College,4 Residence Centrale,El Jadida,24010.0,Y,5,Y,Own
1303,A00006164,Khaoula Salhi,EE645515,44,Bachelor,38 Boulevard Bernoussi,Marrakech,40000.0,N,7,Y,Mortgage
1304,A00000458,Jamila Radi,CC943412,29,Bachelor,1 Boulevard Centrale,Fes,30000.0,Y,4,Y,Mortgage
1305,A00004884,Hassan Alaoui,EE613522,26,High School,45 Boulevard Hassan II,Marrakech,40000.0,Y,3,Y,Mortgage
1306,A00008961,Kawtar Fadili,W603758,63,Bachelor,3 Residence Bernoussi,Settat,26000.0,Y,6,N,Rent
1307,A00000288,Adam Kibala,KB732635,49,PhD,3 Residence Salam,Tanger,90053.0,Y,7,N,Own
1308,A00001063,Hajar Skalli,AG176706,64,High School,3 Hay Hassan II,Rabat,11025.0,Y,7,Y,Own
1309,A00000207,Aya Skalli,AG322958,26,College,25 Hay Hassan II,Rabat,11025.0,Y,5,Y,Mortgage
1310,A00001633,Mohammed Amine El Fassi,BJ394835,61,High School,47 Hay Bernoussi,Casablanca,20220.0,Y,4,Y,Own
1311,A00005130,Mohamed Metouali,JC580381,50,Masters,43 Avenue Hlioua,Taaroudant,83000.0,N,2,Y,Mortgage
1312,A00000041,Hiba Dadi,AG250029,35,College,4 Residence Al Houda,Rabat,11025.0,Y,2,Y,Mortgage
1313,A00006811,Malak Benchikh,AG404621,32,College,15 Residence Hlioua,Rabat,11025.0,Y,6,Y,Own
1314,A00007869,Amine Banoune,R548088,64,High School,26 Residence Mohammed V,El Hoceima,32000.0,N,2,Y,Rent
1315,A00001203,Amine Bachri,KB304315,40,Bachelor,36 Hay Hassan II,Tanger,90053.0,Y,5,Y,Own
1316,A00000367,Youssef Oufkir,X993102,37,College,43 Rue Centrale,Dcheira El Jihadia,,Y,5,Y,Own
1317,A00008579,Ahmed Amine,X259493,39,High School,37 Residence Al Massira,Imouzzer,,Y,5,Y,Mortgage
1318,A00006055,Zineb El Fassi,DN127368,64,Bachelor,29 Boulevard Zerktouni,Meknes,50010.0,Y,5,Y,Own
1319,A00008455,Kawtar Eddoughmi,DN915581,64,Masters,46 Residence Al Massira,Meknes,50010.0,Y,6,Y,Rent
1320,A00003950,Kaoutar Oufkir,AB956987,36,MD,31 Avenue Al Qods,Sale,11000.0,N,3,Y,Rent
1321,A00001386,Taha Amine,DN790335,33,Masters,8 Boulevard Zerktouni,Meknes,50010.0,Y,7,Y,Mortgage
1322,A00009047,Zineb Dadi,N376961,46,College,39 Rue Al Qods,Essaouira,44000.0,N,2,Y,Own
1323,A00000592,Meryem Lahlou,X159908,43,Bachelor,36 Hay El Fadl,Echemmaia,,N,4,Y,Own
1324,A00007495,Adam Kibala,CC968620,30,MD,43 Residence Hassan II,Fes,30000.0,Y,5,Y,Own
1325,A00003048,Kawtar Fakhir,CB289515,37,High School,39 Boulevard Al Houda,Sefrou,31000.0,Y,2,Y,Rent
1326,A00002130,Fatima Mansour,L943588,28,High School,13 Residence El Fadl,Tetouan,93000.0,Y,4,Y,Own
1327,A00007566,Ahmed Lahlou,X682953,46,Bachelor,36 Boulevard Hassan II,Townshend,,Y,4,Y,Own
1328,A00008811,Aya Oufkir,N977882,29,Bachelor,42 Hay Al Houda,Essaouira,44000.0,Y,6,Y,Own
1329,A00005230,Amine Moufkir ,X622570,60,Masters,39 Boulevard Al Houda,Tillouguite,,Y,4,N,Own
1330,A00007989,Khaoula Tazi,JK635119,63,Masters,23 Residence Hlioua,Agadir,80000.0,Y,6,Y,Own
1331,A00001032,Khaoula Fakhir,AB620964,50,MD,45 Hay Al Qods,Sale,11000.0,Y,4,Y,Rent
1332,A00004166,Ahmed Amine,DN457633,51,PhD,43 Boulevard Zerktouni,Meknes,50010.0,N,6,Y,Rent
1333,A00009538,Salma Bennani,X526883,54,Masters,11 Boulevard Al Massira,MideltDakhla,,Y,5,N,Mortgage
1334,A00009287,Zineb El Idrissi,BJ639881,40,Bachelor,1 Hay Salam,Casablanca,20220.0,Y,4,Y,Rent
1335,A00001552,Amine Kibala,F127911,63,High School,14 Rue Al Massira,Oujda,60010.0,Y,5,Y,Own
1336,A00002004,Hiba Mansar,CC988303,61,Masters,48 Lotissement Centrale,Fes,30000.0,Y,3,Y,Mortgage
1337,A00007214,Youssef El Yousfi,LF866054,56,College,46 Hay Al Houda,Fnideq,93200.0,Y,3,Y,Own
1338,A00003534,Omar Bennani,X626363,38,PhD,12 Avenue Hlioua,Ain Taoujdate,,N,6,Y,Mortgage
1339,A00002548,Meryem Skalli,L576402,31,Masters,18 Residence Bernoussi,Tetouan,93000.0,Y,7,Y,Rent
1340,A00005055,Rania Tahiri,X316421,43,,30 Hay Salam,Boudinar,,Y,6,Y,Rent
1341,A00006940,Aya Bennani,CC915069,33,College,35 Lotissement El Fadl,Fes,30000.0,Y,3,Y,Rent
1342,A00004565,Fatima Benchikh,BJ721905,35,High School,28 Avenue El Fadl,Casablanca,20220.0,Y,7,Y,Rent
1343,A00003342,Khadija Amrani,CC641864,64,High School,40 Hay Hassan II,Fes,30000.0,Y,3,Y,Own
1344,A00003335,Malak Eddoughmi,T717864,54,High School,24 Residence Al Qods,Mohammedia,28810.0,Y,6,Y,Own
1345,A00001169,Meryem Eddoughmi,KB785180,42,Masters,42 Avenue Al Qods,Tanger,90053.0,Y,4,Y,Mortgage
1346,A00000116,Noha El Idrissi,BJ773836,45,College,5 Residence Mohammed V,Casablanca,20220.0,Y,7,Y,Own
1347,A00009243,Hamza Berrada,JK739110,38,High School,32 Rue Hassan II,Agadir,80000.0,Y,5,Y,Mortgage
1348,A00004627,Hajar Fadili,AB925389,42,College,11 Residence Al Qods,Sale,11000.0,Y,3,Y,Rent
1349,A00003296,Taha Dadi,KB486088,28,Bachelor,33 Lotissement Al Qods,Tanger,90053.0,N,7,Y,Rent
1350,A00008336,Khaoula Bate,KB668504,26,High School,15 Lotissement Al Houda,Tanger,90053.0,N,7,Y,Rent
1351,A00006958,Aziza Salhi,KB731658,42,Bachelor,9 Residence Mohammed V,Tanger,90053.0,Y,5,Y,Rent
1352,A00008782,Mohammed Amine Lahlou,BJ561519,46,High School,42 Boulevard Al Massira,Casablanca,20220.0,Y,2,Y,Mortgage
1353,A00002720,Mohammed Amine Moufkir ,X793920,52,Bachelor,14 Lotissement Bernoussi,Er-Rich,,Y,3,N,Rent
1354,A00009356,Mohammed Amine Moufkir ,AG845461,38,Bachelor,24 Boulevard Hassan II,Rabat,11025.0,Y,3,Y,Own
1355,A00004665,Khadija Tazi,X615922,29,PhD,6 Avenue Mohammed V,Khenifra,,N,6,Y,Mortgage
1356,A00005549,Youssef Moufkir ,AB178024,28,Bachelor,49 Boulevard Al Qods,Sale,11000.0,Y,5,Y,Own
1357,A00003639,Zineb Moufkir ,CC324630,63,Bachelor,39 Residence El Fadl,Fes,30000.0,Y,4,Y,Rent
1358,A00001070,Ahmed Bachri,X103342,25,College,7 Hay Al Massira,Ouezzane,,Y,3,Y,Rent
1359,A00002440,Rania Benchikh,L528789,49,,11 Lotissement Salam,Tetouan,93000.0,Y,6,Y,Rent
1360,A00003019,Meryem Bate,G792793,33,PhD,37 Lotissement Bernoussi,Kenitra,14110.0,Y,2,Y,Mortgage
1361,A00003771,Omar Oufkir,X398395,56,High School,11 Rue Salam,Khemisset,,Y,4,Y,Mortgage
1362,A00002442,Meryem Mansour,P118235,45,College,32 Rue Hlioua,Ouarzazate,45000.0,N,7,Y,Own
1363,A00007751,Aziza Ouazzani,X959577,57,PhD,3 Hay Bernoussi,Tazart,,Y,2,Y,Own
1364,A00002400,Taha Banoune,N541968,50,Bachelor,41 Lotissement Centrale,Essaouira,44000.0,Y,4,Y,Rent
1365,A00004273,Youssef Metouali,BJ394695,36,Bachelor,22 Hay Mohammed V,Casablanca,20220.0,Y,4,Y,Rent
1366,A00002899,Zineb Ouazzani,X980896,32,College,42 Avenue Hassan II,Ouezzane,,Y,7,Y,Own
1367,A00008306,Aziza Amrani,JK809406,57,Bachelor,46 Hay El Fadl,Agadir,80000.0,Y,2,Y,Mortgage
1368,A00005195,Othmane Alaoui,DN186079,62,Bachelor,25 Avenue Mohammed V,Meknes,50010.0,Y,3,Y,Own
1369,A00000836,Hassan Fakhir,DN968475,30,Bachelor,20 Residence El Fadl,Meknes,50010.0,N,5,Y,Mortgage
1370,A00007576,Mohammed Amine Jamal,AG947273,29,Masters,24 Hay Bernoussi,Rabat,11025.0,Y,7,Y,Rent
1371,A00000885,Omar Bachri,DN915514,45,College,39 Lotissement Mohammed V,Meknes,50010.0,Y,5,Y,Mortgage
1372,A00008883,Jamila Mansour,X764773,26,High School,40 Boulevard Zerktouni,Oulad Mtaa,,N,2,Y,Mortgage
1373,A00001948,Aya Salhi,L199579,42,Masters,48 Lotissement Zerktouni,Tetouan,93000.0,N,6,Y,Own
1374,A00005476,Meryem Oufkir,X954671,58,College,35 Avenue Bernoussi,Mellab,,N,6,Y,Mortgage
1375,A00000473,Adam Mansar,CC848974,36,Bachelor,19 Lotissement Al Houda,Fes,30000.0,N,7,Y,Own
1376,A00001726,Kawtar Amrani,DN208370,61,Bachelor,44 Boulevard Mohammed V,Meknes,50010.0,N,2,Y,Rent
1377,A00002566,Adam Bate,DN955906,28,Bachelor,36 Rue Mohammed V,Meknes,50010.0,N,3,Y,Mortgage
1378,A00007832,Kawtar Salhi,JK548232,33,MD,19 Residence Centrale,Agadir,80000.0,Y,7,Y,Mortgage
1379,A00005231,Rachida Mansour,X849300,29,High School,21 Avenue Centrale,Bni Gorfet,,Y,5,Y,Own
1380,A00000375,Fatima Ezzahra  Benchikh,X964397,26,Bachelor,28 Hay Al Massira,Sidi Slimane,,Y,7,Y,Rent
1381,A00002717,Omar Bachri,X769606,26,High School,36 Boulevard Hassan II,Haj Kaddour,,N,3,Y,Rent
1382,A00003690,Mohammed Amine Metouali,M484911,58,Masters,19 Avenue El Fadl,El Jadida,24010.0,N,6,Y,Mortgage
1383,A00001832,Jamila Tazi,X231842,39,High School,20 Rue Al Massira,Moulay Bousselham,,Y,7,Y,Rent
1384,A00005259,Othmane Amine,LC211299,55,Bachelor,4 Lotissement Bernoussi,Chefchaouen,91000.0,N,4,Y,Rent
1385,A00004516,Amine Dadi,AB532945,57,College,19 Lotissement Al Massira,Sale,11000.0,N,4,Y,Rent
1386,A00005010,Hassan Bachri,F142893,34,High School,27 Boulevard Hassan II,Oujda,60010.0,Y,3,Y,Mortgage
1387,A00001775,Rachida Skalli,AB787780,53,Bachelor,23 Rue Centrale,Sale,11000.0,Y,5,Y,Own
1388,A00001326,Hajar Ouazzani,W265602,60,High School,21 Boulevard Al Houda,Settat,26000.0,Y,4,Y,Rent
1389,A00008699,Yahya Amine,DN771278,31,Masters,45 Boulevard Bernoussi,Meknes,50010.0,Y,3,Y,Mortgage
1390,A00009229,Ahmed Skalli,F748563,33,Bachelor,11 Residence Al Massira,Oujda,60010.0,Y,3,Y,Rent
1391,A00009817,Omar Fakhir,SA637416,59,College,47 Lotissement Centrale,Nador,62000.0,Y,7,Y,Own
1392,A00009906,Fatima Benchikh,F998391,62,High School,29 Avenue Al Qods,Oujda,60010.0,Y,2,Y,Mortgage
1393,A00008100,Omar Tahiri,X874519,64,College,11 Avenue Hassan II,Tamassint,,Y,4,N,Rent
1394,A00004534,Mohammed Amine Mansar,X141678,60,Bachelor,15 Boulevard Salam,Ahfir,,N,6,Y,Mortgage
1395,A00003065,Kaoutar Fadili,HH751411,46,High School,1 Avenue Salam,Safi,46000.0,Y,5,Y,Own
1396,A00006253,Taha El Fassi,X124373,59,High School,34 Residence Mohammed V,Ighoud,,N,3,Y,Rent
1397,A00009203,Jamila Kibala,DN296696,36,High School,2 Avenue Al Houda,Meknes,50010.0,Y,6,Y,Rent
1398,A00000812,Othmane Ouazzani,KB348704,40,Bachelor,32 Lotissement Centrale,Tanger,90053.0,Y,7,Y,Rent
1399,A00005144,Noha Bennani,P497274,34,High School,30 Avenue Bernoussi,Ouarzazate,45000.0,N,2,Y,Rent
1400,A00004093,Meryem Jamal,X875043,34,Masters,20 Rue Al Massira,Moulay Bousselham,,Y,3,Y,Rent
1401,A00008134,Hajar Bachri,JK211928,56,,17 Boulevard Hlioua,Agadir,80000.0,Y,6,Y,Rent
1402,A00002633,Noha Alaoui,G869791,28,MD,37 Hay Salam,Kenitra,14110.0,Y,4,Y,Own
1403,A00009489,Aya Amine,X857623,60,High School,2 Hay Salam,Kerrouchen,,Y,3,Y,Rent
1404,A00007942,Yahya Amrani,L576551,62,Masters,11 Lotissement Bernoussi,Tetouan,93000.0,N,4,Y,Mortgage
1405,A00009082,Salma Fakhir,CC637239,36,College,40 Avenue Bernoussi,Fes,30000.0,Y,3,Y,Own
1406,A00007286,Mohammed Amine El Fassi,LA783863,64,Bachelor,46 Lotissement Hlioua,Larache,92000.0,Y,7,Y,Mortgage
1407,A00005099,Salma Fakhir,BJ816960,39,High School,1 Boulevard Al Houda,Casablanca,20220.0,Y,6,Y,Own
1408,A00002291,Rachida Bachri,AG629665,55,Bachelor,45 Lotissement Zerktouni,Rabat,11025.0,Y,7,Y,Mortgage
1409,A00001975,Youssef El Idrissi,G724021,49,Bachelor,18 Hay Zerktouni,Kenitra,14110.0,N,3,Y,Rent
1410,A00008556,Aya Oufkir,X614596,36,Bachelor,44 Lotissement Hlioua,Tahla,,Y,3,Y,Mortgage
1411,A00001229,Omar Bate,P785412,33,Masters,35 Lotissement Bernoussi,Ouarzazate,45000.0,Y,5,Y,Mortgage
1412,A00009519,Hamza Tazi,BJ426859,54,Bachelor,32 Boulevard Mohammed V,Casablanca,20220.0,Y,5,Y,Rent
1413,A00006985,Aziza Bachri,G442750,33,High School,35 Lotissement Al Houda,Kenitra,14110.0,Y,3,Y,Own
1414,A00007277,Taha Amine,DN752181,36,Bachelor,33 Residence Salam,Meknes,50010.0,N,3,N,Own
1415,A00003757,Adam Fadili,AB290786,42,High School,30 Rue Mohammed V,Sale,11000.0,Y,7,Y,Mortgage
1416,A00004084,Malak Jamal,L927630,51,,49 Hay Al Qods,Tetouan,93000.0,Y,7,Y,Rent
1417,A00008462,Fatima Tazi,HH143639,41,High School,22 Rue Mohammed V,Safi,46000.0,Y,7,Y,Mortgage
1418,A00002191,Rachida El Yousfi,GK735088,30,,2 Rue Centrale,Sidi Kacem,16000.0,Y,4,Y,Mortgage
1419,A00006510,Kaoutar Mansour,P651521,59,College,27 Avenue Hassan II,Ouarzazate,45000.0,N,4,Y,Own
1420,A00008795,Taha Moufkir ,KB504243,42,Bachelor,49 Rue Al Houda,Tanger,90053.0,N,4,N,Own
1421,A00000782,Kawtar Eddoughmi,AG843268,42,High School,39 Rue Hassan II,Rabat,11025.0,Y,4,Y,Rent
1422,A00007450,Youssef Alaoui,X877741,36,Bachelor,3 Avenue Bernoussi,Ouezzane,,Y,5,Y,Own
1423,A00000270,Yahya Banoune,X484678,34,MD,21 Residence Al Massira,Goulmima,,Y,2,Y,Mortgage
1424,A00008640,Zineb Benchikh,BJ440930,56,MD,9 Hay Al Qods,Casablanca,20220.0,Y,3,Y,Rent
1425,A00001587,Fatima Ezzahra  Banoune,AB833417,31,Bachelor,31 Boulevard Hassan II,Sale,11000.0,N,5,Y,Mortgage
1426,A00008399,Jamila Mansour,AG438038,56,Bachelor,45 Avenue Mohammed V,Rabat,11025.0,N,2,Y,Rent
1427,A00003474,Meryem Tazi,EE137479,56,College,16 Lotissement Hassan II,Marrakech,40000.0,Y,7,Y,Rent
1428,A00000939,Youssef Banoune,X238501,57,High School,28 Avenue Al Houda,Kalaat M'Gouna,,N,3,Y,Own
1429,A00008971,Hajar Benchikh,AG801188,55,Bachelor,11 Hay Al Massira,Rabat,11025.0,Y,5,Y,Own
1430,A00000378,Ahmed Fadili,BJ933993,49,High School,31 Hay Al Houda,Casablanca,20220.0,Y,3,Y,Mortgage
1431,A00008857,Mohammed Amine Bachri,EE477111,41,Masters,17 Boulevard Al Qods,Marrakech,40000.0,Y,6,N,Rent
1432,A00009712,Noha Benali,X762685,52,PhD,17 Rue Centrale,Erfoud,,N,3,Y,Own
1433,A00009599,Kawtar Radi,N706116,30,Bachelor,25 Residence Al Massira,Essaouira,44000.0,Y,5,Y,Rent
1434,A00001760,Fatima Ezzahra  Tazi,EE472859,37,MD,13 Lotissement Centrale,Marrakech,40000.0,Y,7,Y,Own
1435,A00000967,Amine Benchikh,G462204,33,MD,42 Boulevard Al Qods,Kenitra,14110.0,Y,4,Y,Mortgage
1436,A00005188,Kaoutar Dadi,X471935,29,Bachelor,40 Avenue Hlioua,Boumia,,N,3,Y,Rent
1437,A00001135,Kaoutar Bennani,JA699128,35,High School,39 Boulevard Centrale,Guelmim,81000.0,Y,7,Y,Own
1438,A00000965,Mohammed Amine Barghoud,DN289301,39,High School,49 Residence Hlioua,Meknes,50010.0,N,3,Y,Mortgage
1439,A00003666,Meryem Fakhir,X426483,29,Masters,41 Residence Hassan II,Sebaa Aiyoun,,Y,4,Y,Rent
1440,A00008249,Aya Barghoud,M250492,56,Bachelor,21 Residence Hlioua,El Jadida,24010.0,N,2,Y,Mortgage
1441,A00009671,Rania Fakhir,BJ248932,40,High School,16 Lotissement Hassan II,Casablanca,20220.0,N,6,Y,Mortgage
1442,A00003043,Taha Skalli,X451916,44,,38 Boulevard Al Massira,Lalla Takerkoust,,Y,6,Y,Own
1443,A00007887,Khaoula Dadi,EE920940,48,MD,12 Lotissement Al Qods,Marrakech,40000.0,N,3,Y,Own
1444,A00007122,Hiba Radi,DN215035,53,High School,39 Lotissement Al Houda,Meknes,50010.0,Y,2,Y,Rent
1445,A00009140,Meryem Eddoughmi,KB211095,30,Masters,2 Hay Zerktouni,Tanger,90053.0,Y,6,Y,Mortgage
1446,A00006957,Kaoutar Ouazzani,X171400,63,Bachelor,43 Rue Zerktouni,Khemis Sahel,,N,6,Y,Rent
1447,A00006808,Khadija Benchikh,WA404510,54,Bachelor,42 Residence Bernoussi,Berrechid,26100.0,Y,4,Y,Rent
1448,A00009528,Youssef Farissi,P455681,32,High School,33 Residence Bernoussi,Ouarzazate,45000.0,N,7,Y,Rent
1449,A00009178,Rachida Kibala,DN611411,47,College,21 Boulevard El Fadl,Meknes,50010.0,N,5,Y,Mortgage
1450,A00008618,Noha Bachri,BJ704712,52,Bachelor,18 Avenue Hlioua,Casablanca,20220.0,N,7,Y,Mortgage
1451,A00000928,Omar Alaoui,X482325,32,Bachelor,27 Rue Zerktouni,El Ksiba,,Y,6,Y,Mortgage
1452,A00005734,Zineb Salhi,DN225887,64,College,1 Residence Bernoussi,Meknes,50010.0,N,4,Y,Rent
1453,A00005900,Hajar Oufkir,JK351514,29,High School,32 Residence Mohammed V,Agadir,80000.0,Y,3,Y,Rent
1454,A00009849,Hajar Benchikh,KB366999,45,High School,22 Residence Mohammed V,Tanger,90053.0,Y,3,Y,Rent
1455,A00009690,Rania Berrada,DN164260,48,Masters,10 Avenue Hlioua,Meknes,50010.0,Y,2,Y,Own
1456,A00008001,Mohamed Jamal,KB351322,28,Bachelor,46 Rue Al Houda,Tanger,90053.0,Y,4,Y,Own
1457,A00003546,Zineb Bachri,G578830,28,Bachelor,30 Lotissement Al Houda,Kenitra,14110.0,Y,4,Y,Rent
1458,A00000010,Hassan Berrada,DN974231,53,Bachelor,6 Rue Hassan II,Meknes,50010.0,N,3,Y,Mortgage
1459,A00001358,Othmane Metouali,EE898685,57,MD,8 Hay Hlioua,Marrakech,40000.0,Y,5,Y,Rent
1460,A00007301,Aziza Amrani,N874056,46,Bachelor,38 Avenue Hlioua,Essaouira,44000.0,Y,6,Y,Mortgage
1461,A00002565,Malak Ouazzani,EE841396,53,,23 Residence Bernoussi,Marrakech,40000.0,Y,6,Y,Own
1462,A00005411,Mohamed Oufkir,N987103,44,High School,5 Avenue Hlioua,Essaouira,44000.0,Y,4,Y,Rent
1463,A00003274,Khaoula Eddoughmi,KB521234,59,College,35 Boulevard Bernoussi,Tanger,90053.0,Y,5,Y,Rent
1464,A00003201,Salma Berrada,EE201463,44,Masters,39 Residence Centrale,Marrakech,40000.0,Y,7,Y,Rent
1465,A00006262,Salma Skalli,AB129015,31,College,18 Hay Al Qods,Sale,11000.0,Y,2,Y,Mortgage
1466,A00008614,Meryem Jamal,G874139,55,College,7 Avenue Zerktouni,Kenitra,14110.0,N,5,Y,Rent
1467,A00001550,Meryem Amine,CC587518,36,PhD,41 Residence Mohammed V,Fes,30000.0,Y,4,Y,Own
1468,A00005389,Taha Mansar,L731646,64,High School,39 Avenue Bernoussi,Tetouan,93000.0,Y,4,Y,Own
1469,A00006731,Jamila El Fassi,AB630396,46,Bachelor,8 Rue Salam,Sale,11000.0,Y,2,Y,Rent
1470,A00003686,Hajar El Idrissi,X346909,58,Bachelor,34 Rue El Fadl,Driouch,,N,5,Y,Mortgage
1471,A00007604,Youssef Moufkir ,DN219668,40,Bachelor,30 Rue Hlioua,Meknes,50010.0,N,2,Y,Mortgage
1472,A00000542,Youssef Skalli,DN783576,55,High School,1 Avenue Hlioua,Meknes,50010.0,N,2,Y,Own
1473,A00004334,Kawtar Bachri,F901215,50,Masters,10 Lotissement Salam,Oujda,60010.0,Y,6,Y,Own
1474,A00008145,Aziza Alaoui,KB658340,61,Masters,49 Hay El Fadl,Tanger,90053.0,N,2,Y,Mortgage
1475,A00009729,Aziza Amine,W438427,47,High School,46 Residence Al Houda,Settat,26000.0,Y,2,Y,Mortgage
1476,A00003139,Othmane Lahlou,KB187267,29,Bachelor,26 Rue Bernoussi,Tanger,90053.0,Y,4,Y,Mortgage
1477,A00002230,Mohamed Radi,X815541,52,Bachelor,2 Lotissement Bernoussi,Oued Amlil,,N,2,Y,Own
1478,A00001695,Hajar Jamal,AB938843,56,High School,40 Residence Salam,Sale,11000.0,Y,4,Y,Rent
1479,A00008246,Salma El Idrissi,AG766503,64,High School,49 Hay Salam,Rabat,11025.0,Y,7,Y,Rent
1480,A00006665,Ahmed Benchikh,X362892,29,High School,29 Avenue Al Qods,Ouaouizeght,,Y,7,N,Own
1481,A00007399,Zineb Alaoui,KB292317,53,Masters,35 Residence Salam,Tanger,90053.0,N,4,Y,Own
1482,A00001610,Khadija Ouazzani,EE502280,58,MD,1 Avenue Bernoussi,Marrakech,40000.0,Y,2,Y,Mortgage
1483,A00001156,Kawtar Benchikh,GK850390,25,College,38 Avenue Salam,Sidi Kacem,16000.0,N,2,Y,Own
1484,A00008553,Rania Oufkir,JK921002,27,Bachelor,30 Rue Hlioua,Agadir,80000.0,N,2,Y,Mortgage
1485,A00002385,Omar Bate,X224127,29,Bachelor,45 Residence Hassan II,Nouaceur,,Y,3,Y,Own
1486,A00009403,Meryem Benchikh,X590111,25,Bachelor,31 Boulevard Centrale,Aknoul,,Y,2,Y,Mortgage
1487,A00005106,Fatima Ezzahra  Jamal,JA839300,39,Bachelor,39 Boulevard Centrale,Guelmim,81000.0,Y,4,Y,Mortgage
1488,A00004448,Malak Ouazzani,X327380,42,PhD,30 Lotissement Salam,Ourika,,N,5,Y,Rent
1489,A00001124,Amine Barghoud,N504440,62,High School,41 Lotissement Centrale,Essaouira,44000.0,Y,6,Y,Rent
1490,A00000512,Omar Oufkir,AB433447,33,Masters,8 Hay Bernoussi,Sale,11000.0,N,7,Y,Own
1491,A00003701,Fatima Moufkir ,JA653447,36,Bachelor,38 Lotissement Bernoussi,Guelmim,81000.0,Y,7,Y,Mortgage
1492,A00000001,Kaoutar Fadili,X393143,29,High School,45 Hay Hlioua,Asilah,,Y,3,Y,Own
1493,A00001805,Malak Kibala,EE881569,62,Bachelor,31 Hay Al Massira,Marrakech,40000.0,Y,3,Y,Mortgage
1494,A00007032,Hamza Bate,F322020,35,Bachelor,35 Avenue Al Qods,Oujda,60010.0,Y,3,Y,Rent
1495,A00007035,Omar Mansar,DN965394,38,High School,21 Rue Salam,Meknes,50010.0,Y,2,Y,Mortgage
1496,A00009439,Hajar Benchikh,EE455715,55,Bachelor,31 Boulevard Zerktouni,Marrakech,40000.0,Y,4,Y,Own
1497,A00007047,Taha Fadili,G939225,41,High School,26 Rue Zerktouni,Kenitra,14110.0,N,2,Y,Own
1498,A00002723,Kaoutar El Yousfi,X986985,30,High School,31 Lotissement Salam,Oum Dreyga,,Y,6,Y,Own
1499,A00009579,Jamila El Fassi,DN360172,31,Bachelor,7 Lotissement Centrale,Meknes,50010.0,Y,5,Y,Rent
1500,A00006966,Zineb Amrani,AG146022,59,High School,1 Avenue Salam,Rabat,11025.0,N,2,Y,Rent
1501,A00000213,Omar El Fassi,N364848,62,MD,47 Residence Al Houda,Essaouira,44000.0,Y,7,Y,Mortgage
1502,A00009691,Rachida Lahlou,AB290648,31,Bachelor,44 Rue Bernoussi,Sale,11000.0,N,5,N,Mortgage
1503,A00006269,Hassan Fakhir,F794323,42,High School,29 Hay Salam,Oujda,60010.0,N,2,Y,Mortgage
1504,A00006642,Rania Eddoughmi,AB704205,47,Bachelor,46 Lotissement Al Qods,Sale,11000.0,N,5,Y,Mortgage
1505,A00009261,Aziza Metouali,SA882635,61,Masters,12 Lotissement Salam,Nador,62000.0,N,3,Y,Mortgage
1506,A00002941,Fatima Ezzahra  Lahlou,CB666296,46,Bachelor,22 Avenue Hassan II,Sefrou,31000.0,N,2,Y,Mortgage
1507,A00008373,Aziza Mansar,F279390,45,Bachelor,45 Residence Salam,Oujda,60010.0,Y,5,Y,Rent
1508,A00004740,Ahmed Amine,X611440,35,College,40 Hay Hlioua,El Menzel,,Y,5,Y,Own
1509,A00000322,Salma Barghoud,LA660737,37,High School,22 Residence Mohammed V,Larache,92000.0,Y,7,Y,Own
1510,A00004269,Rachida Kibala,EE241713,33,MD,34 Lotissement Mohammed V,Marrakech,40000.0,Y,3,Y,Mortgage
1511,A00009186,Youssef Kibala,AB652632,55,Masters,25 Avenue El Fadl,Sale,11000.0,Y,3,Y,Own
1512,A00001740,Salma Mansour,X496837,38,Masters,40 Avenue Al Massira,Ras El Ma,,N,2,Y,Rent
1513,A00000445,Mohamed El Yousfi,X255537,58,Bachelor,19 Rue Hassan II,Ain El Aouda,,N,7,Y,Rent
1514,A00005914,Ahmed Ouazzani,AG829034,46,High School,48 Residence Bernoussi,Rabat,11025.0,N,3,Y,Rent
1515,A00003648,Rachida Salhi,FB798467,43,Bachelor,9 Rue Mohammed V,Taourirt,65000.0,Y,2,Y,Rent
1516,A00000098,Ahmed Jamal,EE899596,46,MD,33 Boulevard Hlioua,Marrakech,40000.0,N,7,Y,Rent
1517,A00004051,Hassan Jamal,WA209069,59,Masters,37 Avenue El Fadl,Berrechid,26100.0,Y,3,Y,Rent
1518,A00002968,Youssef Tahiri,BJ303281,55,,19 Boulevard Zerktouni,Casablanca,20220.0,Y,3,Y,Own
1519,A00002078,Aziza Dadi,X729777,25,Masters,21 Residence Al Massira,Goulmima,,Y,5,Y,Own
1520,A00008496,Rania Benali,GK437825,28,High School,46 Hay Centrale,Sidi Kacem,16000.0,Y,2,Y,Mortgage
1521,A00009897,Khaoula El Yousfi,N737401,34,,49 Rue Al Houda,Essaouira,44000.0,Y,5,N,Mortgage
1522,A00008229,Adam Berrada,DN409326,34,High School,28 Residence Al Houda,Meknes,50010.0,N,2,Y,Mortgage
1523,A00004949,Noha Skalli,CC468196,26,Bachelor,9 Residence Salam,Fes,30000.0,N,2,Y,Rent
1524,A00006471,Yahya Fadili,LC364064,47,High School,47 Hay Hassan II,Chefchaouen,91000.0,N,2,Y,Rent
1525,A00001094,Fatima Radi,L879537,39,High School,49 Lotissement Al Qods,Tetouan,93000.0,N,5,N,Rent
1526,A00005471,Fatima Ezzahra  Moufkir ,X753430,38,High School,42 Rue Hassan II,Aghbala,,Y,4,Y,Mortgage
1527,A00004426,Zineb Jamal,DN401867,50,Bachelor,5 Hay Bernoussi,Meknes,50010.0,Y,4,Y,Mortgage
1528,A00007196,Kaoutar Moufkir ,JK359132,45,High School,38 Hay Al Houda,Agadir,80000.0,Y,4,Y,Mortgage
1529,A00004876,Salma Bennani,X574698,29,College,17 Lotissement Hassan II,Teroual,,Y,7,Y,Rent
1530,A00008646,Kawtar Eddoughmi,BJ193921,54,High School,41 Avenue El Fadl,Casablanca,20220.0,Y,6,Y,Mortgage
1531,A00002823,Jamila Skalli,JK552164,36,High School,42 Residence Al Massira,Agadir,80000.0,Y,2,Y,Own
1532,A00009666,Khaoula El Yousfi,L438056,29,MD,2 Rue Centrale,Tetouan,93000.0,Y,3,Y,Own
1533,A00004839,Omar Mansour,G765999,61,High School,43 Avenue Zerktouni,Kenitra,14110.0,N,4,Y,Mortgage
1534,A00003672,Zineb Banoune,WA184405,41,Bachelor,3 Rue Zerktouni,Berrechid,26100.0,Y,6,Y,Rent
1535,A00005076,Zineb Mansour,JK284214,63,College,1 Hay Salam,Agadir,80000.0,N,7,Y,Own
1536,A00006956,Rania El Fassi,X227674,47,College,9 Lotissement Zerktouni,Sidi Smail,,Y,2,Y,Mortgage
1537,A00008305,Taha Fakhir,M373160,41,PhD,11 Avenue Hlioua,El Jadida,24010.0,Y,7,Y,Rent
1538,A00004766,Zineb Alaoui,EE922384,38,College,11 Residence Salam,Marrakech,40000.0,N,7,Y,Own
1539,A00005812,Zineb Berrada,X296506,29,High School,35 Hay Bernoussi,Sidi Redouane,,Y,5,Y,Rent
1540,A00004095,Khaoula Berrada,G558959,57,Bachelor,7 Hay Hassan II,Kenitra,14110.0,N,2,Y,Mortgage
1541,A00008827,Mohamed Metouali,EE709631,40,College,14 Rue Al Qods,Marrakech,40000.0,Y,4,Y,Mortgage
1542,A00008109,Yahya Skalli,KB176327,59,High School,9 Residence Mohammed V,Tanger,90053.0,N,4,Y,Mortgage
1543,A00002378,Malak Dadi,EE961932,46,,29 Avenue Bernoussi,Marrakech,40000.0,N,3,Y,Rent
1544,A00009100,Ahmed Oufkir,EE531217,57,Bachelor,29 Residence Bernoussi,Marrakech,40000.0,Y,2,Y,Mortgage
1545,A00005839,Omar Berrada,JF109047,54,Bachelor,10 Lotissement Hassan II,Tan Tan,82000.0,Y,3,Y,Own
1546,A00009141,Amine Amine,R860018,52,High School,27 Lotissement Salam,El Hoceima,32000.0,Y,6,Y,Rent
1547,A00006404,Fatima Ezzahra  Tazi,JK782080,27,Bachelor,43 Hay Centrale,Agadir,80000.0,Y,5,Y,Mortgage
1548,A00005242,Jamila Tahiri,HH438709,62,College,42 Hay Hassan II,Safi,46000.0,Y,7,Y,Own
1549,A00001681,Malak Mansar,G860202,52,Bachelor,16 Boulevard Al Massira,Kenitra,14110.0,N,2,Y,Own
1550,A00007189,Rachida Farissi,QA798490,30,Bachelor,45 Boulevard Al Qods,Oued Zem,25200.0,Y,3,Y,Mortgage
1551,A00001811,Fatima Amrani,DA645707,31,,26 Boulevard Salam,Azrou,53100.0,N,4,Y,Mortgage
1552,A00007453,Meryem Moufkir ,BJ170057,37,PhD,23 Boulevard Mohammed V,Casablanca,20220.0,Y,5,Y,Own
1553,A00007187,Khadija Ouazzani,DN390010,51,Bachelor,22 Lotissement Al Massira,Meknes,50010.0,N,3,Y,Rent
1554,A00006903,Yahya Mansar,X602457,52,Bachelor,40 Rue Salam,Oulad Tayeb,,N,2,Y,Own
1555,A00002394,Khaoula Radi,X552802,56,,15 Hay Centrale,Bouarfa,,N,6,Y,Mortgage
1556,A00009096,Youssef Bate,X936305,58,Bachelor,3 Avenue Bernoussi,Ouezzane,,N,7,Y,Own
1557,A00008169,Youssef Mansour,X314232,46,High School,1 Residence Bernoussi,Icht,,Y,2,Y,Own
1558,A00005726,Jamila Lahlou,X549907,27,College,45 Boulevard Centrale,Akka,,N,5,Y,Rent
1559,A00003895,Hamza Bennani,KB594142,59,,46 Residence Bernoussi,Tanger,90053.0,Y,7,N,Mortgage
1560,A00006747,Youssef Amine,L585719,30,High School,2 Lotissement Al Houda,Tetouan,93000.0,N,7,Y,Rent
1561,A00001613,Noha Eddoughmi,G652775,37,Bachelor,5 Hay Hassan II,Kenitra,14110.0,Y,7,Y,Rent
1562,A00003703,Hamza Lahlou,X508032,42,Bachelor,36 Boulevard Hassan II,Haj Kaddour,,Y,3,Y,Own
1563,A00006979,Taha Tahiri,G108441,44,Bachelor,30 Lotissement Al Qods,Kenitra,14110.0,Y,6,Y,Mortgage
1564,A00006545,Hassan Alaoui,AB837072,42,Bachelor,9 Avenue Al Massira,Sale,11000.0,Y,5,Y,Rent
1565,A00006790,Jamila Mansour,CC726034,32,High School,33 Avenue Al Houda,Fes,30000.0,Y,2,Y,Mortgage
1566,A00009668,Rachida Bennani,X924165,39,Bachelor,31 Boulevard Centrale,Aknoul,,Y,5,Y,Mortgage
1567,A00004111,Malak Dadi,BJ718616,50,College,9 Avenue Hlioua,Casablanca,20220.0,Y,3,Y,Own
1568,A00007200,Rachida Mansour,AB317346,62,College,31 Lotissement Salam,Sale,11000.0,N,6,Y,Mortgage
1569,A00002002,Khaoula Eddoughmi,CC148892,25,College,49 Rue Centrale,Fes,30000.0,N,7,Y,Rent
1570,A00002697,Taha Salhi,CC449120,64,Bachelor,37 Hay El Fadl,Fes,30000.0,Y,3,Y,Rent
1571,A00008916,Kaoutar Banoune,X508738,51,Bachelor,15 Lotissement Al Qods,Dar Gueddari,,Y,6,Y,Rent
1572,A00005546,Hiba Fadili,EE374325,55,,3 Rue Al Massira,Marrakech,40000.0,N,2,Y,Own
1573,A00005788,Aya Alaoui,X634571,56,Masters,42 Residence Salam,Boujdour,,Y,6,N,Mortgage
1574,A00001973,Meryem Tazi,N128810,35,Bachelor,40 Hay Al Massira,Essaouira,44000.0,Y,2,N,Mortgage
1575,A00007140,Fatima Ezzahra  Benali,AG914266,28,MD,45 Avenue Mohammed V,Rabat,11025.0,Y,2,Y,Mortgage
1576,A00002468,Malak Kibala,X153137,39,Bachelor,29 Hay Al Massira,Asjen,,Y,5,Y,Own
1577,A00006291,Malak El Idrissi,N436551,53,Bachelor,9 Boulevard Al Massira,Essaouira,44000.0,N,7,Y,Rent
1578,A00000494,Othmane Benali,AG371258,62,Bachelor,29 Avenue Mohammed V,Rabat,11025.0,N,5,Y,Mortgage
1579,A00005631,Yahya Dadi,CB547213,36,Bachelor,43 Boulevard Al Qods,Sefrou,31000.0,Y,3,Y,Mortgage
1580,A00000421,Noha Bate,X702404,44,Bachelor,12 Boulevard Bernoussi,Bouizakarne,,Y,6,Y,Mortgage
1581,A00008921,Mohamed El Yousfi,CC781844,51,Bachelor,48 Lotissement Zerktouni,Fes,30000.0,Y,5,Y,Mortgage
1582,A00002982,Rachida Oufkir,JK388620,64,College,12 Rue Al Houda,Agadir,80000.0,Y,4,Y,Mortgage
1583,A00005876,Youssef Bate,X118727,52,College,14 Lotissement Hassan II,Foum Jamaa,,Y,6,Y,Mortgage
1584,A00005514,Youssef Radi,AB876153,35,Bachelor,26 Residence Hassan II,Sale,11000.0,Y,7,Y,Rent
1585,A00006538,Aya Banoune,EE233287,31,High School,14 Rue Al Qods,Marrakech,40000.0,Y,5,Y,Own
1586,A00000990,Hassan Bennani,WA176849,56,High School,36 Avenue Bernoussi,Berrechid,26100.0,Y,6,Y,Mortgage
1587,A00005916,Taha Amine,JK306186,56,College,2 Lotissement Al Massira,Agadir,80000.0,Y,7,Y,Rent
1588,A00006981,Yahya Mansour,EE153786,29,High School,2 Lotissement Mohammed V,Marrakech,40000.0,N,6,Y,Mortgage
1589,A00007443,Fatima Amrani,AB878417,29,College,40 Residence Salam,Sale,11000.0,Y,6,Y,Mortgage
1590,A00002269,Aya Fadili,KB489260,42,Bachelor,42 Hay Al Qods,Tanger,90053.0,Y,5,Y,Mortgage
1591,A00003271,Hajar Benchikh,X747443,34,Bachelor,31 Residence Mohammed V,Smara,,N,4,Y,Own
1592,A00009431,Meryem El Yousfi,R185798,32,PhD,22 Boulevard Al Houda,El Hoceima,32000.0,Y,5,Y,Rent
1593,A00004354,Kawtar Bate,X847299,45,Bachelor,25 Boulevard Al Massira,Sidi Taibi,,Y,4,Y,Own
1594,A00009323,Taha Metouali,X569961,29,College,22 Lotissement Salam,Imi n'Tanoute,,N,5,Y,Mortgage
1595,A00009804,Yahya El Yousfi,AB141650,48,,27 Boulevard Centrale,Sale,11000.0,Y,6,Y,Rent
1596,A00005570,Taha Banoune,JK148146,28,High School,1 Avenue Bernoussi,Agadir,80000.0,Y,2,Y,Rent
1597,A00009428,Yahya Benchikh,N785269,46,Masters,10 Boulevard Mohammed V,Essaouira,44000.0,Y,7,Y,Own
1598,A00003166,Fatima Barghoud,X121607,47,Bachelor,29 Lotissement Mohammed V,Anergui,,Y,7,Y,Rent
1599,A00005451,Taha Farissi,DN841340,54,Bachelor,17 Residence Mohammed V,Meknes,50010.0,Y,3,Y,Rent
1600,A00006388,Rania Benali,X685082,36,Bachelor,11 Rue Hlioua,Sebt El Guerdane,,N,2,Y,Mortgage
1601,A00008570,Kaoutar Eddoughmi,GK620444,28,Bachelor,28 Rue Al Houda,Sidi Kacem,16000.0,Y,3,N,Rent
1602,A00008451,Fatima Radi,DN693959,44,High School,45 Rue Salam,Meknes,50010.0,N,2,N,Own
1603,A00001604,Mohammed Amine Berrada,AG167413,28,Bachelor,27 Boulevard Hassan II,Rabat,11025.0,Y,6,Y,Own
1604,A00003307,Yahya Banoune,X622416,63,,40 Avenue Al Massira,Ras El Ma,,Y,4,Y,Own
1605,A00002926,Yahya Mansour,JK382817,49,High School,28 Lotissement Hlioua,Agadir,80000.0,N,4,Y,Rent
1606,A00000532,Hassan Salhi,X703672,63,Masters,35 Hay Salam,Moulay Yacoub,,Y,3,Y,Mortgage
1607,A00002593,Hamza Amrani,X942986,31,Bachelor,44 Hay Salam,Lalla Mimouna,,Y,3,Y,Rent
1608,A00006484,Mohamed Fadili,L673423,64,Bachelor,4 Residence Zerktouni,Tetouan,93000.0,Y,3,Y,Rent
1609,A00002614,Khaoula Jamal,KB203912,51,College,36 Rue Centrale,Tanger,90053.0,Y,5,Y,Own
1610,A00003582,Mohammed Amine Moufkir ,DN132830,42,College,30 Rue Hlioua,Meknes,50010.0,Y,7,Y,Rent
1611,A00002072,Fatima Ezzahra  Bachri,KB496020,58,Bachelor,16 Avenue Al Qods,Tanger,90053.0,Y,4,Y,Own
1612,A00001876,Aziza Berrada,GK476500,26,Masters,22 Residence Al Houda,Sidi Kacem,16000.0,N,4,Y,Own
1613,A00008114,Fatima Amine,X180862,29,Bachelor,33 Lotissement Mohammed V,Lqliiaa,,N,7,Y,Own
1614,A00004911,Fatima Ezzahra  Bachri,X958836,57,College,20 Avenue Centrale,Chichaoua,,Y,4,Y,Rent
1615,A00002437,Youssef Barghoud,EE510447,54,Bachelor,38 Avenue Al Houda,Marrakech,40000.0,Y,4,Y,Mortgage
1616,A00009413,Malak Ouazzani,BJ891957,45,Bachelor,45 Boulevard Hlioua,Casablanca,20220.0,Y,3,Y,Rent
1617,A00006318,Omar Skalli,X294087,60,MD,2 Hay Hlioua,Nzalat,,Y,4,Y,Rent
1618,A00000894,Rachida Ouazzani,P812533,29,High School,14 Hay Hlioua,Ouarzazate,45000.0,Y,6,Y,Rent
1619,A00002627,Hajar Dadi,JK314955,49,PhD,47 Lotissement Al Qods,Agadir,80000.0,Y,2,Y,Rent
1620,A00004961,Jamila El Idrissi,EE589298,62,MD,13 Lotissement Centrale,Marrakech,40000.0,Y,6,Y,Own
1621,A00006646,Mohamed Bennani,AG747425,44,PhD,28 Residence Mohammed V,Rabat,11025.0,Y,3,Y,Mortgage
1622,A00006368,Aziza Skalli,AG980372,56,Bachelor,26 Residence Hassan II,Rabat,11025.0,Y,4,Y,Rent
1623,A00003898,Fatima Berrada,AB324645,54,Bachelor,29 Boulevard Hlioua,Sale,11000.0,Y,4,Y,Rent
1624,A00006856,Yahya El Yousfi,JK884655,30,,31 Hay Hassan II,Agadir,80000.0,Y,6,Y,Mortgage
1625,A00006166,Meryem Benali,G541281,26,High School,15 Residence Centrale,Kenitra,14110.0,N,4,Y,Rent
1626,A00000911,Omar Mansar,EE915454,63,High School,38 Residence El Fadl,Marrakech,40000.0,N,6,Y,Own
1627,A00001204,Hamza El Fassi,AB455099,49,College,12 Residence Zerktouni,Sale,11000.0,Y,7,N,Own
1628,A00007178,Aziza Ouazzani,X467157,52,High School,13 Hay Hassan II,Ben Taieb,,N,6,Y,Mortgage
1629,A00001268,Rania El Idrissi,AG213764,57,MD,34 Residence Zerktouni,Rabat,11025.0,Y,7,Y,Own
1630,A00008446,Aziza Amrani,L747028,50,MD,14 Hay Hlioua,Tetouan,93000.0,Y,3,Y,Mortgage
1631,A00001935,Hamza El Fassi,AG239979,45,High School,26 Avenue Al Massira,Rabat,11025.0,Y,6,Y,Rent
1632,A00006829,Hajar Moufkir ,EE463651,50,College,8 Hay Hlioua,Marrakech,40000.0,Y,4,Y,Rent
1633,A00006126,Khaoula Tahiri,X771183,64,Bachelor,48 Residence Salam,Missour,,Y,6,Y,Rent
1634,A00006986,Kawtar Kibala,P187113,54,Bachelor,44 Avenue Zerktouni,Ouarzazate,45000.0,N,5,Y,Mortgage
1635,A00001634,Mohamed Ouazzani,X851895,45,College,7 Boulevard Bernoussi,Ain Dfali,,N,3,Y,Mortgage
1636,A00002001,Noha Lahlou,AB122475,53,High School,10 Hay Hlioua,Sale,11000.0,Y,2,Y,Mortgage
1637,A00005729,Malak El Idrissi,AG782371,38,Bachelor,21 Lotissement Mohammed V,Rabat,11025.0,Y,4,Y,Mortgage
1638,A00005209,Aya Banoune,KB504543,28,College,9 Hay Al Massira,Tanger,90053.0,Y,5,Y,Mortgage
1639,A00007585,Amine Alaoui,X125821,39,High School,30 Avenue Hlioua,Driouch,,Y,3,Y,Mortgage
1640,A00009183,Jamila El Idrissi,AB722859,44,Bachelor,5 Rue Mohammed V,Sale,11000.0,Y,5,N,Rent
1641,A00002915,Kaoutar Oufkir,JA941576,52,PhD,29 Hay Salam,Guelmim,81000.0,Y,7,Y,Mortgage
1642,A00000519,Yahya Benchikh,X917259,39,Bachelor,38 Boulevard Al Massira,Lalla Takerkoust,,Y,2,Y,Mortgage
1643,A00009034,Kawtar Lahlou,KB615698,47,College,31 Lotissement Mohammed V,Tanger,90053.0,Y,6,Y,Own
1644,A00005673,Mohamed Tazi,AB977329,56,High School,45 Lotissement Hassan II,Sale,11000.0,N,4,Y,Own
1645,A00004494,Hiba Radi,X558550,43,High School,7 Rue El Fadl,Tounfite,,N,2,Y,Mortgage
1646,A00000607,Salma Amrani,L615846,45,MD,47 Lotissement Zerktouni,Tetouan,93000.0,N,7,N,Mortgage
1647,A00003288,Noha Jamal,KB893937,56,Bachelor,25 Lotissement Bernoussi,Tanger,90053.0,Y,4,N,Mortgage
1648,A00000364,Taha Kibala,X957293,62,MD,19 Avenue Hassan II,Oulad Teima,,N,6,Y,Mortgage
1649,A00002268,Malak Tazi,X227156,36,Masters,24 Hay Mohammed V,Kassita,,Y,3,N,Rent
1650,A00000684,Kaoutar Fadili,G933642,61,Masters,22 Rue Zerktouni,Kenitra,14110.0,N,4,Y,Mortgage
1651,A00002343,Zineb Lahlou,AG974247,40,Bachelor,20 Rue Al Massira,Rabat,11025.0,Y,6,N,Mortgage
1652,A00003223,Mohamed Oufkir,DN486559,41,High School,10 Boulevard Salam,Meknes,50010.0,Y,2,Y,Mortgage
1653,A00007068,Hajar Benali,BJ567140,28,Bachelor,36 Avenue Centrale,Casablanca,20220.0,Y,2,Y,Mortgage
1654,A00009054,Khaoula El Idrissi,X905291,64,High School,20 Rue Al Massira,Khourubga,25000.0,N,3,Y,Mortgage
1655,A00003078,Salma Salhi,AB932805,49,Bachelor,19 Lotissement Salam,Sale,11000.0,Y,5,Y,Mortgage
1656,A00008170,Youssef Fadili,G494845,50,Bachelor,18 Lotissement Bernoussi,Kenitra,14110.0,Y,7,Y,Mortgage
1657,A00009645,Meryem Banoune,X392470,52,Bachelor,45 Residence Salam,Er-Rich,,Y,3,Y,Rent
1658,A00007757,Adam El Fassi,X509660,42,Masters,15 Avenue Zerktouni,Imi n'Tanoute,,Y,4,Y,Rent
1659,A00004028,Hassan Fadili,KB363025,55,Bachelor,26 Rue Bernoussi,Tanger,90053.0,Y,7,Y,Own
1660,A00005444,Kaoutar Tahiri,L682387,38,College,39 Residence Zerktouni,Tetouan,93000.0,Y,6,Y,Own
1661,A00005853,Omar Bate,X768873,61,Bachelor,19 Boulevard Centrale,Arekmane,,Y,2,Y,Rent
1662,A00008679,Meryem Benchikh,JK536068,51,Bachelor,2 Residence Hassan II,Agadir,80000.0,Y,4,Y,Mortgage
1663,A00000961,Khadija Fadili,X325666,52,,32 Avenue Hlioua,Aghbala,,Y,3,Y,Own
1664,A00006497,Omar El Idrissi,X543926,44,Bachelor,13 Boulevard Al Houda,Bni Sidel,,Y,2,Y,Rent
1665,A00006540,Rachida Mansour,KB472495,33,MD,2 Avenue Hassan II,Tanger,90053.0,Y,5,Y,Mortgage
1666,A00000273,Othmane Bate,AG309529,51,MD,47 Hay Mohammed V,Rabat,11025.0,Y,4,Y,Rent
1667,A00008159,Khaoula Ouazzani,AG281028,40,Bachelor,30 Lotissement Al Qods,Rabat,11025.0,Y,2,Y,Rent
1668,A00006491,Zineb Barghoud,X636050,44,Bachelor,48 Boulevard Mohammed V,,,N,2,Y,Rent
1669,A00004870,Mohamed Ouazzani,HH235147,37,,28 Avenue Hassan II,Safi,46000.0,Y,6,Y,Own
1670,A00001929,Hamza Mansour,L227847,28,PhD,29 Lotissement Mohammed V,Tetouan,93000.0,N,4,Y,Rent
1671,A00008712,Noha El Fassi,AG700355,57,Bachelor,34 Lotissement Hassan II,Rabat,11025.0,N,5,Y,Rent
1672,A00000009,Othmane Amine,X453915,54,Bachelor,10 Rue Al Houda,Khourubga,25000.0,Y,4,Y,Mortgage
1673,A00008002,Youssef El Fassi,P965134,38,High School,7 Lotissement Al Houda,Ouarzazate,45000.0,Y,3,Y,Mortgage
1674,A00008206,Kawtar Farissi,KB518332,55,MD,22 Rue Centrale,Tanger,90053.0,N,2,Y,Rent
1675,A00002211,Youssef El Fassi,P269999,51,High School,19 Boulevard Hlioua,Ouarzazate,45000.0,Y,4,Y,Mortgage
1676,A00004389,Khaoula Tahiri,X825132,57,High School,19 Lotissement Salam,Khourubga,25000.0,Y,3,Y,Own
1677,A00000580,Zineb Benchikh,WA262343,34,,28 Rue Hassan II,Berrechid,26100.0,Y,7,Y,Rent
1678,A00001408,Jamila Fakhir,L151358,64,Bachelor,37 Hay Mohammed V,Tetouan,93000.0,Y,7,Y,Own
1679,A00004526,Kawtar Lahlou,CC172447,47,MD,17 Rue Al Massira,Fes,30000.0,Y,5,N,Rent
1680,A00008271,Youssef Amrani,JK887180,44,MD,9 Residence Al Qods,Agadir,80000.0,N,4,Y,Rent
1681,A00006475,Noha Barghoud,AG575483,25,Bachelor,4 Hay Hassan II,Rabat,11025.0,Y,4,Y,Mortgage
1682,A00007100,Youssef El Fassi,N423154,64,High School,39 Rue Bernoussi,Essaouira,44000.0,Y,5,Y,Own
1683,A00009236,Meryem Mansour,EE440424,40,MD,4 Boulevard Al Houda,Marrakech,40000.0,Y,4,Y,Own
1684,A00001191,Taha Skalli,BJ728210,33,College,47 Hay Al Qods,Casablanca,20220.0,Y,6,Y,Mortgage
1685,A00000276,Noha Banoune,JK763152,51,MD,38 Lotissement Salam,Agadir,80000.0,Y,5,Y,Own
1686,A00004995,Fatima Metouali,KB501155,50,Bachelor,25 Residence Al Massira,Tanger,90053.0,Y,3,Y,Own
1687,A00003681,Kawtar Kibala,CC367193,46,College,37 Hay El Fadl,Fes,30000.0,Y,2,Y,Own
1688,A00005431,Ahmed Banoune,N175464,46,High School,15 Hay Al Houda,Essaouira,44000.0,N,7,Y,Mortgage
1689,A00006949,Mohamed Radi,HH158849,33,Bachelor,34 Avenue Hlioua,Safi,46000.0,Y,6,Y,Mortgage
1690,A00007293,Youssef Farissi,BJ507553,63,High School,37 Lotissement El Fadl,Casablanca,20220.0,Y,6,Y,Mortgage
1691,A00009838,Hamza Bennani,EE217470,53,Bachelor,24 Rue Hassan II,Marrakech,40000.0,N,6,Y,Own
1692,A00000640,Khadija Benali,X345103,51,College,42 Residence Centrale,Azemmour,,Y,5,N,Rent
1693,A00002149,Adam Berrada,JK605677,47,,22 Residence Mohammed V,Agadir,80000.0,Y,2,Y,Rent
1694,A00002994,Youssef Benchikh,Y136744,60,High School,25 Hay Bernoussi,El Kelaa des Sraghna,43000.0,N,7,Y,Rent
1695,A00000778,Amine Kibala,G697987,25,MD,34 Residence Mohammed V,Kenitra,14110.0,Y,7,Y,Own
1696,A00006006,Othmane Dadi,EE919680,25,Bachelor,24 Boulevard Salam,Marrakech,40000.0,Y,2,Y,Rent
1697,A00008758,Hassan Mansar,L981162,49,Bachelor,33 Hay Hlioua,Tetouan,93000.0,Y,3,Y,Mortgage
1698,A00001606,Hajar Banoune,X456629,62,Bachelor,3 Boulevard Bernoussi,El Kbab,,Y,6,Y,Rent
1699,A00007197,Amine Jamal,X495787,45,Bachelor,35 Boulevard Hassan II,Nolensville,,Y,6,Y,Own
1700,A00004618,Aziza Oufkir,CC703583,38,High School,41 Boulevard Hassan II,Fes,30000.0,Y,7,N,Own
1701,A00006687,Kawtar Bachri,AG809046,62,Bachelor,8 Avenue Hlioua,Rabat,11025.0,Y,3,Y,Mortgage
1702,A00003491,Jamila Bate,KB602472,37,High School,21 Residence Zerktouni,Tanger,90053.0,Y,7,Y,Own
1703,A00005119,Ahmed Berrada,X997410,62,College,2 Lotissement Bernoussi,Tafraout,,Y,6,Y,Mortgage
1704,A00001976,Hiba Bachri,EE955520,31,Bachelor,30 Residence Al Houda,Marrakech,40000.0,Y,6,Y,Rent
1705,A00006319,Omar Farissi,BJ564020,33,PhD,23 Hay Al Massira,Casablanca,20220.0,Y,5,Y,Mortgage
1706,A00000244,Yahya Bate,X238757,34,Masters,2 Lotissement Bernoussi,Oued Amlil,,Y,7,Y,Own
1707,A00001139,Aya Amrani,F824495,33,High School,40 Rue Mohammed V,Oujda,60010.0,N,7,Y,Own
1708,A00002379,Rachida Tazi,CB229876,40,Bachelor,16 Rue Al Qods,Sefrou,31000.0,Y,6,Y,Own
1709,A00004672,Mohammed Amine Oufkir,X708001,36,College,21 Boulevard Hlioua,Er-Rich,,N,7,Y,Own
1710,A00009302,Zineb Jamal,X953273,38,High School,46 Lotissement Hassan II,Asilah,,N,6,Y,Mortgage
1711,A00005681,Fatima Farissi,JK974135,40,Bachelor,48 Rue Hassan II,Agadir,80000.0,Y,5,Y,Rent
1712,A00003787,Adam El Idrissi,BJ229326,39,College,36 Avenue Centrale,Casablanca,20220.0,N,6,Y,Rent
1713,A00004059,Khaoula Alaoui,F526734,58,MD,28 Residence Mohammed V,Oujda,60010.0,Y,4,N,Own
1714,A00007109,Adam Alaoui,JK143517,50,High School,32 Rue Hassan II,Agadir,80000.0,N,2,N,Mortgage
1715,A00007043,Mohammed Amine Banoune,CC715932,56,Bachelor,43 Residence Hassan II,Fes,30000.0,Y,4,N,Own
1716,A00000683,Othmane Moufkir ,AB127162,63,Bachelor,40 Lotissement Salam,Sale,11000.0,N,3,Y,Rent
1717,A00002799,Hiba Banoune,CC291441,52,Bachelor,27 Residence Zerktouni,Fes,30000.0,Y,5,Y,Mortgage
1718,A00004180,Malak Skalli,X436575,38,College,10 Hay Zerktouni,Ouezzane,,Y,3,Y,Rent
1719,A00006666,Meryem Bennani,DN643855,34,High School,2 Boulevard Zerktouni,Meknes,50010.0,N,4,N,Own
1720,A00005762,Othmane Moufkir ,AB720504,64,,9 Rue Zerktouni,Sale,11000.0,Y,6,Y,Own
1721,A00003013,Mohamed Bate,N139411,48,Masters,47 Avenue Zerktouni,Essaouira,44000.0,Y,7,Y,Own
1722,A00001300,Meryem Amine,X755302,27,High School,33 Avenue Hlioua,Tazenakht,,Y,4,Y,Rent
1723,A00003694,Noha Tazi,G819646,58,Masters,44 Rue Al Qods,Kenitra,14110.0,Y,7,Y,Rent
1724,A00005905,Omar Lahlou,DN438870,53,College,39 Residence Bernoussi,Meknes,50010.0,Y,6,Y,Mortgage
1725,A00005969,Mohammed Amine Eddoughmi,X310687,30,MD,16 Lotissement Bernoussi,Bni Hadifa,,Y,6,Y,Mortgage
1726,A00006349,Hassan Ouazzani,KB820773,61,,20 Avenue Hassan II,Tanger,90053.0,N,5,Y,Own
1727,A00004820,Omar Bennani,M840782,60,High School,11 Avenue Hlioua,El Jadida,24010.0,Y,5,N,Rent
1728,A00005503,Othmane Amine,ZG642880,30,College,8 Residence Hlioua,Guercif,37000.0,Y,5,Y,Mortgage
1729,A00003141,Adam Benali,X468684,45,Bachelor,33 Residence Al Houda,Agourai,,Y,5,Y,Rent
1730,A00006713,Youssef Amine,DN442360,49,Bachelor,33 Hay El Fadl,Meknes,50010.0,Y,2,Y,Mortgage
1731,A00001510,Rachida Ouazzani,AB244962,57,MD,30 Rue Mohammed V,Sale,11000.0,Y,5,Y,Mortgage
1732,A00004121,Rachida Fakhir,AB385459,54,Bachelor,2 Residence Al Houda,Sale,11000.0,Y,5,Y,Mortgage
1733,A00005316,Kawtar El Fassi,CC329217,58,High School,18 Lotissement Bernoussi,Fes,30000.0,Y,6,N,Rent
1734,A00007857,Kaoutar Kibala,G238434,57,High School,42 Boulevard Al Qods,Kenitra,14110.0,Y,7,Y,Own
1735,A00008545,Taha Fakhir,DN541071,56,High School,20 Residence El Fadl,Meknes,50010.0,Y,6,Y,Own
1736,A00002845,Amine Tazi,X639351,47,Bachelor,28 Hay Mohammed V,Karia,,Y,3,Y,Mortgage
1737,A00007580,Kawtar Tazi,X951191,37,Bachelor,23 Rue Salam,Zagora,,Y,6,Y,Own
1738,A00007875,Hajar Ouazzani,L225529,54,MD,32 Rue Al Houda,Tetouan,93000.0,Y,2,Y,Mortgage
1739,A00002044,Yahya Moufkir ,X756967,41,High School,18 Hay Hlioua,Sebt El Guerdane,,Y,2,Y,Mortgage
1740,A00009292,Aya Tazi,SH199018,38,Bachelor,2 Boulevard Salam,Laayoune,70000.0,Y,7,Y,Own
1741,A00002495,Youssef Tahiri,AG734482,25,Bachelor,20 Rue Al Massira,Rabat,11025.0,N,2,N,Rent
1742,A00008615,Omar Benchikh,N101484,33,High School,9 Boulevard Al Massira,Essaouira,44000.0,Y,6,Y,Mortgage
1743,A00006569,Mohammed Amine Dadi,KB908081,28,High School,37 Rue Hlioua,Tanger,90053.0,Y,2,Y,Mortgage
1744,A00006805,Khaoula El Yousfi,KB964591,48,MD,35 Lotissement Al Qods,Tanger,90053.0,Y,7,Y,Own
1745,A00006730,Hassan Radi,L399808,34,Masters,29 Lotissement Mohammed V,Tetouan,93000.0,Y,2,Y,Own
1746,A00004425,Youssef Tazi,X761264,61,College,24 Rue Centrale,Imlil,,N,7,Y,Rent
1747,A00001333,Yahya Salhi,SA435975,43,Bachelor,30 Residence Mohammed V,Nador,62000.0,N,7,Y,Mortgage
1748,A00000909,Zineb Mansour,F768194,37,Masters,3 Rue Mohammed V,Oujda,60010.0,Y,5,Y,Rent
1749,A00009477,Khaoula Barghoud,DN865850,36,Bachelor,23 Residence Zerktouni,Meknes,50010.0,Y,6,Y,Own
1750,A00007146,Hamza Fadili,X719483,56,High School,44 Lotissement Al Houda,Lahdar,,Y,3,Y,Mortgage
1751,A00006281,Zineb Berrada,X251807,42,High School,14 Hay Hassan II,Jebha,,Y,4,N,Mortgage
1752,A00001303,Khaoula Barghoud,EE674006,31,College,43 Residence Centrale,Marrakech,40000.0,N,7,Y,Mortgage
1753,A00001391,Meryem Ouazzani,EE442528,34,MD,10 Avenue Al Qods,Marrakech,40000.0,Y,2,N,Mortgage
1754,A00002279,Salma Mansar,X790548,30,High School,16 Rue Hlioua,Tit Mellil,,Y,7,Y,Mortgage
1755,A00007719,Amine Jamal,CC111619,33,Bachelor,23 Lotissement Al Qods,Fes,30000.0,Y,6,Y,Mortgage
1756,A00008708,Othmane Mansour,G297817,38,High School,8 Avenue Zerktouni,Kenitra,14110.0,Y,7,Y,Rent
1757,A00005417,Mohammed Amine Banoune,X660285,46,High School,21 Residence El Fadl,Boughriba,,Y,2,Y,Own
1758,A00003182,Kaoutar Berrada,DN133146,32,High School,19 Avenue Al Houda,Meknes,50010.0,Y,7,Y,Rent
1759,A00008394,Meryem Lahlou,L606701,56,Bachelor,41 Rue El Fadl,Tetouan,93000.0,N,4,Y,Own
1760,A00007915,Taha Mansour,JK494561,26,High School,38 Hay Al Houda,Agadir,80000.0,Y,7,Y,Own
1761,A00008635,Rachida Skalli,DN817418,53,Bachelor,1 Hay Zerktouni,Meknes,50010.0,Y,3,Y,Rent
1762,A00006158,Meryem Mansar,BJ728698,27,Masters,18 Lotissement Al Houda,Casablanca,20220.0,Y,2,Y,Rent
1763,A00005027,Amine Mansour,AG279036,59,Masters,38 Avenue Centrale,Rabat,11025.0,N,6,Y,Mortgage
1764,A00007077,Amine Oufkir,AB469663,27,Bachelor,15 Avenue El Fadl,Sale,11000.0,N,3,Y,Mortgage
1765,A00000938,Yahya Oufkir,L866059,49,College,23 Hay Hlioua,Tetouan,93000.0,Y,3,Y,Mortgage
1766,A00001676,Adam Radi,X816792,57,High School,17 Hay Hassan II,Figuig,,N,2,Y,Rent
1767,A00004281,Mohammed Amine Moufkir ,AG413248,57,High School,46 Hay El Fadl,Rabat,11025.0,N,7,Y,Own
1768,A00001573,Hajar Banoune,KB308354,57,Bachelor,20 Hay Al Houda,Tanger,90053.0,N,4,N,Rent
1769,A00006381,Malak Fakhir,JK921466,39,Bachelor,32 Avenue Hlioua,Agadir,80000.0,Y,2,Y,Own
1770,A00004239,Yahya Jamal,EE477545,32,Bachelor,30 Rue Al Houda,Marrakech,40000.0,Y,7,Y,Own
1771,A00001736,Youssef Oufkir,DN407663,44,High School,6 Boulevard Centrale,Meknes,50010.0,Y,6,Y,Rent
1772,A00000052,Omar Alaoui,G192962,50,Bachelor,2 Hay Mohammed V,Kenitra,14110.0,Y,7,Y,Mortgage
1773,A00006982,Aya Alaoui,X978825,34,Masters,31 Rue Al Qods,Souk Sebt Oulad Nemma,,Y,3,Y,Mortgage
1774,A00000064,Khaoula Benchikh,HH547420,31,High School,49 Lotissement Salam,Safi,46000.0,Y,5,Y,Own
1775,A00007347,Mohammed Amine El Yousfi,X981389,34,,31 Boulevard Centrale,Aknoul,,Y,2,N,Own
1776,A00005151,Yahya Bennani,X400538,35,Bachelor,26 Rue El Fadl,Touama,,N,2,N,Own
1777,A00007538,Hassan Mansour,GK518024,48,PhD,26 Hay Al Houda,Sidi Kacem,16000.0,Y,3,Y,Rent
1778,A00006412,Kawtar Moufkir ,X961906,44,Bachelor,17 Residence Al Qods,Brikcha,,N,4,Y,Own
1779,A00002752,Yahya Metouali,L743498,27,College,45 Hay Centrale,Tetouan,93000.0,Y,2,Y,Own
1780,A00005961,Noha Tahiri,DN736518,48,Bachelor,39 Lotissement Al Massira,Meknes,50010.0,Y,2,Y,Mortgage
1781,A00005567,Khaoula Oufkir,L724179,31,Bachelor,3 Lotissement Zerktouni,Tetouan,93000.0,N,5,Y,Own
1782,A00009250,Rania Benali,EE670449,56,Bachelor,11 Lotissement Centrale,Marrakech,40000.0,Y,4,Y,Rent
1783,A00001469,Kaoutar Farissi,CC613984,34,Bachelor,43 Rue Centrale,Fes,30000.0,Y,4,Y,Mortgage
1784,A00000853,Othmane El Fassi,KB119815,40,Bachelor,39 Rue Al Houda,Tanger,90053.0,Y,3,Y,Own
1785,A00002931,Yahya El Yousfi,X386212,34,High School,10 Hay Zerktouni,Krouchen,,Y,2,Y,Own
1786,A00000926,Amine Benali,DN588844,61,Bachelor,11 Avenue Al Qods,Meknes,50010.0,Y,5,N,Own
1787,A00004641,Mohammed Amine Dadi,N154419,63,Bachelor,29 Lotissement Mohammed V,Essaouira,44000.0,N,3,Y,Own
1788,A00007871,Aziza Salhi,AB662208,59,Masters,17 Boulevard Hlioua,Sale,11000.0,Y,6,Y,Rent
1789,A00008382,Noha Ouazzani,CC654399,58,High School,21 Residence Zerktouni,Fes,30000.0,N,7,Y,Mortgage
1790,A00003170,Zineb Barghoud,QA237031,32,Bachelor,46 Boulevard Al Houda,Oued Zem,25200.0,N,5,Y,Own
1791,A00002892,Malak Banoune,P973834,57,MD,37 Lotissement Bernoussi,Ouarzazate,45000.0,Y,3,Y,Rent
1792,A00008108,Omar Farissi,X350507,37,High School,27 Boulevard Hlioua,Sidi Yahya El Gharb,,Y,4,Y,Own
1793,A00004571,Rania Barghoud,X665629,35,Bachelor,35 Lotissement Al Massira,Ain Chkef,,Y,4,Y,Mortgage
1794,A00000891,Meryem Bennani,KB244984,61,High School,38 Avenue Al Houda,Tanger,90053.0,Y,2,Y,Rent
1795,A00007083,Khadija Lahlou,DN340636,43,Masters,9 Boulevard Hassan II,Meknes,50010.0,Y,2,Y,Mortgage
1796,A00005848,Noha Fakhir,L970060,34,Bachelor,32 Avenue Al Massira,Tetouan,93000.0,Y,5,Y,Mortgage
1797,A00003145,Mohamed Banoune,SA120937,27,PhD,12 Lotissement Salam,Nador,62000.0,Y,6,Y,Rent
1798,A00003083,Hamza Alaoui,F288325,29,Bachelor,6 Hay Hassan II,Oujda,60010.0,Y,2,Y,Rent
1799,A00000802,Kawtar Mansour,F277914,37,,48 Boulevard Bernoussi,Oujda,60010.0,Y,5,Y,Rent
1800,A00002236,Fatima Dadi,CB867222,34,High School,16 Rue Al Qods,Sefrou,31000.0,Y,5,Y,Rent
1801,A00001638,Omar El Idrissi,AB425271,47,PhD,49 Boulevard Hassan II,Sale,11000.0,Y,2,N,Own
1802,A00008546,Malak Mansour,JE979528,38,Bachelor,34 Avenue Hlioua,Tiznit,85000.0,N,4,Y,Rent
1803,A00002661,Mohammed Amine El Fassi,AB658366,64,High School,2 Residence Al Massira,Sale,11000.0,Y,2,Y,Mortgage
1804,A00008402,Omar Tahiri,X699721,28,Bachelor,11 Avenue Al Massira,Readsboro,,Y,6,Y,Own
1805,A00009433,Omar El Fassi,X742866,57,PhD,33 Hay Al Qods,Zag,,N,6,Y,Mortgage
1806,A00009224,Noha Barghoud,BJ834463,41,High School,16 Residence Al Qods,Casablanca,20220.0,N,7,Y,Rent
1807,A00000187,Hajar Bennani,BJ449798,39,Bachelor,34 Boulevard Salam,Casablanca,20220.0,Y,2,Y,Own
1808,A00006715,Youssef Ouazzani,DN767236,48,High School,39 Residence Bernoussi,Meknes,50010.0,N,2,Y,Rent
1809,A00002032,Youssef Barghoud,X944627,58,Bachelor,49 Boulevard Al Houda,Ben Mansour,,Y,4,Y,Rent
1810,A00001243,Aziza Benchikh,X445725,47,Bachelor,1 Lotissement Bernoussi,Ait Daoud,,Y,4,Y,Mortgage
1811,A00001544,Omar Kibala,KB942590,51,College,9 Residence Mohammed V,Tanger,90053.0,Y,5,Y,Rent
1812,A00004935,Noha Salhi,X748974,49,Bachelor,18 Hay Hlioua,Sebt El Guerdane,,N,7,Y,Rent
1813,A00004711,Adam Banoune,DN929746,59,Bachelor,41 Lotissement Salam,Meknes,50010.0,Y,7,Y,Own
1814,A00006330,Taha Banoune,L770101,47,,35 Boulevard Centrale,Tetouan,93000.0,Y,5,Y,Mortgage
1815,A00005705,Noha El Yousfi,X970039,44,Bachelor,40 Boulevard Hassan II,Bir Jdid,,Y,2,Y,Rent
1816,A00007474,Kawtar Mansour,AB736661,26,College,16 Hay Bernoussi,Sale,11000.0,Y,2,Y,Mortgage
1817,A00007152,Ahmed Mansar,EE169050,60,,7 Hay Hlioua,Marrakech,40000.0,N,6,Y,Mortgage
1818,A00004888,Omar Ouazzani,KB794563,51,Bachelor,45 Boulevard Zerktouni,Tanger,90053.0,Y,2,Y,Mortgage
1819,A00000558,Jamila Tahiri,F466965,25,Bachelor,48 Boulevard Bernoussi,Oujda,60010.0,Y,3,Y,Mortgage
1820,A00003483,Ahmed Bate,N235615,52,Bachelor,30 Lotissement Al Houda,Essaouira,44000.0,Y,3,Y,Own
1821,A00005760,Malak Barghoud,X109776,35,Bachelor,10 Boulevard Mohammed V,Zirara,,Y,3,Y,Own
1822,A00007004,Yahya Mansar,L846263,46,,4 Boulevard El Fadl,Tetouan,93000.0,Y,3,Y,Mortgage
1823,A00008704,Noha Mansour,ZG468038,58,Bachelor,8 Residence Hlioua,Guercif,37000.0,Y,7,Y,Mortgage
1824,A00008924,Yahya Mansour,N959672,33,Bachelor,14 Boulevard Al Qods,Essaouira,44000.0,Y,2,Y,Mortgage
1825,A00009920,Mohammed Amine Benali,X642922,46,Bachelor,41 Avenue Hassan II,Deroua,,Y,4,Y,Mortgage
1826,A00006821,Malak Fadili,M165319,57,Bachelor,19 Avenue El Fadl,El Jadida,24010.0,Y,2,Y,Rent
1827,A00007449,Omar El Yousfi,X627506,56,Bachelor,7 Residence Mohammed V,El Menzel,,Y,6,Y,Own
1828,A00001477,Khadija Benchikh,F827978,51,High School,2 Avenue Hlioua,Oujda,60010.0,N,6,Y,Own
1829,A00007734,Khadija Eddoughmi,M214827,49,MD,13 Boulevard Centrale,El Jadida,24010.0,Y,6,Y,Mortgage
1830,A00000114,Mohamed Bate,P436020,39,High School,7 Lotissement Al Houda,Ouarzazate,45000.0,N,4,Y,Own
1831,A00001118,Mohamed Jamal,AG561767,60,High School,46 Hay El Fadl,Rabat,11025.0,Y,3,Y,Mortgage
1832,A00003795,Meryem El Idrissi,N752047,63,,36 Rue Mohammed V,Essaouira,44000.0,Y,7,Y,Rent
1833,A00008429,Youssef Moufkir ,L728820,33,Bachelor,3 Lotissement Zerktouni,Tetouan,93000.0,Y,5,Y,Mortgage
1834,A00007666,Noha Lahlou,AB328683,52,High School,49 Boulevard Al Qods,Sale,11000.0,N,3,Y,Own
1835,A00006008,Hamza Salhi,CC131767,64,College,19 Avenue Salam,Fes,30000.0,Y,6,Y,Own
1836,A00006031,Khadija Fakhir,CC125702,58,College,9 Boulevard Al Qods,Fes,30000.0,Y,3,Y,Mortgage
1837,A00005212,Khaoula Amrani,AG852617,63,Bachelor,22 Lotissement Mohammed V,Rabat,11025.0,Y,2,Y,Mortgage
1838,A00004344,Fatima Skalli,SA498765,64,Bachelor,2 Residence Hassan II,Nador,62000.0,Y,3,Y,Own
1839,A00008882,Mohammed Amine Bennani,DN119372,42,Bachelor,46 Residence Salam,Meknes,50010.0,Y,2,Y,Mortgage
1840,A00002726,Aya Bate,DN270120,45,High School,24 Avenue Centrale,Meknes,50010.0,Y,4,Y,Own
1841,A00006423,Ahmed El Yousfi,X869286,50,Bachelor,27 Hay Al Houda,Selouane,,N,3,Y,Own
1842,A00009584,Kawtar Farissi,AG793932,63,Masters,24 Hay El Fadl,Rabat,11025.0,Y,7,Y,Own
1843,A00003327,Amine Salhi,X990127,64,Masters,29 Avenue Mohammed V,Ouezzane,,Y,2,N,Mortgage
1844,A00006535,Kawtar Mansar,EE280049,41,Bachelor,12 Boulevard Al Houda,Marrakech,40000.0,Y,3,N,Rent
1845,A00001652,Salma Eddoughmi,LF893144,32,MD,46 Hay Al Houda,Fnideq,93200.0,Y,3,Y,Rent
1846,A00008562,Noha Jamal,SA874704,42,Bachelor,12 Lotissement Salam,Nador,62000.0,N,5,Y,Rent
1847,A00003337,Yahya Mansar,EE795838,52,Bachelor,37 Rue Salam,Marrakech,40000.0,Y,7,Y,Mortgage
1848,A00006285,Taha Banoune,AB733816,38,MD,20 Rue Hassan II,Sale,11000.0,Y,3,Y,Rent
1849,A00005579,Kaoutar Oufkir,X471820,54,,11 Boulevard El Fadl,Bouznika,,Y,5,Y,Own
1850,A00005847,Khaoula El Yousfi,DN528399,43,College,49 Residence Hlioua,Meknes,50010.0,Y,5,Y,Rent
1851,A00005835,Salma Amine,HH167006,51,High School,46 Residence El Fadl,Safi,46000.0,Y,2,Y,Own
1852,A00004925,Yahya Benali,X920313,51,High School,21 Hay Hlioua,Chichaoua,,Y,6,Y,Rent
1853,A00008411,Rachida Farissi,CC907111,56,Bachelor,26 Lotissement Al Massira,Fes,30000.0,Y,6,Y,Mortgage
1854,A00003268,Rachida Oufkir,AB871990,30,Bachelor,41 Boulevard Al Qods,Sale,11000.0,Y,6,Y,Own
1855,A00001849,Kaoutar Banoune,AB355582,34,MD,30 Residence Hassan II,Sale,11000.0,Y,4,Y,Own
1856,A00000070,Youssef Amrani,L576744,32,,44 Lotissement Hlioua,Tetouan,93000.0,N,3,Y,Own
1857,A00000126,Kaoutar Berrada,X427578,52,Bachelor,27 Rue Mohammed V,Errachidia,,Y,7,Y,Mortgage
1858,A00002275,Hassan Amrani,SA838567,36,Masters,2 Hay Hassan II,Nador,62000.0,N,3,Y,Rent
1859,A00006428,Hamza Bachri,F984966,57,High School,10 Lotissement Salam,Oujda,60010.0,Y,5,Y,Own
1860,A00009873,Rachida Amine,X659231,42,Bachelor,31 Lotissement Zerktouni,Bab Berred,,Y,3,Y,Rent
1861,A00008652,Ahmed Radi,JK499084,38,Bachelor,40 Hay Salam,Agadir,80000.0,N,4,Y,Rent
1862,A00001429,Khaoula Moufkir ,L960589,55,High School,39 Avenue Bernoussi,Tetouan,93000.0,N,5,Y,Rent
1863,A00008963,Meryem Bate,L177940,29,College,10 Boulevard Al Qods,Tetouan,93000.0,Y,2,N,Rent
1864,A00004375,Fatima Ezzahra  Banoune,X101819,33,Bachelor,19 Lotissement Mohammed V,Ouahat Sidi Brahim,,N,7,N,Mortgage
1865,A00008343,Rania Ouazzani,DN750498,34,Bachelor,1 Hay Al Qods,Meknes,50010.0,N,7,Y,Mortgage
1866,A00000219,Fatima Ezzahra  Salhi,N361854,41,Bachelor,29 Lotissement Mohammed V,Essaouira,44000.0,Y,4,Y,Rent
1867,A00008307,Kaoutar Mansar,BJ317708,58,MD,41 Avenue Centrale,Casablanca,20220.0,Y,4,Y,Rent
1868,A00006227,Amine Benchikh,L360467,47,Bachelor,20 Hay Hassan II,Tetouan,93000.0,Y,4,Y,Mortgage
1869,A00003127,Aziza Salhi,DN205966,33,High School,21 Boulevard El Fadl,Meknes,50010.0,Y,7,N,Own
1870,A00005480,Youssef Tahiri,AG802926,29,College,39 Lotissement Al Houda,Rabat,11025.0,Y,2,Y,Rent
1871,A00008691,Fatima Moufkir ,X814613,60,High School,39 Residence Al Massira,Aoufous,,Y,6,Y,Mortgage
1872,A00001039,Mohamed Ouazzani,CC946913,33,Bachelor,6 Lotissement Hlioua,Fes,30000.0,Y,4,Y,Own
1873,A00000028,Hiba Jamal,F829363,54,MD,44 Avenue Hlioua,Oujda,60010.0,N,2,Y,Rent
1874,A00005786,Hamza Mansar,G124065,49,Bachelor,19 Lotissement Zerktouni,Kenitra,14110.0,Y,4,Y,Rent
1875,A00002229,Fatima Skalli,X912925,56,Bachelor,34 Hay Bernoussi,Khourubga,25000.0,Y,4,Y,Mortgage
1876,A00004514,Omar Salhi,X712709,58,College,26 Rue El Fadl,Touama,,Y,6,Y,Mortgage
1877,A00006247,Salma Fakhir,G325098,32,Masters,38 Residence Hassan II,Kenitra,14110.0,N,5,Y,Own
1878,A00001058,Othmane Farissi,AB448004,46,College,49 Residence Salam,Sale,11000.0,N,3,Y,Own
1879,A00003193,Salma Tazi,CC166642,29,High School,18 Hay Salam,Fes,30000.0,N,6,Y,Mortgage
1880,A00009088,Aya Berrada,KB197861,34,Masters,8 Boulevard Hlioua,Tanger,90053.0,N,6,Y,Own
1881,A00003910,Hassan Eddoughmi,AB673245,32,Bachelor,38 Hay Hassan II,Sale,11000.0,Y,3,N,Mortgage
1882,A00007882,Zineb Eddoughmi,DN462387,25,Masters,13 Hay Hassan II,Meknes,50010.0,Y,3,Y,Mortgage
1883,A00002276,Taha Alaoui,X527102,35,Bachelor,22 Lotissement Hassan II,Ksar El Majaz,,Y,2,Y,Mortgage
1884,A00007859,Kaoutar Tazi,R684313,47,High School,36 Hay Centrale,El Hoceima,32000.0,Y,5,Y,Own
1885,A00008478,Youssef Bachri,EE160207,52,Bachelor,49 Residence El Fadl,Marrakech,40000.0,Y,5,Y,Rent
1886,A00007632,Hamza Fakhir,AB716008,42,Bachelor,13 Hay Bernoussi,Sale,11000.0,Y,4,Y,Mortgage
1887,A00006913,Youssef Bachri,G859254,34,Bachelor,47 Residence Al Houda,Kenitra,14110.0,Y,6,Y,Rent
1888,A00006988,Mohamed Fadili,M836491,55,High School,19 Avenue Centrale,El Jadida,24010.0,Y,7,Y,Rent
1889,A00002058,Omar Salhi,L496101,32,College,20 Hay Hassan II,Tetouan,93000.0,N,4,Y,Own
1890,A00009898,Malak Farissi,AG109397,37,MD,44 Avenue Al Qods,Rabat,11025.0,N,5,N,Rent
1891,A00006640,Rania Benali,EE718265,51,High School,2 Lotissement Mohammed V,Marrakech,40000.0,N,6,Y,Mortgage
1892,A00001372,Yahya Farissi,AB981123,32,Bachelor,27 Boulevard El Fadl,Sale,11000.0,Y,3,Y,Mortgage
1893,A00006364,Fatima Ezzahra  Oufkir,X663110,49,High School,42 Lotissement Salam,Oued Laou,,Y,2,Y,Own
1894,A00005303,Kawtar Berrada,X825754,45,High School,47 Rue El Fadl,Foum Jamaa,,N,3,Y,Own
1895,A00003903,Amine Benchikh,GK554066,37,College,26 Hay Al Houda,Sidi Kacem,16000.0,Y,4,Y,Rent
1896,A00004267,Salma Dadi,KB189181,48,High School,45 Rue Al Massira,Tanger,90053.0,Y,6,N,Rent
1897,A00005344,Adam Lahlou,JC100100,53,Bachelor,15 Rue Bernoussi,Taaroudant,83000.0,Y,6,Y,Own
1898,A00006163,Khaoula Bate,G849468,30,College,24 Hay Al Houda,Kenitra,14110.0,Y,5,Y,Own
1899,A00007849,Hiba El Fassi,M944214,30,Bachelor,38 Hay Salam,El Jadida,24010.0,Y,6,Y,Rent
1900,A00007321,Khaoula Barghoud,L469897,33,Bachelor,47 Rue Mohammed V,Tetouan,93000.0,N,4,Y,Own
1901,A00009446,Jamila Fakhir,X483742,62,Bachelor,19 Hay Bernoussi,Foum Jamaa,,Y,2,Y,Mortgage
1902,A00003467,Fatima Ezzahra  Kibala,AG885434,47,High School,26 Residence El Fadl,Rabat,11025.0,N,5,Y,Rent
1903,A00008739,Taha Bennani,DN339131,25,Masters,31 Lotissement Mohammed V,Meknes,50010.0,Y,6,Y,Rent
1904,A00008427,Adam Dadi,AG231989,45,Bachelor,49 Hay Mohammed V,Rabat,11025.0,Y,4,N,Own
1905,A00002423,Hamza Tahiri,CC274170,41,Bachelor,17 Rue Al Massira,Fes,30000.0,Y,4,Y,Rent
1906,A00009591,Ahmed Amrani,X492888,62,High School,10 Rue Hassan II,Hassi Berkane,,N,5,Y,Rent
1907,A00007517,Noha Tazi,BJ362329,64,Bachelor,11 Rue Salam,Casablanca,20220.0,N,5,Y,Own
1908,A00006170,Amine Alaoui,KB100218,55,,24 Hay Al Qods,Tanger,90053.0,N,7,Y,Rent
1909,A00004746,Jamila Benchikh,X388336,51,Masters,40 Rue Salam,Oulad Tayeb,,Y,4,Y,Rent
1910,A00004682,Jamila Mansar,N368981,57,Bachelor,39 Boulevard Zerktouni,Essaouira,44000.0,Y,7,Y,Rent
1911,A00004783,Salma Berrada,X962000,60,Bachelor,36 Rue Bernoussi,Amezmiz,,N,5,Y,Mortgage
1912,A00009899,Hassan Tazi,X237313,30,Masters,29 Hay Al Massira,Asjen,,Y,3,Y,Rent
1913,A00006422,Hamza Dadi,KB585722,48,Masters,17 Residence Al Houda,Tanger,90053.0,Y,7,Y,Mortgage
1914,A00005743,Khaoula Tahiri,X849639,32,High School,32 Residence Bernoussi,,,Y,2,Y,Mortgage
1915,A00007465,Fatima Ezzahra  Berrada,L627955,58,Masters,15 Hay Mohammed V,Tetouan,93000.0,Y,4,Y,Rent
1916,A00001132,Hassan Skalli,X470675,54,PhD,6 Boulevard El Fadl,Temara,,Y,4,Y,Mortgage
1917,A00006925,Taha Bachri,X585791,36,PhD,14 Hay Hlioua,Khenichet,,Y,6,Y,Rent
1918,A00004644,Meryem Banoune,CC507368,29,MD,14 Hay Zerktouni,Fes,30000.0,Y,3,Y,Mortgage
1919,A00005059,Youssef Dadi,AG172295,26,Bachelor,28 Residence Mohammed V,Rabat,11025.0,Y,2,Y,Own
1920,A00008107,Ahmed Ouazzani,AG765929,51,Masters,44 Avenue Al Qods,Rabat,11025.0,N,3,Y,Mortgage
1921,A00008363,Jamila El Idrissi,X972443,29,High School,28 Hay Mohammed V,Karia,,Y,2,Y,Mortgage
1922,A00006083,Noha Fakhir,G293833,37,College,19 Lotissement Zerktouni,Kenitra,14110.0,Y,5,Y,Rent
1923,A00002081,Rania Tahiri,BJ670235,62,MD,11 Hay Mohammed V,Casablanca,20220.0,Y,5,Y,Own
1924,A00008069,Noha Benchikh,X898494,29,High School,18 Residence Al Qods,Bouarfa,,Y,5,Y,Own
1925,A00009721,Rania El Idrissi,EE660267,44,High School,23 Residence Al Massira,Marrakech,40000.0,Y,3,Y,Own
1926,A00005439,Kawtar Alaoui,X768035,26,High School,37 Rue Hassan II,Taza Haut,,Y,3,Y,Mortgage
1927,A00008973,Noha Radi,AB838933,57,High School,28 Residence Bernoussi,Sale,11000.0,Y,4,Y,Own
1928,A00002244,Aya Mansar,JK465092,51,Bachelor,23 Lotissement Al Qods,Agadir,80000.0,N,4,Y,Rent
1929,A00002086,Adam Lahlou,W153592,60,College,41 Rue Bernoussi,Settat,26000.0,Y,2,Y,Rent
1930,A00001187,Aziza Bachri,JK632838,42,Bachelor,47 Lotissement Al Qods,Agadir,80000.0,Y,4,Y,Mortgage
1931,A00009639,Aziza Bachri,M841819,39,College,35 Rue Mohammed V,El Jadida,24010.0,Y,6,Y,Rent
1932,A00007904,Taha Bennani,KB847890,53,High School,46 Residence Bernoussi,Tanger,90053.0,Y,6,Y,Own
1933,A00005004,Kaoutar Mansar,EE609530,49,MD,4 Boulevard Hlioua,Marrakech,40000.0,Y,3,Y,Mortgage
1934,A00003303,Hajar Tahiri,DN894287,33,College,35 Residence Al Massira,Meknes,50010.0,Y,2,Y,Mortgage
1935,A00005485,Taha Dadi,DN979575,44,College,11 Boulevard Hlioua,Meknes,50010.0,Y,7,Y,Mortgage
1936,A00000230,Salma Metouali,G656125,42,Bachelor,45 Lotissement Salam,Kenitra,14110.0,Y,6,Y,Mortgage
1937,A00009461,Ahmed Mansour,F547023,57,Bachelor,4 Rue Al Houda,Oujda,60010.0,Y,7,Y,Own
1938,A00003680,Kaoutar Banoune,JK716950,30,Bachelor,9 Residence Al Qods,Agadir,80000.0,Y,6,Y,Own
1939,A00002017,Hassan Moufkir ,F971158,45,Bachelor,29 Avenue Al Qods,Oujda,60010.0,Y,7,Y,Own
1940,A00002508,Rania El Fassi,KB451340,51,Masters,46 Rue Al Houda,Tanger,90053.0,N,4,Y,Mortgage
1941,A00000626,Hassan Alaoui,BJ852315,41,,12 Rue Al Qods,Casablanca,20220.0,Y,6,Y,Mortgage
1942,A00001968,Amine Ouazzani,X501431,64,PhD,28 Residence Bernoussi,Sidi Rahal,,N,5,Y,Rent
1943,A00003080,Mohamed Skalli,EE948335,62,High School,35 Avenue Mohammed V,Marrakech,40000.0,Y,2,Y,Own
1944,A00002167,Hiba Bachri,AG737468,52,Bachelor,32 Avenue Bernoussi,Rabat,11025.0,Y,4,Y,Rent
1945,A00000106,Fatima Jamal,CC227986,39,Bachelor,17 Avenue Salam,Fes,30000.0,Y,3,Y,Mortgage
1946,A00007448,Rania Moufkir ,JF426720,43,Bachelor,10 Hay Mohammed V,Tan Tan,82000.0,Y,7,Y,Rent
1947,A00002934,Aziza Oufkir,X698214,39,High School,26 Rue Al Qods,Ras El Ma,,N,3,Y,Own
1948,A00000415,Ahmed Dadi,G928726,49,,34 Avenue Bernoussi,Kenitra,14110.0,Y,2,Y,Mortgage
1949,A00004777,Youssef Banoune,X288774,47,Bachelor,12 Lotissement Hassan II,Mediouna,,Y,7,Y,Rent
1950,A00005639,Zineb Moufkir ,X603591,47,MD,21 Residence Salam,Outat El Haj,,Y,5,Y,Own
1951,A00007434,Kaoutar Lahlou,X493469,35,Bachelor,14 Lotissement El Fadl,Tinjdad,,Y,4,Y,Mortgage
1952,A00000924,Hassan Farissi,X746401,34,MD,28 Lotissement Hassan II,Driouch,,Y,6,Y,Own
1953,A00004415,Salma Radi,BJ306668,41,Masters,41 Rue Salam,Casablanca,20220.0,N,4,Y,Mortgage
1954,A00002646,Taha Metouali,G938641,32,Masters,12 Avenue Al Houda,Kenitra,14110.0,Y,4,N,Rent
1955,A00003105,Khaoula Dadi,N263599,42,College,37 Rue Al Massira,Essaouira,44000.0,Y,3,Y,Rent
1956,A00006709,Ahmed Banoune,L350871,27,High School,2 Lotissement Hassan II,Tetouan,93000.0,Y,6,Y,Mortgage
1957,A00000768,Rachida Eddoughmi,X800107,36,High School,2 Lotissement El Fadl,Mhaya,,Y,6,Y,Own
1958,A00002313,Kaoutar Tahiri,G875537,64,PhD,41 Avenue Hlioua,Kenitra,14110.0,Y,4,Y,Rent
1959,A00006891,Hassan Kibala,KB168501,41,Bachelor,9 Residence Mohammed V,Tanger,90053.0,Y,6,Y,Mortgage
1960,A00003338,Adam Skalli,G902323,38,PhD,7 Residence Hassan II,Kenitra,14110.0,N,4,Y,Own
1961,A00004931,Khadija Tahiri,L919238,33,College,15 Boulevard Al Massira,Tetouan,93000.0,N,3,Y,Rent
1962,A00008716,Rania Tazi,X523272,63,College,42 Avenue Mohammed V,Khourubga,25000.0,Y,3,Y,Mortgage
1963,A00004227,Fatima Banoune,L360340,25,Bachelor,45 Residence Hassan II,Tetouan,93000.0,N,2,Y,Mortgage
1964,A00006534,Khadija Benchikh,SA330279,40,MD,8 Boulevard Al Massira,Nador,62000.0,Y,5,Y,Mortgage
1965,A00008710,Rachida Tahiri,EE607884,32,High School,39 Lotissement Hassan II,Marrakech,40000.0,Y,3,Y,Mortgage
1966,A00002545,Fatima Tazi,DN652873,29,High School,20 Residence El Fadl,Meknes,50010.0,N,7,Y,Rent
1967,A00007684,Rania Mansar,EE330524,54,PhD,11 Residence El Fadl,Marrakech,40000.0,Y,4,Y,Own
1968,A00004068,Hamza Mansour,G613383,25,High School,47 Boulevard Al Houda,Kenitra,14110.0,Y,2,Y,Rent
1969,A00002710,Meryem Ouazzani,BJ122877,52,Masters,15 Lotissement Al Massira,Casablanca,20220.0,N,5,Y,Own
1970,A00006096,Aziza Benchikh,HH524146,40,High School,1 Avenue Salam,Safi,46000.0,Y,3,Y,Own
1971,A00008362,Fatima Ezzahra  Mansar,X684796,64,MD,42 Residence Al Houda,Ain Harrouda,,Y,2,Y,Own
1972,A00001761,Mohamed Mansar,DN677860,25,,34 Hay Salam,Meknes,50010.0,Y,7,Y,Own
1973,A00000741,Kaoutar Berrada,AB788027,43,Bachelor,20 Hay Al Qods,Sale,11000.0,Y,4,Y,Own
1974,A00002953,Fatima Ezzahra  Alaoui,JA718486,46,,27 Hay Hassan II,Guelmim,81000.0,Y,7,Y,Rent
1975,A00000360,Hajar Fakhir,L131353,62,Bachelor,6 Residence Al Houda,Tetouan,93000.0,Y,4,Y,Mortgage
1976,A00009515,Fatima Tazi,AB440787,38,Bachelor,34 Residence Salam,Sale,11000.0,N,7,Y,Own
1977,A00002281,Amine Mansar,CC781677,49,Bachelor,39 Residence Hlioua,Fes,30000.0,Y,4,Y,Rent
1978,A00002418,Amine Fadili,AB748821,61,Bachelor,25 Avenue El Fadl,Sale,11000.0,Y,6,Y,Own
1979,A00005140,Ahmed Kibala,EE870734,46,High School,1 Residence Centrale,Marrakech,40000.0,N,7,Y,Mortgage
1980,A00007912,Meryem Eddoughmi,EE792842,45,Bachelor,49 Hay Zerktouni,Marrakech,40000.0,Y,3,Y,Rent
1981,A00002124,Hiba El Fassi,JE668175,29,High School,13 Rue Centrale,Tiznit,85000.0,Y,2,Y,Rent
1982,A00003386,Rania Jamal,X469244,62,High School,4 Rue Hassan II,Jaadar,,Y,7,Y,Mortgage
1983,A00009685,Kawtar Mansour,X893288,37,Bachelor,9 Hay Al Qods,Sebaa Aiyoun,,Y,2,Y,Own
1984,A00001233,Ahmed Metouali,KB164827,43,High School,3 Lotissement Zerktouni,Tanger,90053.0,Y,2,Y,Mortgage
1985,A00003570,Omar Tazi,EE446847,30,Masters,13 Lotissement Centrale,Marrakech,40000.0,Y,7,Y,Own
1986,A00001500,Aziza Tahiri,W477406,42,MD,28 Boulevard Centrale,Settat,26000.0,N,6,Y,Mortgage
1987,A00009476,Taha El Idrissi,AG382587,33,Masters,28 Residence Hlioua,Rabat,11025.0,Y,3,Y,Mortgage
1988,A00001926,Aya Skalli,X645977,28,Masters,43 Lotissement Centrale,Oued Amlil,,N,5,Y,Mortgage
1989,A00003548,Fatima Berrada,BJ706326,47,College,27 Lotissement Mohammed V,Casablanca,20220.0,Y,7,Y,Rent
1990,A00004745,Meryem Lahlou,X193508,29,College,35 Avenue Al Houda,Oulad Settout,,Y,6,Y,Mortgage
1991,A00007282,Hiba Alaoui,CC268129,39,Bachelor,11 Lotissement Mohammed V,Fes,30000.0,N,3,Y,Mortgage
1992,A00008839,Khadija Eddoughmi,N467818,27,Bachelor,27 Boulevard Salam,Essaouira,44000.0,N,4,Y,Own
1993,A00003032,Hassan El Fassi,LF953642,26,Bachelor,38 Boulevard Al Houda,Fnideq,93200.0,N,3,Y,Rent
1994,A00000020,Omar Lahlou,CC210315,57,High School,15 Residence Salam,Fes,30000.0,Y,2,N,Own
1995,A00006947,Rachida Ouazzani,BJ684560,57,Masters,5 Boulevard Al Qods,Casablanca,20220.0,N,5,Y,Mortgage
1996,A00004560,Hassan Amine,EE384664,49,Bachelor,11 Boulevard Al Qods,Marrakech,40000.0,N,7,Y,Own
1997,A00006760,Hassan Oufkir,X539416,27,Bachelor,7 Rue El Fadl,Imzouren,,Y,6,N,Own
1998,A00007015,Othmane Oufkir,X769104,32,Masters,17 Hay Hassan II,Figuig,,Y,6,Y,Mortgage
1999,A00003091,Hassan Bennani,X916534,46,High School,49 Residence Hassan II,El Marsa,,Y,3,Y,Rent
2000,A00005198,Fatima Ezzahra  Tahiri,X413901,42,Bachelor,14 Rue Zerktouni,Belyounech,,Y,3,Y,Mortgage
2001,A00003140,Khaoula Amine,N663342,26,Bachelor,45 Avenue Al Houda,Essaouira,44000.0,Y,5,Y,Own
2002,A00003312,Ahmed Berrada,X898720,55,Bachelor,12 Residence Mohammed V,Kasba Tadla,,Y,5,Y,Mortgage
2003,A00008698,Omar Tahiri,KB669139,44,,29 Rue Mohammed V,Tanger,90053.0,N,2,Y,Mortgage
2004,A00006167,Mohammed Amine Benchikh,JK230104,41,High School,32 Avenue Hlioua,Agadir,80000.0,Y,2,Y,Mortgage
2005,A00000747,Adam Eddoughmi,X707933,31,Masters,42 Residence Salam,Boujdour,,Y,5,N,Mortgage
2006,A00009535,Mohamed Lahlou,BJ280457,50,High School,37 Hay Hassan II,Casablanca,20220.0,N,7,Y,Rent
2007,A00000101,Mohamed Amine,X445493,29,Bachelor,41 Hay Bernoussi,Mechra Bel Ksiri,,Y,2,Y,Rent
2008,A00000517,Khaoula Benali,DN921769,56,Bachelor,34 Hay Salam,Meknes,50010.0,Y,5,Y,Mortgage
2009,A00001942,Aya Fadili,CC603977,42,,5 Boulevard Bernoussi,Fes,30000.0,Y,2,Y,Own
2010,A00009110,Mohamed Bate,CC197501,64,,13 Lotissement Zerktouni,Fes,30000.0,N,3,Y,Rent
2011,A00009862,Fatima Ezzahra  Farissi,DN229200,26,PhD,17 Boulevard El Fadl,Meknes,50010.0,N,6,Y,Own
2012,A00003174,Omar Lahlou,X118520,35,Masters,45 Lotissement Al Massira,Nouaceur,,Y,7,Y,Rent
2013,A00005818,Salma Benchikh,AB609929,58,Bachelor,16 Avenue Salam,Sale,11000.0,Y,6,Y,Mortgage
2014,A00002674,Ahmed Moufkir ,KB310243,58,Masters,48 Rue Al Qods,Tanger,90053.0,N,3,N,Rent
2015,A00009081,Aziza Tazi,X837255,46,College,14 Residence Mohammed V,Zag,,N,7,Y,Rent
2016,A00007151,Khaoula Tazi,X111478,61,Bachelor,21 Residence Al Massira,Agoudal,,Y,6,Y,Own
2017,A00009635,Adam Amrani,JK456012,58,Bachelor,26 Residence Hlioua,Agadir,80000.0,Y,3,N,Mortgage
2018,A00003018,Salma Bachri,L912378,52,Bachelor,42 Rue Hassan II,Tetouan,93000.0,N,3,Y,Mortgage
2019,A00007629,Kawtar Eddoughmi,CC981166,32,Bachelor,9 Residence Al Massira,Fes,30000.0,Y,2,Y,Rent
2020,A00005267,Jamila Salhi,ZG856338,33,Bachelor,47 Avenue Bernoussi,Guercif,37000.0,Y,3,Y,Mortgage
2021,A00004590,Hiba Farissi,N565464,46,Bachelor,40 Hay El Fadl,Essaouira,44000.0,Y,3,Y,Mortgage
2022,A00003016,Malak Mansour,CC795299,55,Bachelor,15 Lotissement Salam,Fes,30000.0,Y,4,Y,Rent
2023,A00009030,Meryem Moufkir ,X977288,51,Bachelor,33 Lotissement Mohammed V,Lqliiaa,,N,2,Y,Rent
2024,A00002465,Rachida Berrada,X483580,44,Masters,18 Avenue Al Houda,Ksar El Kebir,,Y,5,N,Mortgage
2025,A00000290,Youssef Mansar,X917429,50,MD,17 Lotissement Bernoussi,Boumalne Dades,,Y,3,Y,Own
2026,A00003779,Fatima Metouali,WA169909,48,High School,30 Avenue Bernoussi,Berrechid,26100.0,Y,4,Y,Own
2027,A00000184,Amine Bennani,JF321947,29,High School,8 Boulevard Al Qods,Tan Tan,82000.0,N,3,Y,Mortgage
2028,A00007939,Youssef Skalli,JK690756,25,Bachelor,26 Boulevard Bernoussi,Agadir,80000.0,Y,5,Y,Mortgage
2029,A00009447,Rachida Benali,X724973,49,Bachelor,39 Rue Al Massira,Bni Ansar,,Y,5,Y,Own
2030,A00000664,Fatima Alaoui,JA987822,32,Masters,15 Boulevard Hassan II,Guelmim,81000.0,N,7,Y,Rent
2031,A00004686,Noha El Yousfi,CB375216,38,College,46 Rue Zerktouni,Sefrou,31000.0,Y,4,Y,Mortgage
2032,A00004229,Kawtar Fakhir,X583766,28,Bachelor,31 Avenue Hlioua,Fquih Ben Salah,,Y,2,Y,Mortgage
2033,A00005594,Hamza Jamal,X960555,43,College,21 Avenue Bernoussi,Oulad Hassoune,,Y,5,Y,Own
2034,A00009052,Kawtar Benchikh,X637593,47,Bachelor,8 Boulevard Zerktouni,Oulmes,,N,7,Y,Rent
2035,A00008212,Hajar Amrani,X726871,27,Masters,32 Rue Al Qods,Khourubga,25000.0,Y,5,Y,Mortgage
2036,A00003890,Adam Kibala,X826692,51,High School,39 Rue Zerktouni,Imouzzer Kandar,,N,6,N,Own
2037,A00002886,Othmane Lahlou,X810634,45,Bachelor,14 Lotissement El Fadl,Tinjdad,,Y,2,Y,Own
2038,A00008440,Hajar Radi,X533338,34,Masters,21 Avenue Bernoussi,Oulad Hassoune,,Y,5,Y,Mortgage
2039,A00007136,Aya Mansar,EE718867,31,College,43 Hay Centrale,Marrakech,40000.0,Y,4,Y,Rent
2040,A00006524,Khadija Oufkir,CC732882,48,College,43 Hay Bernoussi,Fes,30000.0,N,6,Y,Rent
2041,A00001272,Noha Radi,X309930,58,High School,35 Boulevard Salam,Bni Walid,,Y,3,Y,Own
2042,A00004803,Othmane Moufkir ,JK285312,40,Bachelor,42 Boulevard Hassan II,Agadir,80000.0,N,3,Y,Mortgage
2043,A00001382,Zineb El Yousfi,JE729024,43,High School,37 Boulevard Mohammed V,Tiznit,85000.0,N,3,Y,Mortgage
2044,A00008096,Fatima Ezzahra  Mansour,AG460875,40,Bachelor,30 Rue Al Massira,Rabat,11025.0,Y,2,Y,Mortgage
2045,A00001439,Ahmed Farissi,DN843557,26,High School,39 Residence Al Massira,Meknes,50010.0,N,2,Y,Mortgage
2046,A00005110,Taha Mansar,EE554295,35,High School,8 Boulevard Zerktouni,Marrakech,40000.0,Y,6,Y,Mortgage
2047,A00003076,Meryem Fakhir,JA191112,29,High School,42 Lotissement Al Massira,Guelmim,81000.0,Y,4,Y,Mortgage
2048,A00002288,Hajar Kibala,L419259,48,Masters,8 Lotissement El Fadl,Tetouan,93000.0,N,5,Y,Own
2049,A00008154,Mohamed Mansour,X927648,58,Bachelor,43 Boulevard Zerktouni,Ain Taoujdate,,Y,6,Y,Own
2050,A00006041,Othmane Lahlou,X938611,54,High School,27 Hay Hassan II,Tissa,,Y,3,Y,Mortgage
2051,A00007535,Khadija Ouazzani,X194289,39,Bachelor,34 Rue El Fadl,Driouch,,Y,3,Y,Mortgage
2052,A00004840,Khaoula Jamal,EE631353,60,High School,27 Boulevard Al Massira,Marrakech,40000.0,N,3,Y,Rent
2053,A00004629,Yahya El Fassi,X435578,44,Bachelor,30 Hay Salam,Boudinar,,Y,6,Y,Rent
2054,A00004065,Adam Amrani,DN687539,30,College,43 Rue Centrale,Meknes,50010.0,Y,7,Y,Own
2055,A00007622,Hiba Salhi,JK188916,55,MD,23 Residence Hlioua,Agadir,80000.0,Y,4,Y,Own
2056,A00006470,Kaoutar Bachri,CC395698,60,High School,43 Residence Salam,Fes,30000.0,N,3,Y,Rent
2057,A00009592,Kawtar El Fassi,EE584239,59,Bachelor,12 Lotissement Al Qods,Marrakech,40000.0,N,2,Y,Own
2058,A00005258,Yahya Kibala,KB556572,40,High School,13 Boulevard Salam,Tanger,90053.0,Y,3,Y,Mortgage
2059,A00005324,Aya El Idrissi,JK688874,59,,39 Residence Mohammed V,Agadir,80000.0,Y,5,Y,Rent
2060,A00003585,Hamza Fakhir,EA552154,28,High School,21 Boulevard Centrale,Ben Guerir,43150.0,Y,2,Y,Rent
2061,A00002154,Fatima Ezzahra  Eddoughmi,AB340965,50,PhD,20 Boulevard Hassan II,Sale,11000.0,N,3,Y,Rent
2062,A00005562,Mohammed Amine Bachri,X475774,62,Masters,15 Lotissement Al Qods,Dar Gueddari,,Y,4,Y,Mortgage
2063,A00003439,Malak Farissi,G328566,38,Bachelor,23 Lotissement Zerktouni,Kenitra,14110.0,Y,7,Y,Mortgage
2064,A00006547,Khadija Eddoughmi,CB167139,42,Masters,39 Boulevard Al Houda,Sefrou,31000.0,N,4,Y,Rent
2065,A00003748,Jamila Farissi,F179706,62,High School,47 Avenue Salam,Oujda,60010.0,Y,5,Y,Rent
2066,A00006305,Rania Benali,KB364511,53,Bachelor,37 Rue Hlioua,Tanger,90053.0,Y,7,N,Rent
2067,A00002632,Taha Berrada,G460831,28,,12 Avenue Al Massira,Kenitra,14110.0,Y,3,N,Mortgage
2068,A00001730,Jamila Metouali,G594012,53,College,31 Rue Zerktouni,Kenitra,14110.0,N,5,Y,Rent
2069,A00000600,Hajar Amrani,N912520,52,Bachelor,24 Rue Salam,Essaouira,44000.0,Y,2,Y,Rent
2070,A00004651,Hassan Amrani,G301239,25,College,12 Lotissement El Fadl,Kenitra,14110.0,Y,3,Y,Rent
2071,A00007353,Youssef Fakhir,KB283421,63,Bachelor,35 Residence Salam,Tanger,90053.0,Y,2,Y,Mortgage
2072,A00004292,Khadija Bate,X698557,58,High School,11 Boulevard Mohammed V,Iferni,,N,5,N,Rent
2073,A00006043,Adam Benchikh,N526508,53,PhD,49 Hay Bernoussi,Essaouira,44000.0,Y,4,Y,Rent
2074,A00005987,Jamila Ouazzani,BJ340377,52,,18 Residence Zerktouni,Casablanca,20220.0,Y,5,N,Mortgage
2075,A00001027,Rachida Bennani,BJ509015,26,Bachelor,17 Hay El Fadl,Casablanca,20220.0,Y,7,Y,Own
2076,A00000613,Youssef Jamal,X566424,63,,43 Boulevard Centrale,Tahannaout,,Y,4,Y,Rent
2077,A00003319,Hassan Tahiri,JK559477,60,Bachelor,4 Rue Bernoussi,Agadir,80000.0,Y,2,Y,Own
2078,A00007702,Adam Lahlou,BJ224935,49,College,26 Hay Zerktouni,Casablanca,20220.0,N,4,Y,Own
2079,A00006533,Malak Berrada,BJ690010,48,Bachelor,22 Avenue Al Qods,Casablanca,20220.0,Y,4,Y,Rent
2080,A00000084,Omar Fakhir,L836994,64,Bachelor,30 Avenue El Fadl,Tetouan,93000.0,Y,2,N,Mortgage
2081,A00008621,Aya Eddoughmi,EE227392,25,Bachelor,4 Boulevard Al Houda,Marrakech,40000.0,N,7,Y,Rent
2082,A00005774,Mohamed Jamal,HH728783,34,College,42 Hay Hassan II,Safi,46000.0,Y,5,Y,Mortgage
2083,A00003071,Othmane Metouali,JK400186,57,MD,39 Residence Zerktouni,Agadir,80000.0,N,7,N,Own
2084,A00008497,Zineb Jamal,AB833524,48,High School,46 Avenue Al Massira,Sale,11000.0,Y,4,Y,Rent
2085,A00006806,Mohammed Amine Moufkir ,DN928237,26,High School,8 Avenue Hassan II,Meknes,50010.0,N,2,N,Rent
2086,A00006839,Kawtar El Idrissi,JK812196,41,,46 Residence Al Qods,Agadir,80000.0,Y,7,Y,Rent
2087,A00006338,Kaoutar Tahiri,BJ728880,46,,19 Boulevard Zerktouni,Casablanca,20220.0,Y,6,Y,Rent
2088,A00009689,Aya El Yousfi,AG235862,31,Bachelor,16 Rue Al Houda,Rabat,11025.0,Y,3,Y,Own
2089,A00002689,Noha Salhi,KB896851,45,High School,2 Hay Zerktouni,Tanger,90053.0,Y,3,Y,Mortgage
2090,A00008523,Kawtar Ouazzani,G611497,62,Bachelor,36 Lotissement El Fadl,Kenitra,14110.0,N,5,Y,Rent
2091,A00007901,Hassan Benali,DN197133,44,College,48 Hay Al Houda,Meknes,50010.0,N,2,Y,Mortgage
2092,A00001961,Jamila Bate,X786857,30,,14 Residence Mohammed V,Zag,,Y,4,Y,Own
2093,A00001385,Hamza Kibala,N713250,39,PhD,26 Boulevard Al Massira,Essaouira,44000.0,Y,5,Y,Rent
2094,A00005710,Kawtar Fakhir,AG759907,50,MD,34 Hay Al Houda,Rabat,11025.0,Y,6,Y,Rent
2095,A00007664,Hamza Skalli,KB565379,57,,11 Rue Hlioua,Tanger,90053.0,Y,7,Y,Mortgage
2096,A00004445,Kaoutar Bachri,CC240900,27,Bachelor,22 Lotissement Al Massira,Fes,30000.0,Y,6,Y,Rent
2097,A00008056,Malak Benali,X685705,55,Bachelor,19 Boulevard Centrale,Arekmane,,N,4,N,Mortgage
2098,A00002393,Othmane Benali,G637788,27,Bachelor,44 Lotissement El Fadl,Kenitra,14110.0,Y,7,Y,Own
2099,A00004170,Adam Tazi,FB704888,26,High School,35 Hay Zerktouni,Taourirt,65000.0,Y,6,Y,Mortgage
2100,A00004205,Kaoutar Tahiri,AG226528,53,Bachelor,25 Hay Hassan II,Rabat,11025.0,Y,7,Y,Mortgage
2101,A00006590,Kawtar Benchikh,EE663302,43,Bachelor,30 Rue Al Houda,Marrakech,40000.0,Y,5,Y,Mortgage
2102,A00007406,Fatima Berrada,EA572715,39,High School,45 Hay Hlioua,Ben Guerir,43150.0,Y,7,N,Own
2103,A00006157,Hamza Skalli,FA369621,60,MD,27 Rue Al Massira,Berkane,60300.0,Y,2,Y,Mortgage
2104,A00002817,Omar Bennani,DN178507,33,Bachelor,16 Rue El Fadl,Meknes,50010.0,Y,7,Y,Rent
2105,A00004094,Yahya Mansar,AB889810,64,Bachelor,6 Avenue Hlioua,Sale,11000.0,Y,3,Y,Rent
2106,A00004291,Othmane El Yousfi,EE779642,42,Bachelor,33 Boulevard Hlioua,Marrakech,40000.0,Y,3,Y,Mortgage
2107,A00006430,Youssef El Idrissi,F581230,37,High School,20 Residence Zerktouni,Oujda,60010.0,Y,3,N,Rent
2108,A00001478,Othmane Skalli,N288020,61,MD,26 Rue Centrale,Essaouira,44000.0,Y,4,Y,Rent
2109,A00001415,Youssef Banoune,AB442212,31,Bachelor,48 Boulevard Zerktouni,Sale,11000.0,N,3,N,Own
2110,A00006205,Rachida Kibala,AG809318,38,Bachelor,26 Avenue Al Massira,Rabat,11025.0,Y,7,Y,Own
2111,A00005771,Meryem Amrani,BJ414239,53,High School,1 Residence Al Massira,Casablanca,20220.0,Y,6,Y,Rent
2112,A00000870,Taha Mansour,JF445046,33,Bachelor,16 Lotissement Al Qods,Tan Tan,82000.0,Y,4,Y,Rent
2113,A00003114,Kaoutar Bachri,X208390,27,Bachelor,32 Residence Bernoussi,,,Y,4,Y,Own
2114,A00000893,Ahmed Bate,BJ921928,62,High School,22 Hay Al Massira,Casablanca,20220.0,Y,7,Y,Rent
2115,A00004950,Amine Eddoughmi,AG452311,25,Masters,26 Residence Al Qods,Rabat,11025.0,N,4,Y,Mortgage
2116,A00001958,Mohammed Amine Fadili,KB911752,50,Bachelor,42 Lotissement Zerktouni,Tanger,90053.0,Y,4,Y,Own
2117,A00001670,Hiba Alaoui,G561074,33,High School,13 Boulevard Al Massira,Kenitra,14110.0,N,7,Y,Own
2118,A00005111,Khaoula Jamal,X207712,33,PhD,19 Rue Bernoussi,Ras El Ma,,N,2,Y,Rent
2119,A00000798,Rachida Tahiri,AG730607,28,Bachelor,43 Rue Hassan II,Rabat,11025.0,Y,5,Y,Rent
2120,A00008279,Aziza Fadili,EA659398,64,Bachelor,18 Residence Al Houda,Ben Guerir,43150.0,Y,3,N,Rent
2121,A00004371,Amine Lahlou,CC567769,60,College,34 Residence Salam,Fes,30000.0,Y,3,Y,Rent
2122,A00006159,Hiba Amrani,G968653,61,Masters,4 Boulevard Al Massira,Kenitra,14110.0,Y,5,Y,Mortgage
2123,A00002496,Hassan Bachri,FA683625,31,Bachelor,37 Hay Bernoussi,Berkane,60300.0,N,2,N,Own
2124,A00002476,Malak Skalli,EE557822,33,Bachelor,22 Hay Mohammed V,Marrakech,40000.0,Y,6,N,Rent
2125,A00004922,Hamza Mansar,N320919,37,High School,49 Avenue Centrale,Essaouira,44000.0,Y,5,Y,Mortgage
2126,A00000485,Taha Mansar,X685604,55,Bachelor,33 Boulevard Bernoussi,Amizmiz,,N,2,Y,Mortgage
2127,A00006426,Khaoula El Idrissi,AB417452,50,Bachelor,6 Residence El Fadl,Sale,11000.0,Y,4,Y,Own
2128,A00008986,Mohammed Amine Moufkir ,DN235355,45,Bachelor,10 Avenue Hlioua,Meknes,50010.0,Y,5,Y,Mortgage
2129,A00007367,Aya Tahiri,KB153983,62,Bachelor,28 Avenue Al Massira,Tanger,90053.0,Y,3,Y,Mortgage
2130,A00008743,Yahya Lahlou,AB870017,33,High School,18 Boulevard Salam,Sale,11000.0,Y,7,Y,Rent
2131,A00009205,Amine Alaoui,JK698876,52,Bachelor,30 Rue Mohammed V,Agadir,80000.0,Y,5,Y,Mortgage
2132,A00002052,Kawtar Salhi,KB248718,28,Masters,48 Rue Al Qods,Tanger,90053.0,Y,3,Y,Own
2133,A00001852,Fatima Ezzahra  Fadili,EE471319,39,Masters,48 Avenue Mohammed V,Marrakech,40000.0,Y,5,Y,Rent
2134,A00000934,Fatima Ezzahra  Amrani,M954620,31,High School,49 Avenue Al Qods,El Jadida,24010.0,N,5,Y,Rent
2135,A00002417,Youssef Benali,X660005,26,Masters,2 Boulevard Al Massira,Stehat,,Y,2,Y,Mortgage
2136,A00001198,Fatima Eddoughmi,QA955083,30,Bachelor,22 Avenue Salam,Oued Zem,25200.0,Y,7,Y,Own
2137,A00006848,Aya Berrada,CC547005,56,Masters,17 Hay Hlioua,Fes,30000.0,Y,5,Y,Mortgage
2138,A00005129,Khaoula Amrani,X177610,33,High School,25 Rue Mohammed V,Loudaya,,Y,4,Y,Rent
2139,A00000914,Youssef Oufkir,JA898527,64,,19 Avenue Zerktouni,Guelmim,81000.0,Y,2,Y,Own
2140,A00008524,Omar Banoune,AG624198,48,Masters,26 Boulevard Al Houda,Rabat,11025.0,Y,2,Y,Mortgage
2141,A00003971,Fatima Ezzahra  Fakhir,JK838065,32,Bachelor,15 Lotissement Salam,Agadir,80000.0,Y,3,Y,Own
2142,A00000183,Kawtar El Fassi,BJ623856,29,Bachelor,9 Rue Centrale,Casablanca,20220.0,Y,7,Y,Own
2143,A00003507,Fatima Amrani,X248953,46,Bachelor,15 Avenue Hassan II,MideltDakhla,,Y,6,Y,Mortgage
2144,A00002624,Ahmed Oufkir,X214426,64,Masters,43 Rue Salam,Ksar Sghir,,Y,6,Y,Mortgage
2145,A00005863,Rachida Ouazzani,EE552320,48,Bachelor,4 Boulevard Al Houda,Marrakech,40000.0,Y,7,N,Own
2146,A00009582,Youssef Berrada,CC121355,35,High School,35 Residence Hassan II,Fes,30000.0,N,3,Y,Own
2147,A00000700,Mohammed Amine Salhi,G747371,47,,7 Avenue Zerktouni,Kenitra,14110.0,Y,2,Y,Mortgage
2148,A00008684,Fatima Ezzahra  Berrada,X681091,63,Bachelor,49 Residence Hlioua,El Ksiba,,Y,3,Y,Mortgage
2149,A00009286,Amine Fadili,X661292,30,College,40 Lotissement Centrale,Ayt Youssef Ou Ali,,N,7,Y,Rent
2150,A00003437,Zineb Kibala,X396885,29,Bachelor,42 Avenue Mohammed V,Beni Chiker,,N,7,Y,Rent
2151,A00003258,Khaoula Mansar,X893864,30,College,22 Lotissement Salam,Aouama,,Y,5,Y,Own
2152,A00006522,Hamza Dadi,X430075,52,High School,29 Residence Al Houda,Beni Ensar,,N,2,Y,Rent
2153,A00006218,Khadija Fadili,AB746404,49,High School,16 Residence Al Qods,Sale,11000.0,Y,7,Y,Own
2154,A00004738,Ahmed Lahlou,X636504,47,MD,2 Lotissement Bernoussi,Oued Amlil,,N,5,Y,Own
2155,A00004917,Yahya Mansar,R495043,62,Bachelor,27 Hay Al Houda,El Hoceima,32000.0,N,5,Y,Own
2156,A00000985,Fatima Tahiri,R693296,34,MD,36 Hay Centrale,El Hoceima,32000.0,N,3,Y,Rent
2157,A00003668,Fatima Ezzahra  El Idrissi,N611881,52,High School,9 Residence El Fadl,Essaouira,44000.0,N,4,Y,Mortgage
2158,A00005973,Kaoutar Metouali,LC882961,29,Bachelor,47 Hay Hassan II,Chefchaouen,91000.0,Y,5,Y,Rent
2159,A00009863,Rachida Oufkir,DN598379,52,Bachelor,25 Rue Zerktouni,Meknes,50010.0,N,2,Y,Rent
2160,A00002814,Fatima Bennani,DN806728,55,High School,35 Lotissement Bernoussi,Meknes,50010.0,Y,6,Y,Rent
2161,A00005459,Rania El Fassi,DN944422,29,Bachelor,35 Lotissement Mohammed V,Meknes,50010.0,Y,7,Y,Rent
2162,A00000225,Meryem Amine,X186114,33,College,49 Residence Bernoussi,,,N,3,Y,Rent
2163,A00000829,Othmane Kibala,G432622,59,Masters,23 Lotissement Al Qods,Kenitra,14110.0,Y,7,Y,Rent
2164,A00003911,Youssef Bachri,DN212519,54,Bachelor,30 Rue Al Qods,Meknes,50010.0,Y,7,Y,Rent
2165,A00007053,Khadija Lahlou,JK564321,58,Bachelor,19 Hay Bernoussi,Agadir,80000.0,N,5,Y,Rent
2166,A00005662,Omar Lahlou,AG238122,37,Masters,38 Hay Mohammed V,Rabat,11025.0,Y,5,Y,Mortgage
2167,A00005043,Kaoutar Amine,EE920874,59,Bachelor,22 Avenue Hlioua,Marrakech,40000.0,N,5,Y,Mortgage
2168,A00001427,Hassan Bachri,KB352055,51,Bachelor,8 Boulevard Hlioua,Tanger,90053.0,Y,4,Y,Mortgage
2169,A00004471,Zineb Farissi,AG404628,52,Bachelor,4 Boulevard Al Massira,Rabat,11025.0,Y,5,Y,Own
2170,A00007467,Mohammed Amine Barghoud,CC795662,30,High School,11 Lotissement Mohammed V,Fes,30000.0,Y,2,Y,Rent
2171,A00001991,Hajar Bate,CC811282,60,Bachelor,1 Boulevard Mohammed V,Fes,30000.0,Y,5,Y,Rent
2172,A00009834,Hassan Metouali,KB829107,47,Masters,17 Residence Mohammed V,Tanger,90053.0,Y,7,Y,Mortgage
2173,A00001267,Khadija Barghoud,JK699239,38,High School,38 Hay Al Houda,Agadir,80000.0,Y,6,Y,Mortgage
2174,A00009597,Kaoutar Metouali,X609130,46,Masters,36 Avenue Bernoussi,Tounfite,,Y,4,Y,Mortgage
2175,A00008776,Ahmed Jamal,KB869768,43,Bachelor,33 Avenue Al Massira,Tanger,90053.0,Y,3,N,Mortgage
2176,A00003150,Hamza Bennani,KB484131,30,Bachelor,2 Rue Mohammed V,Tanger,90053.0,N,3,N,Mortgage
2177,A00002278,Taha Berrada,KB930526,56,College,29 Boulevard Al Qods,Tanger,90053.0,Y,6,Y,Mortgage
2178,A00002158,Rania Barghoud,DN652829,60,MD,46 Residence Salam,Meknes,50010.0,Y,2,Y,Own
2179,A00000467,Hassan Oufkir,CC338948,64,MD,6 Residence Al Qods,Fes,30000.0,Y,6,Y,Own
2180,A00004434,Mohamed Salhi,X411865,60,High School,24 Lotissement Salam,Karia Ba Mohamed,,Y,7,Y,Rent
2181,A00000825,Omar Fadili,X158346,36,Bachelor,23 Lotissement Mohammed V,Taounate,,Y,7,Y,Mortgage
2182,A00000513,Amine Tahiri,DN718906,48,MD,36 Rue Mohammed V,Meknes,50010.0,Y,2,Y,Mortgage
2183,A00009020,Omar Metouali,X320697,31,Masters,21 Avenue Centrale,Bni Gorfet,,N,7,Y,Rent
2184,A00009122,Mohammed Amine Metouali,G304808,45,Masters,2 Avenue Hassan II,Kenitra,14110.0,Y,6,Y,Mortgage
2185,A00006678,Othmane Alaoui,KB383519,32,High School,18 Residence Zerktouni,Tanger,90053.0,Y,2,Y,Rent
2186,A00004630,Malak Lahlou,AG256937,55,Masters,11 Avenue Al Houda,Rabat,11025.0,Y,3,Y,Rent
2187,A00007997,Aziza Lahlou,G530723,62,Bachelor,14 Lotissement Centrale,Kenitra,14110.0,N,2,Y,Own
2188,A00004157,Amine Mansar,JK740339,39,PhD,7 Avenue Al Houda,Agadir,80000.0,Y,6,Y,Mortgage
2189,A00002429,Ahmed Bachri,X230197,30,Bachelor,5 Hay Bernoussi,Bou Ahmed,,Y,5,Y,Mortgage
2190,A00008949,Yahya Bachri,N598469,55,Bachelor,28 Avenue Mohammed V,Essaouira,44000.0,N,3,Y,Rent
2191,A00008483,Kaoutar Salhi,L871175,45,,47 Hay Al Massira,Tetouan,93000.0,Y,6,Y,Mortgage
2192,A00006996,Hamza Mansour,JF721930,52,Bachelor,8 Boulevard Al Qods,Tan Tan,82000.0,Y,4,Y,Mortgage
2193,A00008119,Khaoula Banoune,X647020,55,,47 Rue Mohammed V,Imouzzer,,Y,2,Y,Rent
2194,A00003908,Meryem Salhi,WA668426,46,PhD,42 Residence Bernoussi,Berrechid,26100.0,N,7,Y,Mortgage
2195,A00009282,Fatima Ezzahra  Bachri,N743597,36,Bachelor,40 Lotissement Centrale,Essaouira,44000.0,N,6,Y,Mortgage
2196,A00003754,Hassan Radi,CC274019,55,Masters,15 Lotissement Salam,Fes,30000.0,Y,5,Y,Rent
2197,A00004800,Omar Tazi,X111845,64,Bachelor,33 Avenue Mohammed V,Kalaat M'Gouna,,Y,3,Y,Mortgage
2198,A00005341,Aziza Ouazzani,DN609306,50,Bachelor,7 Residence Hlioua,Meknes,50010.0,Y,4,Y,Mortgage
2199,A00003241,Khadija Jamal,X994200,64,College,21 Residence El Fadl,Boughriba,,Y,2,Y,Mortgage
2200,A00007692,Meryem El Yousfi,AB142113,42,College,32 Lotissement Hlioua,Sale,11000.0,N,6,Y,Mortgage
2201,A00005148,Othmane Amrani,X456210,56,High School,2 Boulevard Al Massira,Nouaceur,,Y,2,Y,Own
2202,A00009884,Kaoutar Oufkir,X227197,37,High School,35 Rue Al Massira,Imsouane,,Y,7,Y,Rent
2203,A00007198,Adam Benali,X338412,35,Masters,43 Avenue Hassan II,Monte Rio,,Y,4,N,Rent
2204,A00005556,Meryem Tahiri,BJ279163,33,High School,6 Boulevard Bernoussi,Casablanca,20220.0,Y,6,Y,Rent
2205,A00003462,Omar Fakhir,X753043,44,MD,18 Hay Mohammed V,Figuig,,N,3,Y,Own
2206,A00001997,Zineb Benchikh,X411520,62,High School,49 Boulevard Al Houda,Ben Mansour,,Y,7,Y,Rent
2207,A00001085,Adam Benchikh,X893213,41,Bachelor,31 Boulevard El Fadl,Tamanar,,Y,7,Y,Rent
2208,A00006131,Fatima Ezzahra  Skalli,X364500,37,,31 Boulevard El Fadl,Tamanar,,Y,2,Y,Rent
2209,A00003689,Noha Bachri,KB243562,64,MD,39 Hay Mohammed V,Tanger,90053.0,Y,5,Y,Own
2210,A00006658,Yahya Amine,AB506420,38,Bachelor,9 Avenue Centrale,Sale,11000.0,Y,5,Y,Mortgage
2211,A00003704,Noha El Fassi,X672327,49,Bachelor,18 Residence Mohammed V,Bir Jdid,,Y,4,Y,Mortgage
2212,A00005189,Hamza Kibala,G449805,30,High School,33 Hay Bernoussi,Kenitra,14110.0,Y,4,Y,Own
2213,A00007525,Othmane Amine,CC303333,29,Bachelor,9 Lotissement Al Massira,Fes,30000.0,Y,6,Y,Mortgage
2214,A00000932,Salma Dadi,OD214855,28,Bachelor,30 Rue Zerktouni,Dakhla,73000.0,Y,7,Y,Rent
2215,A00007821,Hassan El Fassi,HH996868,32,College,17 Boulevard Zerktouni,Safi,46000.0,Y,4,Y,Own
2216,A00001998,Noha Fadili,JA384816,29,,15 Hay Al Houda,Guelmim,81000.0,Y,5,Y,Own
2217,A00003670,Meryem Amrani,X662597,59,Bachelor,2 Boulevard Al Qods,,,Y,5,Y,Mortgage
2218,A00007695,Salma Benchikh,F558027,34,Masters,7 Residence El Fadl,Oujda,60010.0,Y,4,N,Rent
2219,A00004464,Hamza Eddoughmi,X704179,52,College,33 Boulevard Bernoussi,Amizmiz,,Y,5,Y,Rent
2220,A00006589,Khaoula Kibala,CC849077,59,Bachelor,33 Boulevard Hlioua,Fes,30000.0,Y,4,Y,Own
2221,A00009242,Othmane Amine,X948853,36,Masters,5 Residence Bernoussi,M'diq,,Y,7,Y,Rent
2222,A00000864,Fatima Ezzahra  Moufkir ,W283103,36,High School,21 Boulevard Al Houda,Settat,26000.0,Y,3,Y,Rent
2223,A00009115,Khaoula Alaoui,G557394,46,High School,12 Hay El Fadl,Kenitra,14110.0,N,3,Y,Mortgage
2224,A00007741,Khadija Mansour,CB702272,54,Bachelor,26 Avenue Al Qods,Sefrou,31000.0,Y,7,Y,Own
2225,A00001690,Hassan Metouali,T640261,63,Bachelor,45 Boulevard Al Massira,Mohammedia,28810.0,Y,2,Y,Mortgage
2226,A00000559,Kaoutar Amrani,BJ432970,55,MD,49 Hay El Fadl,Casablanca,20220.0,Y,7,Y,Own
2227,A00004628,Noha Barghoud,L863777,39,College,36 Residence Al Houda,Tetouan,93000.0,N,6,Y,Mortgage
2228,A00001351,Khaoula Oufkir,X956239,41,MD,49 Residence El Fadl,Khemisset,,Y,7,Y,Rent
2229,A00005017,Youssef Tazi,BJ419440,35,Masters,30 Lotissement Centrale,Casablanca,20220.0,Y,4,Y,Own
2230,A00004103,Adam Moufkir ,F413590,34,High School,13 Rue Al Houda,Oujda,60010.0,N,4,Y,Own
2231,A00007210,Hamza Tahiri,BJ531426,61,College,9 Avenue Al Houda,Casablanca,20220.0,Y,7,Y,Mortgage
2232,A00000507,Othmane Fakhir,CC307549,63,Bachelor,34 Residence Salam,Fes,30000.0,Y,3,Y,Rent
2233,A00008569,Noha Banoune,F894580,47,College,14 Boulevard Bernoussi,Oujda,60010.0,N,4,Y,Rent
2234,A00000795,Amine Oufkir,SH536197,56,Bachelor,36 Hay Al Massira,Laayoune,70000.0,Y,6,Y,Own
2235,A00000335,Meryem Fadili,KB219794,41,High School,39 Hay Hassan II,Tanger,90053.0,Y,4,Y,Own
2236,A00004581,Salma Skalli,AB888724,38,College,9 Rue Mohammed V,Sale,11000.0,N,7,Y,Rent
2237,A00002655,Aya Bate,AG771002,61,College,31 Lotissement Mohammed V,Rabat,11025.0,Y,3,Y,Own
2238,A00003458,Hassan Skalli,EE395194,40,Masters,23 Residence Salam,Marrakech,40000.0,Y,7,Y,Rent
2239,A00005352,Meryem Benali,KB603792,30,College,33 Rue Centrale,Tanger,90053.0,Y,4,Y,Mortgage
2240,A00008469,Yahya El Idrissi,G151539,64,College,4 Boulevard Al Massira,Kenitra,14110.0,Y,4,Y,Rent
2241,A00009853,Youssef Benchikh,M427456,25,Bachelor,29 Residence Centrale,El Jadida,24010.0,Y,4,Y,Mortgage
2242,A00008186,Amine Oufkir,KB593962,35,College,45 Boulevard Zerktouni,Tanger,90053.0,Y,7,Y,Mortgage
2243,A00004161,Kawtar Eddoughmi,AG522765,45,High School,32 Residence Zerktouni,Rabat,11025.0,N,3,Y,Mortgage
2244,A00007608,Ahmed Metouali,DN861403,33,MD,44 Rue Al Houda,Meknes,50010.0,N,2,Y,Own
2245,A00009093,Mohamed Barghoud,AG591193,37,Masters,33 Hay Bernoussi,Rabat,11025.0,Y,7,Y,Rent
2246,A00009245,Othmane Mansar,CC766931,29,Bachelor,27 Rue Centrale,Fes,30000.0,Y,7,Y,Rent
2247,A00008333,Youssef Benali,X136178,41,Bachelor,40 Lotissement Centrale,Ayt Youssef Ou Ali,,N,3,Y,Mortgage
2248,A00004027,Yahya Banoune,BJ236686,46,Bachelor,9 Avenue Al Houda,Casablanca,20220.0,N,3,Y,Own
2249,A00001847,Yahya Radi,EE617492,60,Masters,3 Avenue Hlioua,Marrakech,40000.0,Y,2,Y,Mortgage
2250,A00008530,Omar Tazi,DN300504,63,Bachelor,44 Boulevard Mohammed V,Meknes,50010.0,Y,6,Y,Own
2251,A00006225,Yahya Moufkir ,L814530,52,Bachelor,48 Lotissement Zerktouni,Tetouan,93000.0,Y,6,Y,Rent
2252,A00001661,Malak Farissi,AG297616,47,Bachelor,6 Rue Hassan II,Rabat,11025.0,Y,6,Y,Rent
2253,A00001563,Hassan Banoune,X797098,42,High School,8 Hay Al Houda,Ouezzane,,Y,4,Y,Rent
2254,A00001383,Youssef Tazi,R491484,59,MD,27 Boulevard Zerktouni,El Hoceima,32000.0,Y,2,Y,Own
2255,A00005340,Malak Bachri,X505885,35,Bachelor,42 Residence Al Massira,Chichaoua,,N,7,N,Rent
2256,A00002884,Omar Tahiri,X522404,47,Masters,24 Hay Al Houda,My Yacoub,,Y,7,Y,Own
2257,A00007668,Omar Dadi,G239974,28,High School,7 Avenue Zerktouni,Kenitra,14110.0,Y,3,Y,Rent
2258,A00008456,Othmane Dadi,JK545129,47,High School,26 Residence Hlioua,Agadir,80000.0,Y,3,N,Rent
2259,A00009882,Yahya Kibala,W595817,28,Bachelor,4 Residence Mohammed V,Settat,26000.0,Y,2,Y,Mortgage
2260,A00009423,Rachida Ouazzani,F238819,34,Bachelor,24 Boulevard Al Houda,Oujda,60010.0,Y,6,Y,Own
2261,A00000420,Amine Amrani,F193625,57,Bachelor,14 Boulevard Bernoussi,Oujda,60010.0,N,2,Y,Rent
2262,A00006000,Rania Mansour,N501233,50,PhD,43 Hay Al Qods,Essaouira,44000.0,Y,3,Y,Mortgage
2263,A00005951,Youssef Farissi,X799529,59,Bachelor,48 Lotissement El Fadl,Bahouda,,Y,7,Y,Own
2264,A00009598,Rania Fakhir,X462486,45,Masters,42 Rue Bernoussi,Mjara,,Y,6,Y,Rent
2265,A00005990,Ahmed Metouali,G412670,42,High School,18 Hay Zerktouni,Kenitra,14110.0,N,6,Y,Mortgage
2266,A00008082,Othmane Banoune,BJ875307,56,Bachelor,34 Avenue Al Massira,Casablanca,20220.0,Y,2,Y,Own
2267,A00009514,Mohamed Farissi,G161203,40,High School,21 Avenue Bernoussi,Kenitra,14110.0,Y,7,Y,Mortgage
2268,A00005254,Hamza Kibala,GK967337,50,Bachelor,46 Hay Centrale,Sidi Kacem,16000.0,Y,5,Y,Rent
2269,A00000305,Adam El Yousfi,X355591,53,Bachelor,28 Residence El Fadl,Figuig,,N,3,Y,Mortgage
2270,A00006964,Adam Salhi,KB188183,44,MD,35 Lotissement Al Qods,Tanger,90053.0,Y,6,Y,Mortgage
2271,A00001052,Hassan Mansar,CC319083,28,Bachelor,43 Residence Hassan II,Fes,30000.0,Y,7,Y,Own
2272,A00006094,Hassan Bachri,N189052,49,Bachelor,25 Residence Al Massira,Essaouira,44000.0,Y,5,N,Own
2273,A00009063,Youssef Oufkir,HH119927,54,Bachelor,47 Lotissement Hlioua,Safi,46000.0,N,4,N,Own
2274,A00009932,Ahmed Skalli,CC102506,62,Bachelor,11 Residence Hassan II,Fes,30000.0,Y,6,Y,Mortgage
2275,A00009763,Fatima Bate,AB645021,62,MD,8 Hay Bernoussi,Sale,11000.0,N,4,Y,Rent
2276,A00001776,Ahmed Benchikh,L140336,35,College,15 Boulevard Al Massira,Tetouan,93000.0,N,3,Y,Mortgage
2277,A00006994,Yahya Barghoud,DN677249,38,High School,36 Residence Al Qods,Meknes,50010.0,Y,5,Y,Mortgage
2278,A00006393,Khaoula Barghoud,L417981,45,Bachelor,47 Rue Mohammed V,Tetouan,93000.0,Y,4,Y,Rent
2279,A00000275,Youssef Eddoughmi,M394471,28,,16 Hay Mohammed V,El Jadida,24010.0,N,2,Y,Own
2280,A00007487,Malak Banoune,HH238944,31,High School,20 Boulevard Zerktouni,Safi,46000.0,N,2,Y,Mortgage
2281,A00008978,Khaoula El Idrissi,X416143,27,Bachelor,48 Hay Hlioua,Ait Melloul,,Y,2,Y,Own
2282,A00000365,Amine Amrani,F694436,37,High School,36 Avenue Zerktouni,Oujda,60010.0,N,3,N,Mortgage
2283,A00000262,Yahya Skalli,KB948297,48,Bachelor,30 Rue Centrale,Tanger,90053.0,N,2,N,Own
2284,A00003214,Omar Farissi,DB738485,32,High School,11 Boulevard Al Houda,Ifrane,53000.0,Y,6,Y,Mortgage
2285,A00005811,Meryem Salhi,M671566,56,Bachelor,35 Avenue Hlioua,El Jadida,24010.0,Y,2,Y,Mortgage
2286,A00007722,Kawtar Bate,BJ166040,57,High School,44 Lotissement Bernoussi,Casablanca,20220.0,Y,6,Y,Rent
2287,A00002432,Othmane Berrada,BJ761495,30,Bachelor,8 Boulevard El Fadl,Casablanca,20220.0,Y,4,Y,Own
2288,A00002433,Jamila Benchikh,DN284359,37,Bachelor,29 Rue Al Houda,Meknes,50010.0,N,3,Y,Mortgage
2289,A00007700,Yahya Amrani,X978927,56,,20 Avenue Centrale,Chichaoua,,Y,5,Y,Rent
2290,A00005062,Hajar Jamal,DN385598,57,College,6 Boulevard Salam,Meknes,50010.0,Y,5,Y,Own
2291,A00003713,Malak Banoune,F563905,28,Bachelor,5 Lotissement El Fadl,Oujda,60010.0,Y,6,Y,Own
2292,A00005290,Fatima Benchikh,N142318,64,Masters,28 Avenue Mohammed V,Essaouira,44000.0,Y,3,Y,Rent
2293,A00007509,Salma Amine,EA393949,52,PhD,43 Hay Al Houda,Ben Guerir,43150.0,Y,3,Y,Rent
2294,A00007680,Youssef Tahiri,EE575029,57,College,46 Hay Centrale,Marrakech,40000.0,Y,7,Y,Rent
2295,A00000773,Mohammed Amine Barghoud,BJ286270,54,Bachelor,13 Rue Al Qods,Casablanca,20220.0,Y,3,Y,Mortgage
2296,A00007405,Hiba Tahiri,Y376901,46,,6 Hay Al Houda,El Kelaa des Sraghna,43000.0,Y,7,Y,Mortgage
2297,A00007016,Adam Eddoughmi,AG232875,49,Bachelor,6 Residence Al Qods,Rabat,11025.0,N,4,N,Mortgage
2298,A00006521,Rania Mansour,SA478070,44,MD,46 Rue Hlioua,Nador,62000.0,N,2,Y,Rent
2299,A00001150,Rania Bachri,G294413,45,College,43 Lotissement El Fadl,Kenitra,14110.0,Y,5,Y,Mortgage
2300,A00009441,Yahya Berrada,X585501,44,Bachelor,37 Residence Al Massira,Imouzzer,,Y,6,Y,Mortgage
2301,A00008728,Ahmed Benchikh,X132343,58,Bachelor,42 Avenue Bernoussi,Imilchil,,N,7,Y,Own
2302,A00004398,Meryem Benchikh,KB241130,29,Bachelor,16 Rue Hlioua,Tanger,90053.0,N,2,Y,Rent
2303,A00003353,Aziza Amrani,X264023,49,High School,31 Lotissement Zerktouni,Bab Berred,,N,3,Y,Rent
2304,A00007559,Jamila Bate,L676293,49,Bachelor,42 Hay Mohammed V,Tetouan,93000.0,N,5,Y,Own
2305,A00005026,Khaoula Radi,JK231450,62,High School,25 Lotissement Mohammed V,Agadir,80000.0,N,6,Y,Mortgage
2306,A00007073,Rania Jamal,CC332112,30,High School,40 Avenue Bernoussi,Fes,30000.0,Y,3,Y,Own
2307,A00000925,Khaoula Berrada,EA112819,40,Masters,1 Avenue Al Houda,Ben Guerir,43150.0,Y,5,Y,Mortgage
2308,A00001826,Ahmed Mansar,BJ401184,60,High School,19 Boulevard El Fadl,Casablanca,20220.0,Y,7,Y,Own
2309,A00000813,Khadija Salhi,N553907,41,Bachelor,17 Rue Salam,Essaouira,44000.0,Y,4,Y,Rent
2310,A00009085,Ahmed Tahiri,M689986,28,Bachelor,18 Boulevard Zerktouni,El Jadida,24010.0,Y,4,N,Own
2311,A00007170,Meryem Lahlou,DN321942,47,Bachelor,35 Lotissement Bernoussi,Meknes,50010.0,N,5,N,Rent
2312,A00001462,Mohamed Amrani,X611725,26,Bachelor,27 Rue Zerktouni,El Ksiba,,N,6,Y,Rent
2313,A00002964,Khaoula Ouazzani,AG623600,33,Masters,24 Hay Bernoussi,Rabat,11025.0,Y,7,Y,Own
2314,A00008947,Omar Benali,AB788391,57,,32 Hay Hlioua,Sale,11000.0,Y,4,Y,Mortgage
2315,A00005191,Amine El Yousfi,W954125,47,Bachelor,27 Residence Al Qods,Settat,26000.0,Y,7,Y,Mortgage
2316,A00007378,Salma Kibala,F328581,25,Bachelor,8 Residence Hassan II,Oujda,60010.0,Y,6,Y,Mortgage
2317,A00003184,Youssef Mansar,G413565,62,High School,7 Avenue Zerktouni,Kenitra,14110.0,Y,6,Y,Mortgage
2318,A00000285,Aya Mansour,G713517,42,MD,35 Lotissement Al Qods,Kenitra,14110.0,Y,3,Y,Rent
2319,A00008939,Aya El Fassi,P962765,58,,30 Avenue Bernoussi,Ouarzazate,45000.0,N,2,Y,Mortgage
2320,A00006954,Zineb El Fassi,BJ330454,29,High School,3 Boulevard Salam,Casablanca,20220.0,Y,6,Y,Rent
2321,A00008515,Jamila Bennani,X546035,33,MD,5 Residence El Fadl,,,Y,2,Y,Own
2322,A00006286,Hassan Moufkir ,X844410,39,Masters,33 Lotissement El Fadl,Boujniba,,Y,4,Y,Mortgage
2323,A00008805,Fatima Ezzahra  Skalli,KB430134,55,Bachelor,26 Avenue Hassan II,Tanger,90053.0,Y,4,Y,Own
2324,A00004893,Aziza Tahiri,KB945192,34,College,38 Rue El Fadl,Tanger,90053.0,Y,2,Y,Mortgage
2325,A00008905,Zineb Banoune,KB639845,62,High School,47 Boulevard Bernoussi,Tanger,90053.0,Y,6,Y,Mortgage
2326,A00004142,Kaoutar Radi,KB224296,61,High School,35 Residence Salam,Tanger,90053.0,Y,6,Y,Own
2327,A00004844,Meryem El Fassi,LA175607,39,College,44 Residence Hassan II,Larache,92000.0,Y,2,Y,Mortgage
2328,A00005425,Zineb Amrani,X372019,39,Masters,7 Boulevard Hassan II,Tata,,Y,4,Y,Rent
2329,A00006107,Yahya Tahiri,X665804,34,High School,2 Boulevard Al Massira,Stehat,,N,4,Y,Mortgage
2330,A00009959,Youssef Salhi,X158557,35,College,36 Rue Bernoussi,Amezmiz,,Y,4,Y,Mortgage
2331,A00008976,Salma Salhi,EA154413,30,College,18 Residence Al Houda,Ben Guerir,43150.0,Y,4,Y,Mortgage
2332,A00004685,Fatima Mansour,BJ174030,60,Bachelor,4 Hay El Fadl,Casablanca,20220.0,Y,7,Y,Mortgage
2333,A00004024,Mohammed Amine Fadili,FA799322,63,College,34 Rue Al Qods,Berkane,60300.0,Y,4,Y,Rent
2334,A00005023,Omar Radi,CC214093,30,Masters,22 Lotissement Al Massira,Fes,30000.0,Y,6,Y,Own
2335,A00004632,Othmane El Fassi,AB321244,48,High School,10 Rue Al Massira,Sale,11000.0,Y,3,Y,Mortgage
2336,A00005901,Khaoula El Yousfi,JK671827,33,Masters,8 Avenue Bernoussi,Agadir,80000.0,Y,6,Y,Mortgage
2337,A00007858,Mohamed Lahlou,X765226,61,Bachelor,28 Residence Hassan II,Zaouiat Cheikh,,Y,7,Y,Rent
2338,A00009508,Khadija Tahiri,JC283078,43,MD,26 Boulevard Centrale,Taaroudant,83000.0,N,2,Y,Rent
2339,A00002462,Rachida Eddoughmi,X929435,41,High School,8 Lotissement Mohammed V,Boujniba,,Y,3,Y,Rent
2340,A00007506,Jamila Moufkir ,G558694,45,High School,47 Lotissement Bernoussi,Kenitra,14110.0,Y,6,Y,Mortgage
2341,A00002199,Kaoutar Jamal,SA267257,25,College,29 Avenue Al Massira,Nador,62000.0,N,4,Y,Mortgage
2342,A00007788,Hamza Mansar,L399036,39,College,14 Hay Hlioua,Tetouan,93000.0,N,2,Y,Own
2343,A00006594,Malak Bachri,CC329920,30,College,8 Boulevard Al Massira,Fes,30000.0,Y,4,Y,Mortgage
2344,A00002977,Meryem Lahlou,G736148,34,Bachelor,43 Avenue Zerktouni,Kenitra,14110.0,N,7,Y,Own
2345,A00005651,Youssef Benali,JK877358,32,High School,29 Residence Salam,Agadir,80000.0,Y,7,Y,Mortgage
2346,A00004807,Kawtar Tahiri,R165364,48,Bachelor,11 Boulevard Al Houda,El Hoceima,32000.0,Y,7,Y,Rent
2347,A00002525,Youssef Fadili,EE490730,37,PhD,38 Avenue Al Houda,Marrakech,40000.0,Y,6,N,Rent
2348,A00007456,Omar Amrani,N484429,32,Bachelor,30 Lotissement Al Houda,Essaouira,44000.0,Y,5,Y,Rent
2349,A00002870,Rania Dadi,AG988007,44,College,13 Residence Salam,Rabat,11025.0,Y,5,Y,Mortgage
2350,A00009414,Youssef Tazi,AB791688,60,Bachelor,25 Hay Centrale,Sale,11000.0,N,4,Y,Own
2351,A00001002,Hassan Fakhir,L823847,36,MD,1 Lotissement Al Houda,Tetouan,93000.0,N,4,Y,Rent
2352,A00008172,Rania El Fassi,DN472138,58,Bachelor,17 Avenue Al Qods,Meknes,50010.0,Y,7,Y,Mortgage
2353,A00002686,Mohammed Amine Mansour,N758482,35,Bachelor,32 Residence Mohammed V,Essaouira,44000.0,N,2,N,Rent
2354,A00009460,Zineb Dadi,G713517,41,High School,26 Rue Zerktouni,Kenitra,14110.0,Y,3,Y,Mortgage
2355,A00000449,Mohammed Amine Radi,HH159203,25,Bachelor,49 Lotissement Salam,Safi,46000.0,Y,5,Y,Rent
2356,A00005486,Fatima Ezzahra  El Fassi,X470753,32,,29 Residence Mohammed V,MideltDakhla,,Y,7,Y,Rent
2357,A00000454,Salma Radi,X385753,63,Bachelor,42 Residence Salam,Boujdour,,Y,3,N,Own
2358,A00005977,Hajar Tahiri,Y114638,59,Bachelor,47 Lotissement Hassan II,El Kelaa des Sraghna,43000.0,N,2,Y,Mortgage
2359,A00007229,Amine Tahiri,BJ465386,49,College,48 Avenue Al Qods,Casablanca,20220.0,Y,2,Y,Mortgage
2360,A00004509,Youssef Metouali,X545127,55,College,42 Avenue Bernoussi,Imilchil,,Y,5,Y,Rent
2361,A00002401,Hamza El Yousfi,AG709598,64,Masters,1 Boulevard Mohammed V,Rabat,11025.0,Y,6,Y,Mortgage
2362,A00000053,Hassan Mansour,AB649785,26,College,35 Residence El Fadl,Sale,11000.0,N,2,Y,Own
2363,A00000708,Hiba Fakhir,QA137707,59,MD,15 Hay Hlioua,Oued Zem,25200.0,N,3,Y,Own
2364,A00002583,Omar Moufkir ,X778731,43,,11 Avenue Hassan II,Tamassint,,N,2,Y,Rent
2365,A00003857,Omar Alaoui,BJ342935,42,High School,7 Avenue Bernoussi,Casablanca,20220.0,Y,6,Y,Own
2366,A00007329,Youssef Bennani,DN934352,59,Bachelor,34 Hay Salam,Meknes,50010.0,Y,2,Y,Mortgage
2367,A00002951,Taha Berrada,L665988,25,Masters,16 Residence Bernoussi,Tetouan,93000.0,Y,5,Y,Rent
2368,A00002673,Hiba Benali,JK964295,43,High School,45 Boulevard Al Qods,Agadir,80000.0,Y,3,Y,Rent
2369,A00002054,Omar Dadi,EE247245,63,Bachelor,48 Avenue Mohammed V,Marrakech,40000.0,Y,6,Y,Mortgage
2370,A00002940,Hamza Bachri,BJ632398,39,Bachelor,22 Avenue Mohammed V,Casablanca,20220.0,N,3,Y,Own
2371,A00002849,Rania El Fassi,L540348,28,,29 Rue Bernoussi,Tetouan,93000.0,Y,7,Y,Own
2372,A00001345,Amine Bachri,AG945834,46,Bachelor,20 Rue Centrale,Rabat,11025.0,Y,7,Y,Rent
2373,A00001615,Mohamed Bachri,N295223,57,Bachelor,15 Hay Al Houda,Essaouira,44000.0,Y,7,Y,Own
2374,A00008513,Ahmed Jamal,CC760425,58,High School,43 Hay Bernoussi,Fes,30000.0,N,4,Y,Own
2375,A00009257,Taha Oufkir,BJ727843,41,High School,28 Avenue El Fadl,Casablanca,20220.0,Y,3,Y,Rent
2376,A00000873,Aya Dadi,JK420039,26,High School,28 Lotissement Hlioua,Agadir,80000.0,Y,2,Y,Own
2377,A00000287,Othmane El Fassi,M572742,27,Bachelor,2 Rue Zerktouni,El Jadida,24010.0,Y,2,N,Own
2378,A00006706,Fatima Ezzahra  Oufkir,CC532119,50,PhD,1 Lotissement Zerktouni,Fes,30000.0,Y,4,Y,Mortgage
2379,A00008065,Rania Jamal,EE290778,26,Bachelor,28 Hay Hassan II,Marrakech,40000.0,N,2,Y,Own
2380,A00008235,Khadija Tazi,EE952443,31,Bachelor,5 Avenue Mohammed V,Marrakech,40000.0,Y,6,Y,Mortgage
2381,A00006777,Fatima El Idrissi,AB926215,31,Masters,9 Residence Mohammed V,Sale,11000.0,Y,6,Y,Mortgage
2382,A00005897,Adam Tahiri,X712029,59,High School,24 Lotissement El Fadl,Bni Hadifa,,N,4,Y,Own
2383,A00003299,Mohammed Amine Salhi,JK992089,29,High School,42 Lotissement Al Massira,Agadir,80000.0,Y,5,Y,Rent
2384,A00006224,Hajar Salhi,X956534,52,Bachelor,42 Residence Salam,Boujdour,,N,4,N,Own
2385,A00008649,Yahya Lahlou,P436853,39,Masters,37 Lotissement Bernoussi,Ouarzazate,45000.0,Y,7,Y,Own
2386,A00008285,Rania Skalli,N108758,54,Masters,49 Hay Bernoussi,Essaouira,44000.0,N,4,Y,Rent
2387,A00007416,Kaoutar Tazi,L389229,50,High School,14 Lotissement Mohammed V,Tetouan,93000.0,Y,2,Y,Rent
2388,A00006127,Rachida Radi,JA581964,40,College,38 Lotissement Bernoussi,Guelmim,81000.0,Y,5,Y,Own
2389,A00007360,Mohammed Amine Mansour,CC192984,32,Bachelor,13 Rue Al Houda,Fes,30000.0,Y,5,N,Rent
2390,A00006879,Jamila Tazi,JK725771,51,Bachelor,28 Lotissement Salam,Agadir,80000.0,Y,4,Y,Own
2391,A00003644,Mohammed Amine Dadi,AG947924,62,Bachelor,38 Avenue Centrale,Rabat,11025.0,Y,5,Y,Own
2392,A00005872,Zineb Salhi,X613212,44,Bachelor,31 Lotissement Zerktouni,Mhaya,,Y,5,Y,Mortgage
2393,A00004605,Rachida Mansar,JK582869,29,College,48 Boulevard Salam,Agadir,80000.0,N,3,Y,Rent
2394,A00009209,Khadija Mansar,KB864476,32,MD,43 Avenue El Fadl,Tanger,90053.0,Y,4,Y,Mortgage
2395,A00006674,Kawtar Salhi,CC336167,61,,39 Residence El Fadl,Fes,30000.0,Y,4,Y,Mortgage
2396,A00006252,Malak Tahiri,DN456665,31,Bachelor,21 Rue Salam,Meknes,50010.0,Y,6,Y,Own
2397,A00000005,Youssef Berrada,X980273,48,Bachelor,6 Avenue Mohammed V,Khenifra,,Y,7,Y,Mortgage
2398,A00000457,Aziza Radi,EE457568,51,High School,6 Residence Salam,Marrakech,40000.0,Y,6,Y,Rent
2399,A00005219,Youssef Jamal,AB668145,38,Bachelor,2 Residence Al Massira,Sale,11000.0,Y,7,Y,Mortgage
2400,A00009102,Youssef El Idrissi,X387655,44,Bachelor,25 Avenue Hlioua,Ben Taieb,,Y,5,Y,Rent
2401,A00005587,Ahmed Jamal,X743693,36,Masters,2 Rue Al Houda,Jebha,,Y,5,Y,Own
2402,A00003992,Kawtar Fakhir,FA706241,45,High School,30 Rue Salam,Berkane,60300.0,Y,5,Y,Own
2403,A00002573,Omar Fakhir,X181364,42,High School,2 Rue Al Houda,MideltDakhla,,N,7,Y,Rent
2404,A00002051,Ahmed Tazi,L757334,47,High School,10 Hay Al Qods,Tetouan,93000.0,Y,4,Y,Mortgage
2405,A00000945,Othmane Tahiri,DN347951,52,Masters,2 Boulevard Zerktouni,Meknes,50010.0,Y,5,Y,Rent
2406,A00004493,Mohammed Amine Berrada,X792704,50,Bachelor,8 Lotissement Salam,El Ksiba,,Y,3,Y,Own
2407,A00009719,Khaoula El Idrissi,KB261457,61,High School,44 Boulevard Al Massira,Tanger,90053.0,Y,7,Y,Mortgage
2408,A00008780,Fatima Fadili,AB328843,30,,36 Lotissement Bernoussi,Sale,11000.0,Y,5,Y,Rent
2409,A00003442,Mohammed Amine El Yousfi,P387222,57,College,39 Avenue El Fadl,Ouarzazate,45000.0,N,2,Y,Mortgage
2410,A00009943,Rania Mansar,X118911,44,Bachelor,31 Boulevard Hassan II,Sidi Abdallah,,N,2,Y,Rent
2411,A00007534,Salma Tahiri,SH528897,27,High School,49 Boulevard Hlioua,Laayoune,70000.0,Y,5,Y,Own
2412,A00004203,Noha Benchikh,EE613781,56,High School,48 Avenue Mohammed V,Marrakech,40000.0,Y,7,Y,Own
2413,A00009661,Taha Metouali,EE587430,60,College,22 Hay Mohammed V,Marrakech,40000.0,N,5,N,Mortgage
2414,A00006351,Taha Oufkir,KB258178,61,Bachelor,13 Boulevard Salam,Tanger,90053.0,Y,5,Y,Rent
2415,A00007771,Mohammed Amine Tazi,AB624244,47,High School,20 Lotissement Al Qods,Sale,11000.0,Y,5,Y,Own
2416,A00009601,Youssef Fadili,F156550,49,Bachelor,12 Boulevard Mohammed V,Oujda,60010.0,Y,2,Y,Rent
2417,A00006841,Fatima Benchikh,DN605957,38,Bachelor,29 Hay Zerktouni,Meknes,50010.0,Y,3,Y,Rent
2418,A00004992,Khadija Oufkir,JK686605,61,Masters,37 Hay Hassan II,Agadir,80000.0,N,3,Y,Mortgage
2419,A00008275,Mohammed Amine Banoune,X383167,38,High School,29 Residence Al Houda,Beni Ensar,,Y,3,Y,Rent
2420,A00004235,Jamila Benchikh,X554582,46,,38 Boulevard Mohammed V,Youssoufia,,Y,5,Y,Mortgage
2421,A00009217,Meryem Salhi,X914214,54,Bachelor,39 Residence Al Massira,Aoufous,,Y,4,N,Mortgage
2422,A00006548,Malak Alaoui,CB854990,63,PhD,36 Hay Centrale,Sefrou,31000.0,Y,4,Y,Own
2423,A00003837,Hiba Eddoughmi,FB337746,53,Bachelor,5 Avenue El Fadl,Taourirt,65000.0,Y,6,Y,Rent
2424,A00001084,Hajar Bachri,X724089,51,College,34 Avenue Zerktouni,Boujniba,,Y,5,Y,Rent
2425,A00001834,Khaoula Mansar,X667282,50,High School,47 Boulevard Al Qods,Selouane,,Y,3,Y,Rent
2426,A00003318,Omar Amine,KB476586,27,Bachelor,47 Avenue Salam,Tanger,90053.0,Y,4,Y,Rent
2427,A00001447,Salma Metouali,BJ885656,29,Bachelor,19 Boulevard Zerktouni,Casablanca,20220.0,N,2,Y,Mortgage
2428,A00007600,Noha Amine,X398473,46,Bachelor,29 Lotissement Mohammed V,Anergui,,Y,3,Y,Mortgage
2429,A00002455,Salma Metouali,AB874339,28,Masters,27 Boulevard Centrale,Sale,11000.0,Y,3,N,Mortgage
2430,A00007227,Aya Bennani,F988113,63,College,13 Hay El Fadl,Oujda,60010.0,N,7,Y,Rent
2431,A00008852,Zineb Metouali,DN237793,56,Bachelor,6 Boulevard Salam,Meknes,50010.0,Y,5,N,Own
2432,A00000111,Hiba Fadili,L661319,30,College,33 Avenue El Fadl,Tetouan,93000.0,Y,5,Y,Mortgage
2433,A00002252,Malak Salhi,AG404158,60,College,24 Lotissement El Fadl,Rabat,11025.0,N,7,Y,Mortgage
2434,A00007917,Zineb Alaoui,P470024,56,Masters,27 Avenue Hassan II,Ouarzazate,45000.0,Y,6,Y,Rent
2435,A00001992,Khadija Radi,KB688136,41,Bachelor,32 Lotissement Hassan II,Tanger,90053.0,Y,5,N,Own
2436,A00004467,Hajar Jamal,X484515,46,High School,36 Avenue Zerktouni,Jerada,,Y,3,Y,Rent
2437,A00001984,Kawtar Dadi,X897705,62,Bachelor,42 Hay Salam,Dar Ould Zidouh,,N,5,Y,Mortgage
2438,A00005014,Aya Metouali,X755630,28,Bachelor,15 Hay Hlioua,Belyounech,,N,6,Y,Own
2439,A00001883,Youssef Berrada,X328452,34,Masters,26 Rue Al Qods,Ras El Ma,,Y,3,Y,Own
2440,A00004761,Aziza Dadi,EE329534,45,Bachelor,48 Rue Bernoussi,Marrakech,40000.0,Y,6,Y,Mortgage
2441,A00006541,Yahya Bate,X906889,32,High School,43 Boulevard Zerktouni,Ain Taoujdate,,Y,2,Y,Rent
2442,A00001098,Aya Tazi,AB729578,36,MD,6 Avenue Hlioua,Sale,11000.0,Y,3,Y,Rent
2443,A00001732,Ahmed Tahiri,KB132917,37,Masters,31 Lotissement Al Qods,Tanger,90053.0,Y,2,Y,Rent
2444,A00002572,Ahmed Barghoud,X563014,43,High School,1 Residence Bernoussi,Icht,,Y,5,Y,Own
2445,A00005467,Taha Mansar,BJ788134,30,Bachelor,6 Avenue Salam,Casablanca,20220.0,Y,4,Y,Mortgage
2446,A00004207,Aziza Amrani,ZG425956,55,Bachelor,49 Avenue Al Houda,Guercif,37000.0,Y,2,N,Mortgage
2447,A00007492,Amine Tazi,G307800,61,Masters,49 Avenue Al Qods,Kenitra,14110.0,N,4,Y,Rent
2448,A00009194,Khadija Skalli,X109103,35,High School,1 Residence Zerktouni,Oulad Boumia,,Y,6,Y,Mortgage
2449,A00000879,Jamila Metouali,X360296,51,High School,35 Boulevard Salam,Bni Walid,,Y,4,Y,Own
2450,A00004302,Rachida El Idrissi,L213632,45,MD,24 Avenue Mohammed V,Tetouan,93000.0,Y,7,Y,Mortgage
2451,A00001405,Omar Barghoud,X522419,29,PhD,5 Boulevard Al Houda,Demnate,,N,7,N,Mortgage
2452,A00007803,Hiba Dadi,W248753,52,Bachelor,7 Boulevard El Fadl,Settat,26000.0,N,7,Y,Own
2453,A00003665,Hajar Metouali,X843422,63,High School,18 Residence Hassan II,Mograne,,Y,4,Y,Mortgage
2454,A00003431,Khaoula Mansour,X803810,27,Bachelor,25 Hay Al Massira,Assa,,N,2,N,Rent
2455,A00007466,Taha Alaoui,EE386626,45,Bachelor,30 Hay El Fadl,Marrakech,40000.0,Y,4,N,Mortgage
2456,A00009988,Yahya Fadili,JK128941,50,College,15 Lotissement Salam,Agadir,80000.0,Y,7,Y,Mortgage
2457,A00009531,Ahmed Mansar,X991076,60,High School,42 Lotissement Mohammed V,Driouch,,Y,4,Y,Mortgage
2458,A00007359,Youssef Tahiri,X258502,25,Bachelor,30 Residence Hassan II,Teroual,,N,7,Y,Mortgage
2459,A00005866,Yahya Amine,AB197832,62,Bachelor,20 Boulevard Hassan II,Sale,11000.0,N,4,Y,Mortgage
2460,A00005886,Malak Ouazzani,N345055,57,High School,38 Avenue Hlioua,Essaouira,44000.0,N,4,Y,Own
2461,A00002316,Zineb Tahiri,JK892309,49,Bachelor,19 Hay Bernoussi,Agadir,80000.0,N,2,Y,Mortgage
2462,A00000260,Rachida Benali,BJ616197,56,PhD,6 Lotissement Al Houda,Casablanca,20220.0,Y,7,Y,Mortgage
2463,A00004254,Fatima Berrada,CC365106,31,PhD,6 Lotissement Zerktouni,Fes,30000.0,Y,2,Y,Mortgage
2464,A00007565,Omar Amine,M980874,31,MD,49 Avenue Al Qods,El Jadida,24010.0,Y,3,Y,Mortgage
2465,A00004132,Mohammed Amine Metouali,N376194,56,Bachelor,25 Rue Hassan II,Essaouira,44000.0,Y,3,N,Mortgage
2466,A00007993,Omar Ouazzani,SA306652,26,College,8 Boulevard Al Massira,Nador,62000.0,N,2,Y,Mortgage
2467,A00000679,Omar Moufkir ,KB116058,38,Bachelor,45 Boulevard Mohammed V,Tanger,90053.0,N,6,Y,Mortgage
2468,A00008877,Malak Radi,G615506,57,,35 Residence Salam,Kenitra,14110.0,Y,7,Y,Own
2469,A00000478,Mohamed Radi,BJ356459,42,College,12 Lotissement Zerktouni,Casablanca,20220.0,Y,6,N,Mortgage
2470,A00005301,Mohammed Amine El Yousfi,JK838121,47,College,41 Boulevard Al Qods,Agadir,80000.0,Y,5,Y,Rent
2471,A00000890,Rania Farissi,X499979,51,Bachelor,5 Rue Bernoussi,Asilah,,Y,2,Y,Rent
2472,A00003313,Khaoula Amrani,AB937713,62,MD,19 Lotissement Salam,Sale,11000.0,Y,2,Y,Rent
2473,A00006980,Adam Skalli,EE875236,31,High School,45 Lotissement Salam,Marrakech,40000.0,Y,5,Y,Rent
2474,A00004594,Taha Metouali,X187728,32,Masters,30 Lotissement Zerktouni,Chbanat,,Y,5,Y,Mortgage
2475,A00009688,Fatima Ezzahra  El Yousfi,JK266154,56,Bachelor,7 Avenue Al Houda,Agadir,80000.0,Y,6,Y,Mortgage
2476,A00002664,Jamila Jamal,AG987372,48,High School,38 Avenue Mohammed V,Rabat,11025.0,Y,4,Y,Rent
2477,A00003596,Rachida Alaoui,EE380097,49,,19 Boulevard Salam,Marrakech,40000.0,Y,6,Y,Rent
2478,A00004900,Jamila El Yousfi,R820004,60,College,22 Boulevard Al Houda,El Hoceima,32000.0,N,4,Y,Rent
2479,A00009483,Adam Radi,AG292095,43,High School,33 Hay El Fadl,Rabat,11025.0,Y,5,Y,Mortgage
2480,A00008393,Hassan Dadi,X387578,55,Bachelor,37 Residence Al Houda,Targuist,,Y,7,Y,Rent
2481,A00004449,Adam Salhi,AG512340,63,MD,24 Rue Hassan II,Rabat,11025.0,N,6,Y,Rent
2482,A00000227,Khaoula Bennani,AG506988,31,Bachelor,37 Avenue Hlioua,Rabat,11025.0,Y,3,Y,Rent
2483,A00002976,Rania Alaoui,X262876,64,College,43 Rue Salam,Ksar Sghir,,Y,3,Y,Own
2484,A00005327,Rachida Ouazzani,EE236514,38,Masters,29 Avenue Bernoussi,Marrakech,40000.0,Y,7,Y,Own
2485,A00007230,Hiba Oufkir,G360534,40,Bachelor,33 Residence El Fadl,Kenitra,14110.0,Y,2,Y,Mortgage
2486,A00003637,Malak Bachri,X790433,59,High School,9 Rue Centrale,Imilchil,,N,2,Y,Own
2487,A00009328,Malak Alaoui,DN645177,49,,44 Hay Hassan II,Meknes,50010.0,Y,6,Y,Rent
2488,A00003219,Youssef Salhi,G347335,40,Bachelor,45 Boulevard Bernoussi,Kenitra,14110.0,Y,6,Y,Own
2489,A00002456,Youssef Salhi,X813287,38,Bachelor,14 Lotissement Hlioua,Ras El Ma,,Y,2,Y,Mortgage
2490,A00009564,Khaoula Salhi,L569853,32,Bachelor,24 Hay Hlioua,Tetouan,93000.0,Y,3,Y,Rent
2491,A00002753,Amine Jamal,DN716826,44,Bachelor,1 Boulevard Al Massira,Meknes,50010.0,N,5,Y,Mortgage
2492,A00009394,Khaoula Salhi,JK489242,58,PhD,47 Lotissement Al Qods,Agadir,80000.0,N,5,Y,Own
2493,A00004554,Aziza Oufkir,X967773,44,Bachelor,8 Rue Hassan II,Mehdia,,Y,5,Y,Own
2494,A00005566,Mohammed Amine Tazi,X859406,38,MD,5 Residence Hassan II,Ouezzane,,Y,6,N,Mortgage
2495,A00004420,Kaoutar Benali,AB264607,44,Masters,36 Boulevard Hlioua,Sale,11000.0,N,6,Y,Rent
2496,A00002831,Khadija Fadili,AB780818,33,College,25 Avenue El Fadl,Sale,11000.0,Y,3,Y,Mortgage
2497,A00001122,Omar Bennani,JK734780,57,High School,46 Residence Al Qods,Agadir,80000.0,Y,2,Y,Mortgage
2498,A00005399,Meryem Dadi,DN438258,56,PhD,11 Rue Hassan II,Meknes,50010.0,Y,7,Y,Mortgage
2499,A00000709,Meryem Tazi,N523471,43,Masters,19 Residence Al Qods,Essaouira,44000.0,N,7,Y,Rent
2500,A00009609,Taha Bennani,F524498,30,Bachelor,45 Residence Salam,Oujda,60010.0,Y,6,Y,Rent
2501,A00004561,Kawtar Amrani,CC459918,51,MD,39 Avenue El Fadl,Fes,30000.0,Y,3,Y,Rent
2502,A00005496,Youssef Barghoud,L201683,27,High School,7 Hay Al Massira,Tetouan,93000.0,Y,7,N,Rent
2503,A00006875,Othmane Skalli,X175676,35,College,10 Hay Al Houda,Aousserd,,N,4,N,Mortgage
2504,A00001743,Meryem Benchikh,CC769178,29,Masters,16 Lotissement Hassan II,Fes,30000.0,Y,4,Y,Rent
2505,A00004042,Noha Benali,N116582,60,,25 Hay Al Massira,Essaouira,44000.0,Y,4,Y,Rent
2506,A00009422,Taha Kibala,L113987,45,PhD,46 Residence Al Massira,Tetouan,93000.0,N,2,Y,Mortgage
2507,A00001632,Malak Benali,X104164,60,High School,37 Residence Hassan II,Imouzzer Kandar,,N,2,Y,Mortgage
2508,A00003937,Kaoutar Benchikh,L845475,47,Masters,1 Rue Al Massira,Tetouan,93000.0,Y,2,Y,Rent
2509,A00000007,Rania Skalli,X645175,47,Masters,6 Lotissement Hassan II,Ksar El Kebir,,Y,3,Y,Mortgage
2510,A00008367,Kaoutar Mansour,X441070,58,Masters,35 Lotissement Al Massira,Ain Chkef,,N,6,Y,Own
2511,A00004098,Aziza Fadili,DN798742,43,Bachelor,14 Boulevard Mohammed V,Meknes,50010.0,N,4,Y,Rent
2512,A00008572,Hajar El Fassi,W930556,45,Bachelor,27 Residence Al Qods,Settat,26000.0,Y,2,Y,Mortgage
2513,A00008676,Fatima Ezzahra  Eddoughmi,X754276,64,Bachelor,18 Boulevard Al Qods,Ait Ourir,,N,7,Y,Own
2514,A00003363,Fatima Ezzahra  Dadi,AB654430,45,,6 Residence Al Massira,Sale,11000.0,Y,2,Y,Mortgage
2515,A00006740,Hassan Farissi,G454807,56,High School,37 Hay Salam,Kenitra,14110.0,Y,2,N,Mortgage
2516,A00002100,Kaoutar Barghoud,BJ152030,32,MD,22 Hay Mohammed V,Casablanca,20220.0,N,6,N,Rent
2517,A00009799,Yahya Ouazzani,BJ733752,62,College,30 Rue Al Massira,Casablanca,20220.0,N,7,Y,Own
2518,A00000392,Adam Radi,HH631562,41,College,15 Avenue Bernoussi,Safi,46000.0,N,4,Y,Mortgage
2519,A00003180,Omar Amine,X924989,62,College,20 Avenue Zerktouni,Matarka,,Y,6,Y,Own
2520,A00001218,Kaoutar Mansar,EE681166,46,,1 Hay Mohammed V,Marrakech,40000.0,Y,4,Y,Own
2521,A00000534,Omar El Fassi,JK375779,35,High School,23 Avenue Hlioua,Agadir,80000.0,Y,6,Y,Mortgage
2522,A00002996,Yahya Mansar,F378101,34,Masters,28 Rue El Fadl,Oujda,60010.0,Y,3,Y,Own
2523,A00000710,Salma Amine,F979119,42,Bachelor,18 Avenue El Fadl,Oujda,60010.0,Y,3,Y,Mortgage
2524,A00009434,Hassan Farissi,DN242588,61,Masters,12 Lotissement Al Qods,Meknes,50010.0,Y,6,Y,Mortgage
2525,A00007590,Omar Skalli,AB969212,33,Bachelor,9 Rue Mohammed V,Sale,11000.0,Y,5,Y,Own
2526,A00008378,Salma Fakhir,AB651660,29,Masters,43 Hay El Fadl,Sale,11000.0,Y,2,Y,Own
2527,A00003840,Fatima Ezzahra  Farissi,X177188,59,PhD,19 Lotissement Hlioua,Khourubga,25000.0,Y,2,Y,Rent
2528,A00007555,Rachida Skalli,JA652058,56,High School,19 Avenue Zerktouni,Guelmim,81000.0,Y,5,N,Mortgage
2529,A00004604,Youssef Kibala,BJ622614,37,PhD,29 Residence Zerktouni,Casablanca,20220.0,N,2,Y,Mortgage
2530,A00009294,Meryem El Fassi,X202899,26,High School,2 Boulevard Al Massira,Stehat,,Y,6,Y,Rent
2531,A00004708,Yahya Dadi,CB672751,61,College,4 Hay Al Massira,Sefrou,31000.0,N,4,Y,Rent
2532,A00000717,Youssef Bennani,JK434103,56,College,21 Hay Centrale,Agadir,80000.0,Y,7,Y,Own
2533,A00002257,Hiba Banoune,BJ268581,55,Bachelor,10 Lotissement Salam,Casablanca,20220.0,Y,2,Y,Rent
2534,A00001586,Othmane Oufkir,CC128350,49,PhD,27 Rue Hassan II,Fes,30000.0,Y,7,Y,Rent
2535,A00007669,Rachida Farissi,BJ317193,46,Bachelor,8 Residence Bernoussi,Casablanca,20220.0,Y,2,Y,Mortgage
2536,A00002547,Rachida Bennani,JK378588,49,Bachelor,44 Rue Al Qods,Agadir,80000.0,N,2,N,Mortgage
2537,A00005824,Kawtar Farissi,EE965298,44,High School,32 Rue Centrale,Marrakech,40000.0,N,6,Y,Mortgage
2538,A00003745,Mohammed Amine Tazi,KB125678,30,Masters,17 Residence Mohammed V,Tanger,90053.0,N,4,Y,Rent
2539,A00000681,Malak Oufkir,G883478,55,High School,15 Residence Centrale,Kenitra,14110.0,N,5,Y,Rent
2540,A00000803,Omar Ouazzani,KB744578,27,High School,7 Boulevard Al Massira,Tanger,90053.0,N,2,Y,Mortgage
2541,A00006220,Mohamed Ouazzani,BJ380236,37,High School,34 Residence Zerktouni,Casablanca,20220.0,N,4,Y,Rent
2542,A00003233,Taha Dadi,AB367374,61,Bachelor,20 Boulevard Hassan II,Sale,11000.0,Y,7,Y,Rent
2543,A00004542,Fatima Bennani,N160663,47,Bachelor,44 Rue Mohammed V,Essaouira,44000.0,Y,5,Y,Rent
2544,A00004749,Fatima Mansar,X260308,33,Masters,11 Lotissement Mohammed V,Iksane,,N,5,Y,Rent
2545,A00009267,Adam Benchikh,KB216579,45,High School,48 Rue Al Qods,Tanger,90053.0,Y,7,Y,Mortgage
2546,A00007471,Omar Benali,X880775,39,PhD,1 Rue Bernoussi,Bni Makada,,N,3,Y,Own
2547,A00006016,Kaoutar Salhi,X207109,42,Masters,27 Lotissement Centrale,Driouch,,Y,3,Y,Rent
2548,A00000620,Omar Eddoughmi,CC115690,57,High School,40 Residence Bernoussi,Fes,30000.0,Y,7,N,Mortgage
2549,A00000511,Omar Dadi,F577250,59,High School,19 Lotissement Salam,Oujda,60010.0,Y,4,Y,Rent
2550,A00009523,Malak Ouazzani,T425207,39,High School,14 Rue Mohammed V,Mohammedia,28810.0,Y,6,Y,Own
2551,A00006452,Fatima Mansar,KB330548,49,Bachelor,16 Lotissement Bernoussi,Tanger,90053.0,N,6,Y,Rent
2552,A00004455,Rachida Moufkir ,BJ963384,58,Masters,21 Residence Al Massira,Casablanca,20220.0,Y,4,Y,Own
2553,A00000536,Rachida Bate,EE283713,33,Bachelor,13 Boulevard El Fadl,Marrakech,40000.0,Y,2,Y,Rent
2554,A00006196,Rania Fadili,EE764900,30,High School,14 Rue Al Qods,Marrakech,40000.0,Y,3,Y,Rent
2555,A00004914,Fatima Benchikh,JK885722,33,Bachelor,8 Avenue Salam,Agadir,80000.0,N,4,Y,Rent
2556,A00009372,Malak Benchikh,X308761,37,High School,26 Rue El Fadl,Touama,,Y,7,Y,Mortgage
2557,A00004209,Hassan Salhi,DN877377,49,Masters,28 Boulevard Al Houda,Meknes,50010.0,Y,7,Y,Mortgage
2558,A00004315,Salma Benchikh,X292967,44,Masters,19 Boulevard Centrale,Arekmane,,Y,5,Y,Own
2559,A00003998,Hajar Amrani,L540035,61,Bachelor,19 Rue Hassan II,Tetouan,93000.0,Y,3,N,Rent
2560,A00005532,Omar Bate,CC488007,58,Bachelor,17 Hay Hlioua,Fes,30000.0,Y,2,Y,Own
2561,A00000356,Rania Skalli,X847950,37,High School,13 Hay El Fadl,Hattane,,Y,7,N,Mortgage
2562,A00005273,Aya Mansour,EE829118,64,High School,2 Boulevard Bernoussi,Marrakech,40000.0,Y,5,Y,Rent
2563,A00008567,Rachida El Fassi,AB807213,40,High School,25 Hay Salam,Sale,11000.0,Y,7,Y,Rent
2564,A00003143,Kaoutar Radi,X333184,62,Masters,18 Boulevard Hlioua,Gueznaia,,Y,2,Y,Rent
2565,A00004792,Hajar Moufkir ,JK899007,57,High School,5 Avenue Al Houda,Agadir,80000.0,N,5,Y,Rent
2566,A00001724,Rania Tahiri,AB253150,57,Bachelor,13 Avenue Hlioua,Sale,11000.0,Y,6,Y,Own
2567,A00002040,Omar Banoune,CB570670,27,PhD,29 Hay Hassan II,Sefrou,31000.0,Y,3,Y,Mortgage
2568,A00006306,Jamila Dadi,X333559,40,Bachelor,43 Residence Salam,Aknoul,,N,7,Y,Own
2569,A00001042,Khadija Metouali,N296467,58,Masters,2 Lotissement Al Houda,Essaouira,44000.0,N,5,Y,Mortgage
2570,A00002047,Rachida Amine,AB733127,47,Bachelor,45 Lotissement Centrale,Sale,11000.0,Y,7,Y,Mortgage
2571,A00007112,Omar Bennani,X683243,52,Bachelor,16 Hay Hlioua,Tichla,,N,4,Y,Own
2572,A00001809,Rachida Berrada,X833006,63,Bachelor,38 Hay El Fadl,Arbaoua,,Y,3,Y,Own
2573,A00008740,Youssef Lahlou,X784757,35,Bachelor,43 Lotissement Al Qods,Lamsabih,,Y,4,Y,Rent
2574,A00001389,Mohamed Bate,EE649403,40,High School,12 Lotissement Al Qods,Marrakech,40000.0,Y,5,Y,Rent
2575,A00008303,Noha El Yousfi,EE730397,29,Masters,22 Hay Mohammed V,Marrakech,40000.0,Y,3,Y,Own
2576,A00006909,Othmane Moufkir ,X712051,50,College,10 Boulevard Zerktouni,Boufakrane,,N,7,Y,Rent
2577,A00006620,Hamza Moufkir ,X709817,50,PhD,33 Lotissement Hlioua,Zirara,,Y,7,Y,Mortgage
2578,A00000180,Aziza Tazi,N370561,49,Masters,5 Rue Zerktouni,Essaouira,44000.0,Y,6,Y,Rent
2579,A00006608,Yahya Bate,AB158421,44,Bachelor,25 Residence El Fadl,Sale,11000.0,Y,6,Y,Mortgage
2580,A00007447,Meryem Moufkir ,G770540,57,Masters,30 Lotissement Al Massira,Kenitra,14110.0,N,4,Y,Own
2581,A00001473,Kaoutar Fakhir,SA973954,33,Bachelor,30 Residence Mohammed V,Nador,62000.0,Y,2,Y,Mortgage
2582,A00006020,Khaoula Salhi,XA711921,52,College,16 Lotissement Al Massira,Tiflet,15400.0,Y,2,Y,Rent
2583,A00002486,Hamza Eddoughmi,G563038,43,High School,31 Lotissement Hlioua,Kenitra,14110.0,Y,2,Y,Rent
2584,A00005437,Hassan Jamal,X830594,59,Masters,9 Rue Centrale,Imilchil,,N,7,Y,Own
2585,A00007340,Fatima Bachri,X550674,33,,43 Residence Salam,Aknoul,,Y,4,Y,Mortgage
2586,A00009417,Kaoutar Kibala,G334557,43,Bachelor,33 Lotissement Salam,Kenitra,14110.0,Y,6,Y,Rent
2587,A00007013,Yahya Bennani,F532865,35,High School,32 Hay Zerktouni,Oujda,60010.0,Y,6,Y,Mortgage
2588,A00002506,Malak Kibala,X719765,44,High School,18 Avenue Al Houda,Ksar El Kebir,,Y,7,Y,Own
2589,A00005917,Rania El Fassi,AB592785,34,Bachelor,42 Avenue Hassan II,Sale,11000.0,Y,5,Y,Rent
2590,A00009997,Youssef Barghoud,X681978,51,Bachelor,45 Lotissement Hlioua,Bouizakarne,,Y,7,Y,Mortgage
2591,A00006944,Jamila Alaoui,KB413613,52,High School,47 Boulevard Bernoussi,Tanger,90053.0,Y,7,Y,Rent
2592,A00009818,Kawtar Tazi,X226382,28,Bachelor,15 Residence Centrale,Ouezzane,,Y,4,Y,Rent
2593,A00001643,Rania Kibala,KB633816,54,Bachelor,31 Rue Bernoussi,Tanger,90053.0,Y,2,Y,Rent
2594,A00002758,Hiba Jamal,X603769,43,Bachelor,32 Lotissement Mohammed V,Imi n'Tanoute,,Y,7,Y,Rent
2595,A00001041,Youssef Bachri,JK584460,46,High School,2 Avenue Hassan II,Agadir,80000.0,Y,3,Y,Mortgage
2596,A00001936,Hassan El Idrissi,DN941331,37,Bachelor,12 Rue Salam,Meknes,50010.0,Y,6,Y,Mortgage
2597,A00001665,Aya Ouazzani,JK175213,36,Masters,13 Rue Al Massira,Agadir,80000.0,Y,2,Y,Mortgage
2598,A00003814,Malak Farissi,AB463086,53,College,47 Rue Zerktouni,Sale,11000.0,Y,2,Y,Rent
2599,A00007130,Hiba Fakhir,X141353,30,High School,45 Rue Al Massira,Mhaya,,Y,6,Y,Mortgage
2600,A00001840,Amine Radi,JK137662,28,High School,40 Residence Mohammed V,Agadir,80000.0,Y,5,Y,Mortgage
2601,A00001715,Yahya Jamal,X286528,52,PhD,17 Lotissement Al Qods,Sidi Slimane,,N,2,Y,Own
2602,A00009956,Taha Benchikh,BJ452159,52,,8 Hay Salam,Casablanca,20220.0,Y,6,Y,Mortgage
2603,A00004640,Mohammed Amine Tazi,DN795948,49,Bachelor,35 Lotissement Centrale,Meknes,50010.0,Y,6,Y,Own
2604,A00008210,Hassan Alaoui,X407749,64,Bachelor,5 Residence Hassan II,Ouezzane,,N,3,Y,Mortgage
2605,A00005002,Kawtar Skalli,X680911,43,Bachelor,49 Residence El Fadl,Khemisset,,Y,7,Y,Mortgage
2606,A00005460,Khaoula Oufkir,CC376277,39,High School,3 Boulevard Hassan II,Fes,30000.0,Y,2,Y,Own
2607,A00000624,Malak Benali,N339858,49,Bachelor,9 Lotissement Mohammed V,Essaouira,44000.0,N,5,Y,Rent
2608,A00006402,Mohamed Bachri,L458034,53,College,45 Lotissement Hlioua,Tetouan,93000.0,Y,3,Y,Mortgage
2609,A00009955,Mohamed Benali,CC329588,47,High School,48 Lotissement Zerktouni,Fes,30000.0,N,4,Y,Own
2610,A00004373,Kaoutar Amrani,N379489,64,Bachelor,22 Hay Hassan II,Essaouira,44000.0,Y,5,Y,Mortgage
2611,A00004857,Kawtar Eddoughmi,L411487,51,Bachelor,1 Lotissement Al Houda,Tetouan,93000.0,Y,4,Y,Rent
2612,A00002919,Hamza Benchikh,KB397875,32,Bachelor,46 Hay Centrale,Tanger,90053.0,Y,5,Y,Rent
2613,A00007333,Kawtar El Yousfi,AG882795,46,MD,21 Avenue Hlioua,Rabat,11025.0,Y,7,Y,Rent
2614,A00004795,Othmane Fadili,SA406916,27,High School,46 Rue Hlioua,Nador,62000.0,N,2,Y,Own
2615,A00004342,Mohamed Fadili,N160021,32,PhD,43 Lotissement El Fadl,Essaouira,44000.0,N,7,Y,Mortgage
2616,A00003606,Meryem Mansour,X969618,59,Masters,33 Lotissement El Fadl,Boujniba,,N,2,Y,Mortgage
2617,A00004598,Ahmed Banoune,GK395384,50,High School,22 Residence Al Houda,Sidi Kacem,16000.0,Y,2,Y,Own
2618,A00003430,Othmane Amrani,JK738175,36,High School,35 Residence El Fadl,Agadir,80000.0,Y,5,Y,Rent
2619,A00004591,Omar Moufkir ,JK602530,50,Bachelor,28 Residence Zerktouni,Agadir,80000.0,Y,7,N,Mortgage
2620,A00000496,Fatima Ezzahra  Jamal,JK363551,29,High School,10 Avenue Al Houda,Agadir,80000.0,Y,3,Y,Own
2621,A00009745,Hajar Barghoud,JK454078,48,Bachelor,38 Avenue Mohammed V,Agadir,80000.0,Y,2,Y,Rent
2622,A00004327,Hiba Benali,EE894169,55,College,38 Hay Centrale,Marrakech,40000.0,N,3,Y,Mortgage
2623,A00006968,Amine Amine,F489900,42,PhD,48 Boulevard Hlioua,Oujda,60010.0,N,5,Y,Mortgage
2624,A00007280,Othmane Eddoughmi,X235569,62,Bachelor,28 Avenue Al Houda,Kalaat M'Gouna,,Y,6,Y,Rent
2625,A00008665,Khadija Alaoui,X408997,45,High School,2 Lotissement El Fadl,Mhaya,,Y,3,Y,Own
2626,A00001357,Malak Fadili,L592424,63,,13 Residence Centrale,Tetouan,93000.0,Y,4,Y,Rent
2627,A00007164,Khadija Radi,G256821,40,PhD,35 Residence Mohammed V,Kenitra,14110.0,N,4,Y,Mortgage
2628,A00002980,Aziza Banoune,L268420,30,,49 Rue Hlioua,Tetouan,93000.0,N,6,Y,Own
2629,A00003349,Yahya Oufkir,L160772,52,Bachelor,39 Rue Salam,Tetouan,93000.0,N,3,Y,Mortgage
2630,A00006108,Aziza Barghoud,EE575922,41,Bachelor,34 Rue Al Qods,Marrakech,40000.0,N,2,Y,Rent
2631,A00003514,Noha Skalli,N658404,35,College,28 Avenue Al Massira,Essaouira,44000.0,N,5,Y,Mortgage
2632,A00006650,Fatima Ezzahra  Lahlou,AG846221,33,Masters,35 Boulevard Centrale,Rabat,11025.0,Y,5,Y,Mortgage
2633,A00000687,Noha Bachri,X984177,43,,35 Rue Salam,Sidi Bouzid,,Y,4,Y,Mortgage
2634,A00008140,Amine Benchikh,BJ396840,30,Masters,42 Rue Al Qods,Casablanca,20220.0,Y,2,Y,Own
2635,A00007618,Amine Alaoui,N834157,41,College,5 Rue Zerktouni,Essaouira,44000.0,Y,4,Y,Rent
2636,A00007307,Hassan Fadili,AB484405,33,College,20 Hay Al Qods,Sale,11000.0,Y,2,Y,Rent
2637,A00004218,Khadija Jamal,M475308,25,High School,11 Avenue Hlioua,El Jadida,24010.0,Y,2,Y,Own
2638,A00001271,Omar Fadili,N917637,46,Bachelor,36 Rue Al Qods,Essaouira,44000.0,N,2,Y,Rent
2639,A00006397,Jamila Salhi,G136801,33,Bachelor,15 Residence Zerktouni,Kenitra,14110.0,Y,7,Y,Mortgage
2640,A00008985,Khaoula Dadi,CC160328,44,Bachelor,21 Avenue Bernoussi,Fes,30000.0,Y,4,Y,Mortgage
2641,A00006718,Hassan Farissi,T873588,50,PhD,14 Rue Mohammed V,Mohammedia,28810.0,N,2,Y,Rent
2642,A00007654,Adam Oufkir,KB297449,43,High School,46 Residence Bernoussi,Tanger,90053.0,Y,3,Y,Rent
2643,A00009704,Kawtar Mansar,JK683403,54,Bachelor,3 Residence Mohammed V,Agadir,80000.0,N,2,Y,Own
2644,A00004297,Rachida Alaoui,AG518317,51,Masters,15 Residence Al Massira,Rabat,11025.0,N,2,Y,Own
2645,A00004567,Rania Farissi,BJ311985,58,,27 Avenue Salam,Casablanca,20220.0,N,3,Y,Own
2646,A00004570,Omar Benchikh,BJ928251,58,Masters,40 Rue Centrale,Casablanca,20220.0,Y,2,Y,Rent
2647,A00004826,Yahya Fakhir,CC920911,27,Bachelor,26 Boulevard Centrale,Fes,30000.0,Y,6,Y,Rent
2648,A00001841,Othmane Berrada,N267540,27,Masters,43 Hay Al Qods,Essaouira,44000.0,N,7,N,Rent
2649,A00006838,Aya Banoune,X663492,61,Bachelor,3 Lotissement El Fadl,Moqrisset,,N,7,Y,Mortgage
2650,A00003947,Youssef Moufkir ,L818777,50,PhD,47 Hay Al Massira,Tetouan,93000.0,N,3,Y,Mortgage
2651,A00007238,Omar Mansour,X568834,62,Bachelor,35 Lotissement Al Massira,Ain Chkef,,N,2,Y,Rent
2652,A00000767,Mohammed Amine El Yousfi,X903059,62,Bachelor,7 Boulevard Bernoussi,Ain Dfali,,Y,6,Y,Mortgage
2653,A00003047,Kawtar Alaoui,CC778942,60,Bachelor,24 Hay El Fadl,Fes,30000.0,Y,5,Y,Own
2654,A00004034,Hamza Ouazzani,EE589573,35,College,49 Boulevard Hlioua,Marrakech,40000.0,Y,5,Y,Mortgage
2655,A00006028,Hassan Eddoughmi,EE388435,47,,44 Boulevard Mohammed V,Marrakech,40000.0,Y,5,Y,Own
2656,A00000533,Youssef Farissi,X985275,62,PhD,24 Hay Salam,Missour,,Y,3,Y,Rent
2657,A00008535,Rania Ouazzani,JK910323,54,Bachelor,20 Hay Hassan II,Agadir,80000.0,Y,2,Y,Mortgage
2658,A00005583,Taha Benchikh,AG662090,53,Bachelor,9 Hay El Fadl,Rabat,11025.0,Y,6,Y,Own
2659,A00000806,Hajar Barghoud,BJ795531,57,College,1 Boulevard Al Houda,Casablanca,20220.0,Y,5,Y,Rent
2660,A00002921,Fatima Ezzahra  El Fassi,KB449786,29,Bachelor,25 Residence Al Massira,Tanger,90053.0,Y,6,N,Rent
2661,A00002349,Fatima Ezzahra  Barghoud,X697509,47,High School,13 Residence Mohammed V,Zagora,,Y,2,Y,Own
2662,A00001964,Kaoutar Jamal,AG302498,36,Masters,44 Avenue Al Qods,Rabat,11025.0,N,5,Y,Own
2663,A00003951,Fatima Moufkir ,X529339,43,Bachelor,25 Boulevard Salam,Zirara,,Y,3,Y,Mortgage
2664,A00007319,Kaoutar Oufkir,DN180472,52,,43 Boulevard Zerktouni,Meknes,50010.0,Y,4,Y,Rent
2665,A00005456,Rachida Mansar,L274793,39,PhD,13 Residence Hassan II,Tetouan,93000.0,Y,5,Y,Rent
2666,A00000171,Hassan Skalli,N623134,52,High School,1 Lotissement Centrale,Essaouira,44000.0,N,4,Y,Own
2667,A00000280,Taha Lahlou,N394824,48,Bachelor,8 Residence Hlioua,Essaouira,44000.0,N,3,N,Mortgage
2668,A00008820,Malak Bate,HH536534,30,Bachelor,15 Avenue Bernoussi,Safi,46000.0,Y,7,Y,Mortgage
2669,A00007782,Salma Bate,AG337570,38,Bachelor,18 Rue Centrale,Rabat,11025.0,Y,4,Y,Mortgage
2670,A00004370,Kawtar Banoune,X979795,52,High School,8 Avenue Zerktouni,Foum Zguid,,N,3,Y,Own
2671,A00001523,Malak Tahiri,GK993871,42,Bachelor,28 Rue Al Houda,Sidi Kacem,16000.0,Y,4,Y,Mortgage
2672,A00005667,Omar Mansar,BJ841976,54,MD,40 Lotissement Al Houda,Casablanca,20220.0,N,6,Y,Rent
2673,A00005682,Othmane Metouali,CC938538,38,High School,13 Lotissement Salam,Fes,30000.0,N,5,Y,Rent
2674,A00000881,Kaoutar Bachri,G881351,28,Bachelor,5 Hay El Fadl,Kenitra,14110.0,Y,5,Y,Rent
2675,A00002643,Salma Skalli,M614938,62,Bachelor,49 Avenue Al Qods,El Jadida,24010.0,Y,5,Y,Own
2676,A00000109,Khadija Mansar,AB980123,41,College,19 Lotissement Salam,Sale,11000.0,Y,2,Y,Own
2677,A00000718,Malak Ouazzani,KB928092,41,MD,4 Avenue Bernoussi,Tanger,90053.0,N,6,Y,Own
2678,A00008499,Khadija Skalli,AG926334,37,Bachelor,15 Lotissement Al Massira,Rabat,11025.0,Y,6,Y,Mortgage
2679,A00003785,Meryem Bachri,EE627386,31,Bachelor,22 Boulevard Centrale,Marrakech,40000.0,Y,2,Y,Rent
2680,A00007593,Meryem Metouali,AB143282,51,Masters,29 Lotissement Salam,Sale,11000.0,Y,3,Y,Own
2681,A00005176,Hajar Dadi,L414962,48,Bachelor,36 Avenue Hlioua,Tetouan,93000.0,N,2,N,Rent
2682,A00005070,Kaoutar Metouali,EE748788,47,PhD,3 Residence Bernoussi,Marrakech,40000.0,Y,4,Y,Rent
2683,A00002606,Kaoutar Fakhir,L311357,32,PhD,21 Boulevard Hassan II,Tetouan,93000.0,Y,6,Y,Rent
2684,A00005649,Othmane Jamal,X884658,34,Bachelor,14 Hay El Fadl,Tafraout,,Y,7,Y,Mortgage
2685,A00004991,Zineb El Yousfi,DN232442,40,Bachelor,35 Lotissement El Fadl,Meknes,50010.0,N,2,Y,Mortgage
2686,A00000818,Meryem Bachri,FB399622,50,High School,27 Lotissement Mohammed V,Taourirt,65000.0,Y,5,Y,Mortgage
2687,A00002683,Hajar Dadi,BJ347878,56,Masters,8 Hay Salam,Casablanca,20220.0,Y,3,Y,Own
2688,A00007002,Fatima Ezzahra  Fadili,BJ227183,49,High School,44 Avenue Hlioua,Casablanca,20220.0,Y,7,Y,Own
2689,A00007851,Kawtar Alaoui,X109259,26,Bachelor,7 Rue Zerktouni,Mediouna,,Y,6,Y,Own
2690,A00009557,Salma Eddoughmi,EE967158,28,MD,19 Boulevard Salam,Marrakech,40000.0,Y,4,Y,Mortgage
2691,A00005665,Omar Bachri,CC185173,33,PhD,21 Boulevard Hassan II,Fes,30000.0,N,3,Y,Rent
2692,A00000729,Aya Berrada,BJ408429,56,High School,39 Hay Mohammed V,Casablanca,20220.0,Y,4,Y,Own
2693,A00004156,Aziza El Idrissi,JK846543,47,PhD,8 Rue Centrale,Agadir,80000.0,Y,6,Y,Mortgage
2694,A00008317,Khadija El Yousfi,AG883081,46,Bachelor,30 Rue Al Massira,Rabat,11025.0,Y,6,Y,Rent
2695,A00000998,Mohamed Metouali,AB258567,63,Masters,35 Residence El Fadl,Sale,11000.0,Y,7,Y,Rent
2696,A00003039,Rachida Fadili,HH251060,36,Bachelor,49 Lotissement Salam,Safi,46000.0,Y,5,Y,Mortgage
2697,A00003990,Mohamed Skalli,X279336,53,High School,19 Lotissement Al Houda,Alnif,,Y,2,Y,Own
2698,A00003851,Hamza Berrada,DN998671,38,High School,21 Residence Al Massira,Meknes,50010.0,N,6,Y,Mortgage
2699,A00003985,Noha Kibala,X437110,57,Bachelor,47 Lotissement Al Massira,Imsouane,,N,7,Y,Mortgage
2700,A00004612,Omar El Idrissi,N635285,60,High School,17 Lotissement Bernoussi,Essaouira,44000.0,N,6,Y,Own
2701,A00001238,Meryem Oufkir,XA210269,28,Bachelor,16 Lotissement Al Massira,Tiflet,15400.0,Y,4,Y,Mortgage
2702,A00009881,Amine El Fassi,EE542971,41,High School,39 Lotissement El Fadl,Marrakech,40000.0,Y,7,Y,Own
2703,A00004928,Hajar Benchikh,F629850,44,Bachelor,3 Rue Mohammed V,Oujda,60010.0,Y,2,Y,Own
2704,A00001045,Salma Eddoughmi,M241927,53,College,7 Hay Zerktouni,El Jadida,24010.0,Y,4,Y,Mortgage
2705,A00006204,Hajar Fadili,X452635,54,Bachelor,5 Avenue Bernoussi,Rhaf Sai,,Y,2,Y,Rent
2706,A00005979,Mohammed Amine Metouali,SA126365,52,Bachelor,41 Avenue El Fadl,Nador,62000.0,Y,6,Y,Own
2707,A00002676,Fatima Ezzahra  Fadili,R529070,37,MD,22 Hay Zerktouni,El Hoceima,32000.0,Y,4,Y,Rent
2708,A00001051,Jamila Alaoui,F948882,25,College,40 Residence El Fadl,Oujda,60010.0,Y,2,Y,Rent
2709,A00005967,Ahmed Berrada,JK674082,56,Bachelor,29 Residence Salam,Agadir,80000.0,Y,3,Y,Mortgage
2710,A00003383,Omar Amine,DN816824,59,Bachelor,40 Avenue Al Qods,Meknes,50010.0,Y,2,Y,Own
2711,A00007650,Yahya Ouazzani,X807657,59,High School,7 Hay Salam,Ouezzane,,Y,5,N,Own
2712,A00001556,Malak Ouazzani,CC296979,46,Bachelor,19 Lotissement El Fadl,Fes,30000.0,Y,7,N,Rent
2713,A00003870,Jamila Amine,X504169,61,College,27 Hay Al Houda,Selouane,,Y,5,N,Rent
2714,A00000339,Kawtar Moufkir ,KB383844,35,,16 Rue Al Qods,Tanger,90053.0,N,4,N,Own
2715,A00009950,Hamza El Idrissi,DN480761,54,High School,47 Hay Al Houda,Meknes,50010.0,N,7,Y,Rent
2716,A00007026,Mohammed Amine Bachri,CC324273,53,Bachelor,25 Hay Mohammed V,Fes,30000.0,N,3,Y,Mortgage
2717,A00009124,Kaoutar Benchikh,N325489,49,Bachelor,12 Lotissement Salam,Essaouira,44000.0,Y,4,Y,Mortgage
2718,A00009710,Kawtar Banoune,EE903430,41,PhD,43 Residence Hlioua,Marrakech,40000.0,Y,4,Y,Rent
2719,A00007955,Khadija Barghoud,X690064,28,Bachelor,35 Boulevard Hassan II,Aourir,,N,7,Y,Rent
2720,A00009408,Hassan Ouazzani,CC201005,31,MD,16 Residence Mohammed V,Fes,30000.0,N,2,Y,Rent
2721,A00009153,Jamila Moufkir ,X865653,61,Bachelor,42 Hay Al Massira,Zaouia Annahlia,,N,4,Y,Mortgage
2722,A00006097,Ahmed Farissi,L139678,27,PhD,11 Boulevard Bernoussi,Tetouan,93000.0,Y,6,Y,Own
2723,A00000119,Mohammed Amine Barghoud,VA737818,38,,49 Rue Salam,Midelt,54350.0,Y,6,Y,Mortgage
2724,A00006685,Hamza Banoune,F580261,25,Bachelor,43 Rue El Fadl,Oujda,60010.0,Y,6,Y,Own
2725,A00006057,Kaoutar Moufkir ,CC367320,51,Bachelor,43 Boulevard Al Qods,Fes,30000.0,N,5,Y,Own
2726,A00003273,Zineb Bate,JA301857,35,Bachelor,39 Lotissement Salam,Guelmim,81000.0,Y,7,Y,Own
2727,A00007102,Adam El Yousfi,KB231400,50,Bachelor,47 Boulevard Bernoussi,Tanger,90053.0,N,2,Y,Own
2728,A00001336,Omar Jamal,AG425563,29,Masters,18 Boulevard Hassan II,Rabat,11025.0,Y,6,Y,Rent
2729,A00009180,Fatima Ezzahra  Amrani,DN970050,32,High School,10 Avenue Zerktouni,Meknes,50010.0,Y,4,Y,Mortgage
2730,A00006073,Taha El Yousfi,X888059,56,High School,17 Residence Hlioua,Khenichet,,Y,6,Y,Mortgage
2731,A00005159,Yahya Barghoud,BJ840931,39,,23 Hay Al Massira,Casablanca,20220.0,N,4,Y,Own
2732,A00005469,Salma Farissi,WA616764,28,Masters,42 Residence Bernoussi,Berrechid,26100.0,Y,3,Y,Rent
2733,A00003659,Ahmed Bachri,DN376625,50,,39 Hay El Fadl,Meknes,50010.0,Y,2,Y,Mortgage
2734,A00002542,Youssef Jamal,EE604422,32,Bachelor,13 Boulevard El Fadl,Marrakech,40000.0,N,4,N,Own
2735,A00003409,Noha Barghoud,AB537506,30,College,33 Lotissement Hlioua,Sale,11000.0,Y,6,N,Mortgage
2736,A00009176,Fatima Ezzahra  Benali,BJ760091,55,Bachelor,40 Avenue Hassan II,Casablanca,20220.0,Y,5,N,Rent
2737,A00009996,Jamila Metouali,JC703268,48,High School,7 Boulevard Hlioua,Taaroudant,83000.0,Y,5,Y,Own
2738,A00008872,Mohammed Amine Jamal,X715216,52,Bachelor,11 Avenue Hlioua,Zerkten,,Y,5,Y,Own
2739,A00000242,Youssef Oufkir,N949790,50,Bachelor,20 Hay Al Houda,Essaouira,44000.0,Y,7,Y,Mortgage
2740,A00003558,Jamila Kibala,X264691,49,Bachelor,27 Avenue Al Qods,Guelta Zemmur,,Y,7,Y,Rent
2741,A00001266,Othmane Benali,CC863156,42,Bachelor,9 Residence El Fadl,Fes,30000.0,N,7,Y,Mortgage
2742,A00007799,Aya Jamal,X812171,52,Masters,2 Lotissement Bernoussi,Tafraout,,Y,5,N,Own
2743,A00002756,Kawtar Metouali,KB670376,37,College,31 Hay Salam,Tanger,90053.0,N,4,Y,Own
2744,A00006353,Mohammed Amine Oufkir,AG219942,42,MD,26 Avenue Al Massira,Rabat,11025.0,N,4,Y,Rent
2745,A00009190,Othmane Alaoui,KB826981,54,Bachelor,4 Lotissement Hlioua,Tanger,90053.0,Y,5,Y,Own
2746,A00004393,Rania Bachri,JK926903,51,PhD,44 Rue Al Qods,Agadir,80000.0,Y,7,Y,Own
2747,A00002225,Aziza Mansar,KB719867,33,Bachelor,15 Avenue Bernoussi,Tanger,90053.0,Y,4,Y,Mortgage
2748,A00008474,Khaoula Eddoughmi,AB666682,55,Bachelor,47 Rue Zerktouni,Sale,11000.0,Y,3,Y,Mortgage
2749,A00007033,Omar Berrada,DN885563,58,Bachelor,28 Boulevard Al Houda,Meknes,50010.0,Y,2,Y,Rent
2750,A00005725,Mohamed Skalli,JK862593,47,College,37 Hay Hassan II,Agadir,80000.0,Y,5,Y,Own
2751,A00006527,Omar Jamal,EE392186,64,Bachelor,4 Residence Bernoussi,Marrakech,40000.0,Y,7,N,Own
2752,A00009824,Youssef Dadi,BJ233634,29,High School,38 Boulevard Mohammed V,Casablanca,20220.0,Y,6,Y,Mortgage
2753,A00008407,Rachida Benali,EE372551,35,,31 Hay Al Massira,Marrakech,40000.0,Y,2,N,Own
2754,A00006653,Hamza Banoune,EE931172,44,High School,3 Hay Mohammed V,Marrakech,40000.0,Y,6,Y,Mortgage
2755,A00001483,Khaoula Skalli,KB254896,51,High School,48 Hay Centrale,Tanger,90053.0,Y,7,Y,Rent
2756,A00002613,Aziza Amine,AB279562,26,Masters,12 Lotissement Al Houda,Sale,11000.0,Y,4,Y,Mortgage
2757,A00000424,Meryem Bachri,N615210,27,College,21 Avenue Hlioua,Essaouira,44000.0,Y,3,Y,Mortgage
2758,A00008822,Fatima Ezzahra  Moufkir ,G458977,34,Masters,48 Lotissement Hassan II,Kenitra,14110.0,N,5,Y,Mortgage
2759,A00003398,Youssef Jamal,X495698,49,Bachelor,26 Rue Hassan II,Ihddaden,,Y,4,Y,Rent
2760,A00006800,Aziza Metouali,AG177696,53,,2 Rue Hlioua,Rabat,11025.0,N,5,Y,Rent
2761,A00000820,Omar Skalli,X735293,41,High School,12 Boulevard Bernoussi,Bouizakarne,,Y,3,Y,Own
2762,A00002961,Hamza El Fassi,F585911,30,Bachelor,44 Hay Hlioua,Oujda,60010.0,N,5,Y,Own
2763,A00006574,Kawtar Tahiri,EE775709,35,High School,48 Avenue Mohammed V,Marrakech,40000.0,N,7,N,Rent
2764,A00000722,Othmane Amrani,BJ595950,43,PhD,48 Avenue Al Qods,Casablanca,20220.0,N,3,Y,Mortgage
2765,A00003569,Noha Dadi,M598380,51,Bachelor,49 Avenue Al Qods,El Jadida,24010.0,Y,7,Y,Mortgage
2766,A00005045,Hamza Amine,AB326256,50,Bachelor,10 Rue Al Massira,Sale,11000.0,N,6,Y,Own
2767,A00009717,Youssef Moufkir ,BJ344431,31,College,1 Residence Zerktouni,Casablanca,20220.0,Y,7,Y,Mortgage
2768,A00004424,Malak Berrada,L158268,44,College,7 Residence Al Houda,Tetouan,93000.0,Y,4,Y,Rent
2769,A00005533,Taha Ouazzani,AG551478,47,Bachelor,26 Boulevard Al Qods,Rabat,11025.0,Y,6,Y,Rent
2770,A00007470,Aya Jamal,X173240,51,Bachelor,9 Boulevard Al Houda,Ain Cheggag,,Y,3,Y,Own
2771,A00002438,Hajar Dadi,X271985,39,Bachelor,40 Avenue Hlioua,Boumia,,Y,5,Y,Own
2772,A00001366,Kawtar Radi,CC836428,44,Masters,33 Avenue Al Houda,Fes,30000.0,N,3,Y,Mortgage
2773,A00002678,Khaoula El Yousfi,KB807526,29,Masters,30 Residence Al Houda,Tanger,90053.0,Y,3,Y,Own
2774,A00003124,Fatima Fadili,X336298,28,,17 Residence Hlioua,Khenichet,,Y,6,Y,Mortgage
2775,A00002672,Fatima Barghoud,M349792,45,Bachelor,29 Residence Centrale,El Jadida,24010.0,Y,7,Y,Mortgage
2776,A00005465,Hassan Lahlou,X109832,47,College,30 Hay Salam,Boudinar,,Y,4,Y,Mortgage
2777,A00007338,Youssef Mansour,F221162,36,Bachelor,33 Boulevard Zerktouni,Oujda,60010.0,N,4,Y,Mortgage
2778,A00005085,Othmane Ouazzani,X737736,52,High School,14 Residence Mohammed V,Zag,,Y,6,Y,Mortgage
2779,A00002854,Omar Banoune,AB616152,36,MD,34 Boulevard Hassan II,Sale,11000.0,Y,2,Y,Mortgage
2780,A00006015,Meryem Skalli,BJ157844,28,College,39 Lotissement Bernoussi,Casablanca,20220.0,N,2,Y,Rent
2781,A00003376,Adam Radi,KB579155,40,College,38 Rue El Fadl,Tanger,90053.0,Y,5,Y,Mortgage
2782,A00004846,Hajar Salhi,AB840259,64,Bachelor,25 Avenue El Fadl,Sale,11000.0,Y,4,Y,Own
2783,A00009495,Omar Radi,EE125805,47,High School,43 Boulevard Centrale,Marrakech,40000.0,Y,3,Y,Own
2784,A00003823,Omar Alaoui,N855669,36,PhD,42 Hay Al Houda,Essaouira,44000.0,N,2,Y,Mortgage
2785,A00009050,Hajar Benchikh,P489019,28,,7 Lotissement Al Houda,Ouarzazate,45000.0,Y,2,Y,Own
2786,A00001972,Omar Salhi,L718888,53,College,13 Residence Centrale,Tetouan,93000.0,N,4,Y,Mortgage
2787,A00003221,Aziza Amine,AB287166,37,Masters,30 Rue Hassan II,Sale,11000.0,Y,5,Y,Rent
2788,A00009325,Youssef Fadili,KB146495,31,Masters,32 Boulevard Hlioua,Tanger,90053.0,N,5,Y,Rent
2789,A00005572,Mohammed Amine Mansar,DN732988,53,Bachelor,33 Residence Zerktouni,Meknes,50010.0,Y,4,Y,Rent
2790,A00008428,Omar El Idrissi,KB728061,32,Bachelor,45 Boulevard Zerktouni,Tanger,90053.0,Y,4,Y,Own
2791,A00002735,Rania Kibala,HH282128,34,College,5 Boulevard Hassan II,Safi,46000.0,N,2,Y,Own
2792,A00008685,Rania Fakhir,X262487,47,PhD,5 Rue Bernoussi,Asilah,,Y,2,Y,Mortgage
2793,A00001943,Mohammed Amine Tahiri,JK870752,30,Bachelor,48 Rue Hassan II,Agadir,80000.0,Y,3,Y,Mortgage
2794,A00007494,Omar Fakhir,AB484750,38,Masters,46 Avenue Al Massira,Sale,11000.0,Y,5,Y,Rent
2795,A00000591,Mohammed Amine El Yousfi,BJ313001,32,High School,47 Hay Al Qods,Casablanca,20220.0,N,4,Y,Mortgage
2796,A00009090,Kawtar Berrada,L998602,56,High School,16 Residence Bernoussi,Tetouan,93000.0,Y,2,Y,Mortgage
2797,A00006325,Omar Benchikh,R455113,64,Bachelor,16 Hay El Fadl,El Hoceima,32000.0,Y,4,Y,Mortgage
2798,A00005675,Khaoula Amrani,L512665,32,Bachelor,39 Hay Mohammed V,Tetouan,93000.0,Y,2,Y,Mortgage
2799,A00003411,Othmane Berrada,W234535,48,Masters,28 Boulevard Centrale,Settat,26000.0,Y,4,Y,Own
2800,A00009327,Amine Fadili,DN437452,32,High School,22 Rue El Fadl,Meknes,50010.0,Y,4,Y,Rent
2801,A00004607,Adam Alaoui,AB833540,44,MD,35 Avenue Bernoussi,Sale,11000.0,N,3,Y,Mortgage
2802,A00006668,Hassan Tahiri,AG910982,64,College,21 Avenue Hlioua,Rabat,11025.0,Y,5,Y,Mortgage
2803,A00003060,Aya Oufkir,AG232946,53,High School,16 Boulevard Zerktouni,Rabat,11025.0,N,7,Y,Mortgage
2804,A00004125,Khadija Moufkir ,DN717855,64,Bachelor,43 Boulevard Zerktouni,Meknes,50010.0,Y,5,Y,Mortgage
2805,A00005430,Mohammed Amine Bachri,CC669349,63,High School,40 Avenue Bernoussi,Fes,30000.0,Y,6,Y,Mortgage
2806,A00000206,Khadija Ouazzani,AB405891,32,College,34 Residence Hlioua,Sale,11000.0,Y,7,Y,Mortgage
2807,A00000783,Ahmed Mansar,X690368,47,College,36 Hay Centrale,Sidi Ifni,,Y,5,N,Mortgage
2808,A00008043,Kawtar El Idrissi,DN976116,63,College,11 Boulevard El Fadl,Meknes,50010.0,Y,2,Y,Mortgage
2809,A00006378,Meryem Jamal,JK467569,57,Bachelor,28 Lotissement Hlioua,Agadir,80000.0,Y,7,Y,Own
2810,A00001822,Aya El Fassi,W600954,54,Bachelor,25 Avenue Hlioua,Settat,26000.0,Y,7,Y,Mortgage
2811,A00006322,Ahmed Mansar,AG947844,30,High School,34 Residence El Fadl,Rabat,11025.0,Y,7,Y,Own
2812,A00005921,Ahmed El Idrissi,EE878124,30,High School,2 Boulevard Al Massira,Marrakech,40000.0,Y,2,Y,Rent
2813,A00009397,Youssef Skalli,X781593,29,Bachelor,9 Avenue Centrale,Oulad Teima,,Y,3,Y,Rent
2814,A00009610,Malak Banoune,CB359558,47,High School,16 Rue Al Qods,Sefrou,31000.0,Y,7,Y,Rent
2815,A00001222,Youssef Radi,SA861919,43,Bachelor,31 Avenue Mohammed V,Nador,62000.0,Y,3,Y,Own
2816,A00001192,Hiba Metouali,CC194000,34,Bachelor,19 Rue Zerktouni,Fes,30000.0,Y,5,Y,Own
2817,A00005264,Aziza Bachri,BJ388283,49,Bachelor,12 Boulevard Bernoussi,Casablanca,20220.0,N,5,N,Mortgage
2818,A00001808,Yahya El Yousfi,X995305,63,Bachelor,26 Boulevard Salam,Smimou,,N,2,Y,Own
2819,A00007162,Zineb Fakhir,BJ420914,26,Bachelor,10 Hay Salam,Casablanca,20220.0,Y,4,Y,Rent
2820,A00007836,Kaoutar Kibala,JK716602,28,Bachelor,2 Lotissement Zerktouni,Agadir,80000.0,Y,3,Y,Rent
2821,A00003173,Salma Jamal,EE521214,25,Bachelor,28 Avenue Al Qods,Marrakech,40000.0,Y,3,Y,Mortgage
2822,A00005263,Fatima Ezzahra  Dadi,JK583756,36,College,49 Avenue Hlioua,Agadir,80000.0,Y,3,Y,Rent
2823,A00000343,Khadija Mansour,X898550,35,College,41 Avenue Hassan II,Deroua,,N,2,Y,Mortgage
2824,A00001369,Fatima Ezzahra  Barghoud,DN912042,45,High School,21 Boulevard El Fadl,Meknes,50010.0,Y,7,N,Mortgage
2825,A00006206,Omar Bennani,DN193271,47,Bachelor,6 Boulevard Centrale,Meknes,50010.0,Y,6,Y,Mortgage
2826,A00009534,Othmane Bachri,DN720857,40,High School,33 Hay El Fadl,Meknes,50010.0,N,7,N,Own
2827,A00008177,Aya Jamal,F928698,36,Bachelor,2 Avenue Hlioua,Oujda,60010.0,N,2,Y,Rent
2828,A00004986,Jamila Oufkir,G788229,30,High School,31 Rue Zerktouni,Kenitra,14110.0,Y,6,Y,Mortgage
2829,A00009646,Fatima Kibala,X857138,53,Bachelor,19 Rue Zerktouni,Imilchil,,N,2,Y,Own
2830,A00005530,Aya Bachri,AG677187,62,Bachelor,9 Boulevard Al Houda,Rabat,11025.0,Y,4,Y,Mortgage
2831,A00008835,Jamila El Fassi,JK584749,60,Masters,42 Hay Salam,Agadir,80000.0,Y,7,Y,Rent
2832,A00004597,Khadija Farissi,KB418756,42,High School,36 Hay Hassan II,Tanger,90053.0,N,7,Y,Mortgage
2833,A00009936,Aya Bennani,AG321624,25,High School,39 Rue Hassan II,Rabat,11025.0,N,5,Y,Mortgage
2834,A00009512,Zineb Eddoughmi,G968234,51,High School,43 Residence Centrale,Kenitra,14110.0,Y,6,Y,Rent
2835,A00009280,Adam Berrada,X459679,29,,4 Boulevard Al Massira,Itzer,,N,3,Y,Rent
2836,A00004208,Hamza Benchikh,KB419335,50,Bachelor,31 Rue Zerktouni,Tanger,90053.0,Y,7,N,Own
2837,A00008370,Fatima Ezzahra  Dadi,X107821,63,High School,31 Lotissement Zerktouni,Bab Berred,,N,5,Y,Rent
2838,A00009801,Zineb Alaoui,AB857082,55,,45 Rue Hassan II,Sale,11000.0,Y,2,Y,Mortgage
2839,A00000937,Hiba Banoune,KB932268,61,Bachelor,41 Hay Centrale,Tanger,90053.0,N,3,Y,Rent
2840,A00004031,Noha Radi,X617752,55,High School,35 Boulevard Hassan II,Aourir,,Y,5,Y,Rent
2841,A00005550,Rania Bennani,AG542518,51,,45 Avenue Mohammed V,Rabat,11025.0,N,4,Y,Rent
2842,A00000541,Aya Ouazzani,BJ622794,28,Bachelor,43 Lotissement Hlioua,Casablanca,20220.0,Y,7,Y,Rent
2843,A00004525,Hassan El Idrissi,N734819,53,College,36 Rue Al Qods,Essaouira,44000.0,Y,5,Y,Rent
2844,A00001034,Kaoutar Bate,EE138766,25,MD,8 Residence Hlioua,Marrakech,40000.0,Y,3,Y,Mortgage
2845,A00009655,Noha Eddoughmi,X938503,58,College,49 Residence Hassan II,Atouabet,,N,2,Y,Mortgage
2846,A00004086,Kawtar Kibala,L392743,33,Bachelor,39 Avenue Bernoussi,Tetouan,93000.0,Y,5,Y,Mortgage
2847,A00005790,Omar Mansar,X596053,64,Bachelor,29 Hay Al Massira,Asjen,,Y,3,Y,Mortgage
2848,A00008388,Hiba Mansour,X549453,64,PhD,14 Lotissement Bernoussi,Er-Rich,,Y,5,Y,Rent
2849,A00008327,Fatima Ezzahra  Dadi,JK281303,44,Bachelor,2 Residence El Fadl,Agadir,80000.0,Y,3,Y,Rent
2850,A00005122,Omar Bennani,JK321048,33,,4 Rue Bernoussi,Agadir,80000.0,Y,6,Y,Own
2851,A00005974,Jamila Radi,AB590529,52,High School,21 Rue Bernoussi,Sale,11000.0,Y,7,Y,Mortgage
2852,A00000521,Malak Radi,AG218699,46,Bachelor,13 Boulevard Al Houda,Rabat,11025.0,Y,4,Y,Rent
2853,A00000083,Khadija Jamal,AB763631,25,College,27 Avenue Centrale,Sale,11000.0,N,3,Y,Rent
2854,A00004418,Hassan Bachri,X580205,57,Bachelor,17 Lotissement Bernoussi,Boumalne Dades,,Y,4,N,Rent
2855,A00006611,Zineb Oufkir,X468483,33,College,42 Avenue Al Houda,Ouezzane,,Y,5,Y,Own
2856,A00009692,Mohammed Amine Jamal,BJ566208,59,College,34 Avenue Al Massira,Casablanca,20220.0,Y,5,Y,Own
2857,A00005891,Amine Banoune,SA331783,32,Masters,46 Rue Hlioua,Nador,62000.0,Y,4,Y,Rent
2858,A00006970,Hiba Fakhir,EE926863,38,Bachelor,28 Lotissement Hassan II,Marrakech,40000.0,N,5,N,Rent
2859,A00008195,Malak Fadili,HH364352,42,High School,47 Lotissement Hlioua,Safi,46000.0,N,7,Y,Own
2860,A00006019,Hamza Farissi,AG232488,30,Bachelor,4 Lotissement Bernoussi,Rabat,11025.0,Y,6,Y,Mortgage
2861,A00008617,Meryem Benali,AG885640,37,Bachelor,28 Lotissement Hlioua,Rabat,11025.0,Y,5,Y,Mortgage
2862,A00009792,Hiba Barghoud,X118295,33,College,33 Lotissement El Fadl,Boujniba,,Y,4,Y,Mortgage
2863,A00009036,Aya Metouali,X421449,48,Bachelor,13 Avenue El Fadl,Ben Ahmed,,Y,2,Y,Rent
2864,A00007270,Adam Moufkir ,L547702,54,College,14 Residence Al Houda,Tetouan,93000.0,Y,6,Y,Rent
2865,A00000078,Amine Banoune,X608463,47,Bachelor,6 Boulevard El Fadl,Rommani,,N,4,Y,Mortgage
2866,A00002532,Othmane Lahlou,N614209,42,Bachelor,1 Lotissement Centrale,Essaouira,44000.0,Y,3,Y,Own
2867,A00009033,Othmane Tahiri,LA395218,64,High School,30 Boulevard Al Qods,Larache,92000.0,Y,4,Y,Rent
2868,A00005328,Yahya Dadi,JA898517,31,Bachelor,5 Rue Al Houda,Guelmim,81000.0,Y,7,Y,Own
2869,A00006598,Khaoula Barghoud,X945033,28,Bachelor,41 Residence Zerktouni,Mnasra,,Y,6,Y,Own
2870,A00005499,Aziza Amrani,R930468,54,Bachelor,43 Hay Al Houda,El Hoceima,32000.0,Y,2,Y,Own
2871,A00005541,Aya Salhi,DN361726,64,MD,22 Rue El Fadl,Meknes,50010.0,Y,3,Y,Own
2872,A00000991,Yahya Jamal,X771590,56,High School,4 Residence Salam,Bzou,,N,3,Y,Mortgage
2873,A00001227,Kawtar Ouazzani,EE295813,46,Bachelor,23 Residence Bernoussi,Marrakech,40000.0,Y,7,Y,Rent
2874,A00006767,Salma El Fassi,X296202,37,Masters,28 Avenue Al Qods,Bir Gandouz,,Y,2,Y,Rent
2875,A00008084,Mohammed Amine Alaoui,X213157,25,High School,4 Boulevard Al Houda,Imilchil,,N,3,Y,Rent
2876,A00008053,Youssef Amrani,EE222008,62,Bachelor,22 Avenue Al Qods,Marrakech,40000.0,N,4,Y,Rent
2877,A00007831,Omar Barghoud,X203481,60,Bachelor,40 Lotissement Bernoussi,Agourai,,Y,3,N,Mortgage
2878,A00007427,Salma Benali,F131156,48,Bachelor,1 Avenue Al Qods,Oujda,60010.0,Y,7,Y,Mortgage
2879,A00001830,Fatima Ezzahra  Tahiri,BJ137322,56,Masters,6 Avenue Salam,Casablanca,20220.0,Y,5,Y,Own
2880,A00009357,Taha Radi,AG748328,48,PhD,10 Lotissement Mohammed V,Rabat,11025.0,Y,4,Y,Rent
2881,A00008153,Fatima Ezzahra  El Idrissi,SA178036,27,Bachelor,2 Residence Hassan II,Nador,62000.0,Y,5,Y,Mortgage
2882,A00008281,Jamila Mansour,CB151986,35,Masters,26 Avenue Al Qods,Sefrou,31000.0,N,3,Y,Own
2883,A00009295,Salma Metouali,AG715425,31,Bachelor,21 Avenue Hlioua,Rabat,11025.0,N,6,N,Mortgage
2884,A00002914,Yahya Alaoui,EE938268,58,Bachelor,1 Hay Mohammed V,Marrakech,40000.0,Y,7,Y,Own
2885,A00007651,Noha Bachri,AG752490,38,High School,15 Lotissement Al Massira,Rabat,11025.0,N,4,Y,Mortgage
2886,A00006918,Amine Lahlou,DN167209,40,Bachelor,47 Hay Al Houda,Meknes,50010.0,Y,7,Y,Rent
2887,A00004664,Youssef Benali,FA273222,47,Bachelor,36 Avenue Mohammed V,Berkane,60300.0,Y,3,Y,Rent
2888,A00007066,Hamza Mansour,X927714,35,High School,1 Lotissement Al Houda,Teroual,,Y,4,Y,Rent
2889,A00001771,Hassan Amine,BJ635348,42,High School,8 Hay Salam,Casablanca,20220.0,Y,7,Y,Mortgage
2890,A00000692,Salma Moufkir ,KB597824,31,Bachelor,12 Boulevard El Fadl,Tanger,90053.0,Y,7,Y,Rent
2891,A00009680,Aziza Barghoud,BJ635552,30,Masters,48 Rue El Fadl,Casablanca,20220.0,Y,5,Y,Own
2892,A00007598,Hassan Salhi,L117495,44,Bachelor,24 Avenue Mohammed V,Tetouan,93000.0,Y,2,Y,Rent
2893,A00009466,Hajar Alaoui,X989821,37,High School,36 Boulevard Al Massira,Lamsid,,Y,6,Y,Mortgage
2894,A00006078,Khaoula Mansar,JK458427,35,Bachelor,39 Residence Al Massira,Agadir,80000.0,N,4,N,Rent
2895,A00000259,Youssef Tazi,X391211,48,Bachelor,33 Residence Al Houda,Agourai,,Y,3,Y,Own
2896,A00003025,Othmane Amine,CC480378,55,Bachelor,27 Hay El Fadl,Fes,30000.0,N,6,Y,Own
2897,A00007391,Youssef Moufkir ,JC916900,54,,43 Avenue Hlioua,Taaroudant,83000.0,Y,2,Y,Rent
2898,A00003096,Hamza Bennani,JK283184,61,High School,15 Hay Zerktouni,Agadir,80000.0,Y,6,Y,Rent
2899,A00006266,Amine Skalli,BJ581240,28,High School,37 Hay Hassan II,Casablanca,20220.0,Y,2,Y,Rent
2900,A00007627,Hamza Fakhir,X673237,62,High School,27 Avenue Al Qods,Guelta Zemmur,,Y,3,Y,Mortgage
2901,A00007069,Meryem Ouazzani,AB522684,43,,15 Residence Al Houda,Sale,11000.0,Y,5,Y,Rent
2902,A00007518,Aziza Tazi,JK449508,42,Bachelor,23 Residence Hlioua,Agadir,80000.0,Y,5,Y,Rent
2903,A00009536,Zineb Bate,M934358,60,Bachelor,33 Rue Hassan II,El Jadida,24010.0,Y,5,N,Rent
2904,A00005021,Mohamed Benchikh,X737941,58,Bachelor,47 Lotissement Al Massira,Imsouane,,Y,3,Y,Own
2905,A00002599,Noha Amrani,CC831074,49,High School,16 Residence Mohammed V,Fes,30000.0,N,6,Y,Rent
2906,A00001763,Omar Tazi,X676637,55,Bachelor,28 Avenue Al Houda,Kalaat M'Gouna,,N,2,N,Own
2907,A00002042,Othmane Benali,CC284452,62,High School,37 Hay Al Houda,Fes,30000.0,Y,5,Y,Rent
2908,A00006142,Khadija Fadili,DN665248,32,High School,16 Rue El Fadl,Meknes,50010.0,Y,2,Y,Rent
2909,A00004140,Hassan Moufkir ,X307719,51,,1 Avenue Hassan II,Tahla,,Y,4,N,Rent
2910,A00001689,Yahya Fakhir,EE301177,38,Bachelor,24 Boulevard Salam,Marrakech,40000.0,N,6,Y,Own
2911,A00008979,Mohamed Tazi,HH140966,39,Masters,22 Rue Mohammed V,Safi,46000.0,Y,7,Y,Mortgage
2912,A00004776,Hassan Jamal,X584278,36,MD,31 Lotissement Salam,Oum Dreyga,,Y,7,Y,Own
2913,A00003556,Mohamed El Yousfi,X575924,62,High School,6 Boulevard El Fadl,Temara,,Y,4,Y,Rent
2914,A00009796,Rachida Oufkir,KB331351,56,High School,8 Boulevard Hlioua,Tanger,90053.0,Y,2,Y,Mortgage
2915,A00008335,Aziza Amine,EE867632,53,Bachelor,30 Rue Hassan II,Marrakech,40000.0,N,6,N,Own
2916,A00009907,Amine Bennani,X978775,42,,1 Boulevard Al Houda,Tafraout,,Y,3,N,Own
2917,A00005232,Amine Bachri,SA721099,30,Bachelor,12 Lotissement Salam,Nador,62000.0,N,2,Y,Rent
2918,A00006137,Taha Amrani,LC919141,44,,7 Lotissement Al Houda,Chefchaouen,91000.0,Y,6,Y,Own
2919,A00008932,Jamila Tazi,AG895226,31,Bachelor,23 Rue El Fadl,Rabat,11025.0,Y,4,Y,Mortgage
2920,A00007991,Rania El Yousfi,BJ325587,34,High School,45 Lotissement Al Houda,Casablanca,20220.0,Y,6,Y,Own
2921,A00002474,Hamza Bennani,P679131,26,Bachelor,7 Lotissement Al Houda,Ouarzazate,45000.0,N,2,Y,Mortgage
2922,A00001519,Youssef Fadili,JK610274,50,College,2 Lotissement Al Massira,Agadir,80000.0,N,3,Y,Own
2923,A00001593,Noha Bate,P735293,50,High School,15 Avenue Al Massira,Ouarzazate,45000.0,Y,7,Y,Rent
2924,A00003917,Omar Fakhir,KB619417,62,Bachelor,29 Residence Mohammed V,Tanger,90053.0,Y,3,N,Rent
2925,A00000437,Adam Alaoui,EE998189,29,Bachelor,27 Boulevard Al Massira,Marrakech,40000.0,N,5,Y,Rent
2926,A00003914,Salma Amrani,X525226,35,High School,10 Hay Bernoussi,Trougout,,Y,4,Y,Rent
2927,A00006061,Adam Tazi,BJ705962,54,PhD,44 Boulevard Al Houda,Casablanca,20220.0,N,5,Y,Own
2928,A00008433,Rachida Amine,JK627202,43,College,30 Residence Al Qods,Agadir,80000.0,Y,5,Y,Mortgage
2929,A00008425,Taha El Yousfi,EE242134,28,Bachelor,31 Boulevard Zerktouni,Marrakech,40000.0,N,3,Y,Mortgage
2930,A00000561,Mohamed Benali,G427396,47,High School,15 Residence Bernoussi,Kenitra,14110.0,N,5,Y,Mortgage
2931,A00004544,Youssef Jamal,X998075,64,Bachelor,12 Avenue Hlioua,Tidili Mesfioua,,Y,4,Y,Mortgage
2932,A00001105,Meryem Fakhir,X635864,34,MD,6 Residence Salam,Aklim,,Y,5,Y,Rent
2933,A00000136,Taha Bachri,AG409287,63,,47 Residence Al Massira,Rabat,11025.0,Y,5,Y,Rent
2934,A00009986,Mohamed Ouazzani,AG996171,29,Bachelor,49 Hay Salam,Rabat,11025.0,Y,7,Y,Mortgage
2935,A00009973,Kaoutar Amine,JK637992,33,High School,18 Avenue El Fadl,Agadir,80000.0,Y,7,Y,Mortgage
2936,A00000969,Omar Benchikh,X561242,43,College,37 Residence El Fadl,Oualidia,,N,4,Y,Mortgage
2937,A00008977,Rachida Farissi,BJ521022,42,PhD,45 Lotissement Al Houda,Casablanca,20220.0,N,2,Y,Rent
2938,A00002910,Khadija Fadili,X898170,62,Bachelor,25 Lotissement Zerktouni,Ras El Ma,,N,2,Y,Own
2939,A00008583,Kaoutar Alaoui,CC126096,40,College,43 Hay Al Qods,Fes,30000.0,Y,5,N,Own
2940,A00001682,Kawtar Skalli,CB930537,35,High School,22 Avenue Hassan II,Sefrou,31000.0,Y,3,Y,Mortgage
2941,A00001337,Taha Ouazzani,KB679193,37,Bachelor,24 Lotissement Bernoussi,Tanger,90053.0,Y,4,Y,Rent
2942,A00005394,Kawtar Moufkir ,X256915,60,Bachelor,45 Avenue Al Houda,Tiztoutine,,Y,5,Y,Mortgage
2943,A00002046,Youssef Salhi,SA630311,61,High School,14 Avenue Hassan II,Nador,62000.0,N,6,Y,Rent
2944,A00006181,Hiba Banoune,X687072,40,PhD,46 Lotissement El Fadl,Tinjdad,,Y,4,Y,Own
2945,A00009389,Youssef Amrani,EA347132,44,,1 Avenue Al Houda,Ben Guerir,43150.0,Y,4,Y,Own
2946,A00000201,Mohammed Amine Moufkir ,N481597,37,College,9 Hay Bernoussi,Essaouira,44000.0,Y,6,Y,Own
2947,A00009150,Youssef El Yousfi,JK808993,47,Masters,40 Boulevard Bernoussi,Agadir,80000.0,Y,6,Y,Rent
2948,A00008163,Rachida Lahlou,AG365534,45,High School,37 Rue Mohammed V,Rabat,11025.0,N,5,Y,Own
2949,A00009845,Zineb Dadi,N749142,47,Masters,47 Avenue Zerktouni,Essaouira,44000.0,Y,7,Y,Own
2950,A00001016,Mohamed Tahiri,G954386,31,High School,12 Avenue Al Massira,Kenitra,14110.0,Y,4,Y,Own
2951,A00000405,Amine Tahiri,X206536,51,High School,46 Residence Salam,Tata,,Y,3,Y,Own
2952,A00008121,Omar Dadi,X725976,43,Bachelor,34 Avenue El Fadl,Rancho Palos Verdes,,Y,4,Y,Own
2953,A00002364,Zineb Radi,X561478,49,Bachelor,39 Hay Al Massira,Tounfite,,Y,6,Y,Rent
2954,A00007014,Hajar Eddoughmi,EE877507,27,High School,2 Lotissement Mohammed V,Marrakech,40000.0,Y,7,Y,Own
2955,A00004369,Adam Oufkir,AG815574,36,MD,41 Boulevard Mohammed V,Rabat,11025.0,N,3,Y,Rent
2956,A00003007,Youssef Dadi,DN546746,48,High School,22 Lotissement Al Massira,Meknes,50010.0,N,5,Y,Mortgage
2957,A00006625,Meryem Bachri,DN170465,46,Bachelor,21 Boulevard El Fadl,Meknes,50010.0,Y,5,Y,Own
2958,A00007409,Hiba Tazi,CC910108,33,High School,33 Avenue Al Houda,Fes,30000.0,N,3,Y,Mortgage
2959,A00008789,Fatima Barghoud,DN930644,46,College,6 Rue Hassan II,Meknes,50010.0,Y,4,Y,Rent
2960,A00002592,Aziza Mansar,AG623062,46,Bachelor,7 Residence Mohammed V,Rabat,11025.0,Y,7,Y,Own
2961,A00003340,Othmane El Fassi,DN110798,44,College,49 Residence Hlioua,Meknes,50010.0,Y,6,Y,Mortgage
2962,A00001414,Khadija Skalli,X550721,51,,40 Hay Hassan II,Bouznika,,Y,6,Y,Rent
2963,A00003967,Aya Moufkir ,KB130451,44,College,41 Residence Hassan II,Tanger,90053.0,Y,6,Y,Rent
2964,A00009258,Khaoula Barghoud,X976588,38,Bachelor,35 Rue Al Massira,Imsouane,,Y,5,Y,Mortgage
2965,A00009951,Rania El Yousfi,X724945,52,,11 Rue Mohammed V,Echemmaia,,Y,4,Y,Rent
2966,A00006591,Kaoutar Amrani,M769212,51,Masters,1 Residence Al Houda,El Jadida,24010.0,Y,6,Y,Own
2967,A00006507,Jamila Amine,N152270,48,Bachelor,15 Rue Al Qods,Essaouira,44000.0,Y,7,Y,Mortgage
2968,A00006375,Mohamed Amine,EE554769,48,High School,8 Residence Hlioua,Marrakech,40000.0,Y,6,Y,Rent
2969,A00006952,Ahmed Amine,AB520665,59,Bachelor,35 Residence El Fadl,Sale,11000.0,Y,7,Y,Rent
2970,A00006768,Zineb Benali,AB135576,31,MD,13 Hay El Fadl,Sale,11000.0,N,4,Y,Mortgage
2971,A00008486,Kaoutar Fadili,X800158,27,Bachelor,13 Residence El Fadl,Asilah,,Y,3,Y,Own
2972,A00001228,Malak Benali,AB998865,57,,9 Hay Hassan II,Sale,11000.0,N,4,Y,Rent
2973,A00009244,Omar Tazi,X133520,33,College,19 Avenue Hassan II,Oulad Teima,,Y,2,Y,Rent
2974,A00005072,Malak Amrani,CC164167,36,PhD,28 Residence El Fadl,Fes,30000.0,Y,6,Y,Own
2975,A00008856,Omar Amine,AG955845,26,College,23 Rue El Fadl,Rabat,11025.0,N,7,Y,Rent
2976,A00007532,Hamza Amrani,JK395246,56,Bachelor,7 Avenue Al Houda,Agadir,80000.0,Y,6,Y,Own
2977,A00006648,Rachida Radi,X392756,62,Bachelor,7 Boulevard Hlioua,Khourubga,25000.0,Y,6,Y,Mortgage
2978,A00009541,Kawtar Tahiri,N116428,53,Bachelor,30 Lotissement Mohammed V,Essaouira,44000.0,Y,5,N,Own
2979,A00007498,Adam Benchikh,BJ293206,61,Bachelor,26 Hay Zerktouni,Casablanca,20220.0,Y,3,Y,Own
2980,A00007046,Zineb Ouazzani,X412173,55,High School,34 Hay Bernoussi,Khourubga,25000.0,N,6,Y,Own
2981,A00010000,Kaoutar Benali,G397514,34,PhD,42 Boulevard Al Qods,Kenitra,14110.0,Y,4,N,Own
2982,A00003284,Malak Bachri,CB994551,56,High School,4 Hay Al Massira,Sefrou,31000.0,Y,2,Y,Rent
2983,A00007928,Youssef Alaoui,G834887,57,,44 Avenue Al Houda,Kenitra,14110.0,Y,2,Y,Mortgage
2984,A00005708,Omar Radi,X508912,59,Bachelor,36 Avenue Al Massira,Zerkten,,Y,5,Y,Rent
2985,A00001175,Mohamed Alaoui,AB927633,30,Bachelor,20 Hay Al Qods,Sale,11000.0,Y,7,Y,Mortgage
2986,A00009259,Ahmed Bate,X281255,56,Bachelor,9 Boulevard Bernoussi,Oulad Tayeb,,Y,3,Y,Mortgage
2987,A00002366,Adam Amrani,BJ344942,50,Bachelor,37 Rue Al Houda,Casablanca,20220.0,Y,6,Y,Own
2988,A00002140,Khaoula Benali,CC746943,48,High School,18 Lotissement Centrale,Fes,30000.0,N,7,Y,Rent
2989,A00003687,Zineb Eddoughmi,X319251,26,Bachelor,9 Hay Hassan II,Ayt Youssef Ou Ali,,Y,2,Y,Mortgage
2990,A00008717,Hamza Barghoud,X888795,33,,46 Lotissement Hassan II,Asilah,,Y,5,Y,Rent
2991,A00006367,Kawtar El Yousfi,P814621,32,Bachelor,47 Rue Hlioua,Ouarzazate,45000.0,Y,3,Y,Mortgage
2992,A00001598,Fatima Ezzahra  Berrada,F384832,45,Bachelor,27 Hay Bernoussi,Oujda,60010.0,Y,4,Y,Rent
2993,A00008783,Youssef Bennani,JE200984,50,High School,25 Avenue Salam,Tiznit,85000.0,N,5,N,Mortgage
2994,A00006241,Noha Mansour,M986362,51,High School,49 Hay Bernoussi,El Jadida,24010.0,Y,6,Y,Own
2995,A00007688,Amine Fadili,X740527,35,High School,7 Residence Mohammed V,El Menzel,,Y,4,Y,Mortgage
2996,A00006010,Kawtar Barghoud,JK813335,39,Masters,32 Avenue Hlioua,Agadir,80000.0,N,4,Y,Mortgage
2997,A00003095,Omar Amrani,DN136631,48,Bachelor,28 Residence Al Houda,Meknes,50010.0,N,4,Y,Own
2998,A00001745,Fatima Tazi,BJ232694,33,High School,8 Hay Salam,Casablanca,20220.0,N,6,Y,Rent
2999,A00004631,Khaoula El Idrissi,BJ254852,34,High School,22 Hay Mohammed V,Casablanca,20220.0,Y,5,Y,Rent
3000,A00003405,Khaoula Amine,AG773632,54,High School,28 Lotissement Hlioua,Rabat,11025.0,N,5,N,Mortgage
3001,A00005424,Aya Eddoughmi,EE567719,62,MD,35 Avenue Mohammed V,Marrakech,40000.0,Y,4,Y,Rent
3002,A00009878,Hamza Bachri,X521159,50,College,32 Lotissement Salam,Shady Side,,Y,4,Y,Own
3003,A00008767,Yahya Ouazzani,X976028,33,College,42 Lotissement Al Qods,Warren,,Y,2,Y,Mortgage
3004,A00007935,Rachida Metouali,AG963743,50,College,4 Lotissement Bernoussi,Rabat,11025.0,Y,3,N,Rent
3005,A00003786,Rachida Radi,N641468,57,Bachelor,23 Lotissement Bernoussi,Essaouira,44000.0,N,6,N,Rent
3006,A00008268,Kaoutar Kibala,N986126,46,College,32 Avenue Al Qods,Essaouira,44000.0,Y,2,Y,Own
3007,A00008021,Khaoula Lahlou,JK977869,54,College,2 Lotissement Zerktouni,Agadir,80000.0,Y,2,Y,Rent
3008,A00003685,Omar Ouazzani,X703720,26,MD,42 Residence Salam,Boujdour,,Y,4,Y,Own
3009,A00004527,Hajar Skalli,X439510,33,Bachelor,35 Hay Al Houda,Nzalat,,Y,7,Y,Mortgage
3010,A00009967,Othmane Bennani,JK369496,59,College,14 Boulevard Mohammed V,Agadir,80000.0,Y,5,Y,Rent
3011,A00002885,Hassan El Idrissi,L597004,55,Masters,28 Hay Salam,Tetouan,93000.0,Y,5,Y,Rent
3012,A00002543,Zineb Farissi,KB756175,47,Bachelor,20 Rue El Fadl,Tanger,90053.0,Y,3,Y,Mortgage
3013,A00008746,Rachida Bate,F302466,39,High School,35 Hay Centrale,Oujda,60010.0,Y,2,Y,Own
3014,A00004304,Omar Mansar,X821007,53,Bachelor,27 Lotissement Al Massira,Bahouda,,N,4,Y,Rent
3015,A00003368,Omar Tahiri,X739439,31,,36 Boulevard Al Massira,Sidi Rahal,,N,4,Y,Own
3016,A00000462,Adam Bate,G415623,42,Bachelor,30 Rue Al Houda,Kenitra,14110.0,Y,5,Y,Rent
3017,A00003232,Adam Lahlou,DN422905,57,PhD,14 Residence Hlioua,Meknes,50010.0,Y,6,Y,Mortgage
3018,A00002143,Meryem Barghoud,CB977642,59,Masters,48 Avenue Salam,Sefrou,31000.0,Y,6,Y,Rent
3019,A00003317,Taha Bachri,X236401,50,Masters,29 Residence Al Houda,Beni Ensar,,Y,7,Y,Rent
3020,A00008449,Aya Farissi,CC108819,30,MD,45 Avenue Salam,Fes,30000.0,Y,7,Y,Rent
3021,A00008630,Omar Tazi,AB145001,47,,5 Rue Mohammed V,Sale,11000.0,Y,6,Y,Own
3022,A00008594,Amine El Idrissi,CB130310,51,Bachelor,33 Lotissement Al Houda,Sefrou,31000.0,Y,3,Y,Rent
3023,A00005030,Hamza Metouali,AB749074,33,Bachelor,17 Hay Bernoussi,Sale,11000.0,N,3,Y,Own
3024,A00001403,Mohamed Amine,X437222,39,Bachelor,45 Boulevard Hlioua,Tinejdad,,Y,5,Y,Mortgage
3025,A00004476,Mohamed Tazi,CC298447,62,PhD,26 Hay Hlioua,Fes,30000.0,Y,4,Y,Own
3026,A00008501,Omar Fadili,BJ375676,58,High School,30 Hay El Fadl,Casablanca,20220.0,Y,6,Y,Mortgage
3027,A00002300,Rania Farissi,DN575300,64,Bachelor,39 Hay Hlioua,Meknes,50010.0,Y,6,Y,Own
3028,A00006618,Ahmed Fakhir,WA422156,28,MD,16 Lotissement Al Houda,Berrechid,26100.0,Y,3,Y,Mortgage
3029,A00006047,Hamza Amrani,X593742,52,Masters,44 Hay Salam,Lalla Mimouna,,N,5,Y,Rent
3030,A00005382,Jamila Farissi,M696575,50,Masters,42 Avenue Mohammed V,El Jadida,24010.0,N,7,Y,Own
3031,A00007759,Youssef Fadili,AG480293,46,PhD,1 Avenue Salam,Rabat,11025.0,Y,2,N,Mortgage
3032,A00000509,Omar El Yousfi,EE832797,35,Bachelor,33 Rue Mohammed V,Marrakech,40000.0,Y,4,Y,Rent
3033,A00007376,Adam Fakhir,F743801,56,Bachelor,47 Hay Zerktouni,Oujda,60010.0,N,4,Y,Mortgage
3034,A00009923,Meryem El Fassi,DN634654,61,High School,44 Hay Al Qods,Meknes,50010.0,Y,7,Y,Own
3035,A00003255,Hassan El Idrissi,X664285,63,,42 Boulevard Bernoussi,Sidi Yahya Zaer,,Y,4,Y,Mortgage
3036,A00002733,Jamila Bate,KB387836,48,Bachelor,3 Lotissement Zerktouni,Tanger,90053.0,Y,2,Y,Rent
3037,A00006147,Yahya Mansar,EE970598,53,High School,49 Residence Mohammed V,Marrakech,40000.0,Y,4,Y,Mortgage
3038,A00002515,Hassan El Idrissi,X754446,43,Masters,31 Lotissement Zerktouni,Bab Berred,,N,3,N,Rent
3039,A00000518,Othmane Dadi,L740058,45,,15 Boulevard Al Qods,Tetouan,93000.0,Y,3,Y,Rent
3040,A00004887,Kaoutar Fakhir,L756532,64,Bachelor,21 Boulevard Zerktouni,Tetouan,93000.0,Y,5,Y,Mortgage
3041,A00009962,Malak Salhi,AG926170,28,Bachelor,24 Hay Bernoussi,Rabat,11025.0,N,6,N,Mortgage
3042,A00003153,Yahya Ouazzani,JK944270,44,College,30 Residence Al Massira,Agadir,80000.0,Y,4,Y,Mortgage
3043,A00007125,Mohammed Amine Lahlou,R562664,62,,18 Boulevard Hassan II,El Hoceima,32000.0,Y,2,Y,Own
3044,A00007588,Adam Tazi,BJ505653,63,High School,41 Hay Al Houda,Casablanca,20220.0,Y,3,Y,Mortgage
3045,A00005746,Hamza Metouali,EE495336,31,Bachelor,19 Boulevard Mohammed V,Marrakech,40000.0,Y,5,Y,Rent
3046,A00008918,Amine Bachri,X307118,44,Bachelor,42 Avenue Salam,Krouchen,,Y,4,Y,Mortgage
3047,A00001982,Taha Tazi,BJ908467,41,High School,5 Boulevard El Fadl,Casablanca,20220.0,Y,2,N,Mortgage
3048,A00003979,Kaoutar Alaoui,X523474,63,PhD,16 Hay Al Massira,Ras El Ma,,Y,5,N,Mortgage
3049,A00003229,Othmane Mansar,N935949,25,Bachelor,49 Rue Al Houda,Essaouira,44000.0,N,2,Y,Own
3050,A00008951,Fatima Mansar,HH398663,46,High School,18 Avenue Salam,Safi,46000.0,Y,2,Y,Rent
3051,A00004722,Hassan Barghoud,X284452,63,College,15 Hay Bernoussi,Dar Gueddari,,Y,2,Y,Mortgage
3052,A00006638,Hajar Ouazzani,X462164,48,Masters,20 Hay Al Houda,Aguelmous,,Y,7,Y,Rent
3053,A00003278,Taha Fakhir,M983697,38,PhD,34 Hay Al Qods,El Jadida,24010.0,N,2,Y,Mortgage
3054,A00005348,Jamila Benchikh,AB688190,33,Bachelor,49 Residence Salam,Sale,11000.0,Y,3,Y,Mortgage
3055,A00000224,Zineb Kibala,L792495,49,,26 Lotissement Mohammed V,Tetouan,93000.0,N,2,Y,Rent
3056,A00002118,Yahya El Fassi,BJ521380,47,High School,47 Avenue Al Massira,Casablanca,20220.0,N,3,Y,Rent
3057,A00009136,Khadija El Fassi,AB252409,48,Bachelor,43 Hay Mohammed V,Sale,11000.0,Y,5,Y,Rent
3058,A00003445,Hiba Fadili,G144824,49,College,18 Residence Hassan II,Kenitra,14110.0,Y,7,Y,Mortgage
3059,A00000096,Ahmed El Yousfi,ZG959558,55,High School,11 Boulevard Al Massira,Guercif,37000.0,Y,7,Y,Mortgage
3060,A00000526,Noha Tazi,X722062,35,High School,15 Boulevard Salam,Ahfir,,Y,2,Y,Mortgage
3061,A00005655,Salma Banoune,X355403,47,,5 Hay Al Massira,Ouezzane,,Y,4,Y,Rent
3062,A00007351,Zineb Amrani,JK719709,64,High School,30 Residence El Fadl,Agadir,80000.0,Y,7,Y,Mortgage
3063,A00002070,Adam Amrani,AG738422,47,High School,26 Boulevard Al Qods,Rabat,11025.0,Y,5,Y,Rent
3064,A00002620,Aya El Fassi,L868588,63,College,36 Residence Al Houda,Tetouan,93000.0,Y,3,Y,Own
3065,A00005777,Zineb Mansour,DN798793,41,College,2 Boulevard Zerktouni,Meknes,50010.0,Y,4,Y,Rent
3066,A00007045,Amine Fadili,EE200357,49,MD,41 Residence Salam,Marrakech,40000.0,Y,6,Y,Mortgage
3067,A00005233,Rania El Yousfi,X295658,35,High School,16 Lotissement Centrale,Jorf El Melha,,N,3,Y,Own
3068,A00009820,Yahya Amine,X347773,25,Bachelor,5 Hay Bernoussi,Bou Ahmed,,Y,2,Y,Mortgage
3069,A00000582,Othmane Benchikh,AG394671,25,PhD,34 Residence Zerktouni,Rabat,11025.0,N,6,Y,Own
3070,A00007837,Hamza El Idrissi,LA113784,57,Bachelor,22 Residence Mohammed V,Larache,92000.0,N,4,Y,Own
3071,A00009232,Youssef Dadi,JK843085,44,MD,44 Boulevard El Fadl,Agadir,80000.0,Y,3,Y,Rent
3072,A00003449,Khaoula Radi,N828225,26,Bachelor,26 Residence Salam,Essaouira,44000.0,Y,7,Y,Mortgage
3073,A00002877,Omar Tahiri,BJ514867,33,High School,26 Lotissement Hlioua,Casablanca,20220.0,N,7,Y,Rent
3074,A00006113,Omar Benali,EE845643,31,Masters,38 Avenue Hassan II,Marrakech,40000.0,Y,7,Y,Own
3075,A00005986,Rania Alaoui,X471074,28,Bachelor,6 Boulevard El Fadl,,,Y,2,Y,Mortgage
3076,A00002271,Noha Lahlou,KB546133,30,High School,17 Residence Al Houda,Tanger,90053.0,Y,2,Y,Mortgage
3077,A00000631,Ahmed Tazi,BJ509449,48,High School,5 Boulevard El Fadl,Casablanca,20220.0,Y,6,N,Rent
3078,A00006904,Fatima Oufkir,X170133,25,High School,48 Hay Hlioua,Ait Melloul,,Y,7,Y,Own
3079,A00007953,Amine Berrada,X568452,58,Masters,25 Lotissement Zerktouni,Ras El Ma,,Y,6,Y,Rent
3080,A00008241,Rachida Radi,AG941234,34,High School,2 Residence Al Houda,Rabat,11025.0,Y,7,Y,Own
3081,A00000229,Khadija Bate,GK413458,44,Bachelor,41 Hay Al Houda,Sidi Kacem,16000.0,Y,4,Y,Mortgage
3082,A00006606,Othmane El Fassi,X920329,35,High School,17 Rue Centrale,Erfoud,,Y,4,Y,Own
3083,A00003664,Khaoula Amrani,AB881549,51,Bachelor,11 Rue Zerktouni,Sale,11000.0,Y,7,Y,Own
3084,A00004637,Hajar Farissi,G556104,27,High School,5 Hay Hassan II,Kenitra,14110.0,Y,4,Y,Own
3085,A00000398,Fatima Ezzahra  Tahiri,JA766890,55,High School,28 Avenue Al Houda,Guelmim,81000.0,Y,3,Y,Mortgage
3086,A00006576,Omar Amrani,AG533812,28,Bachelor,14 Lotissement Hassan II,Rabat,11025.0,Y,6,Y,Mortgage
3087,A00003739,Omar Bachri,G438704,40,,26 Hay Centrale,Kenitra,14110.0,Y,2,N,Rent
3088,A00008668,Khadija Banoune,SH663667,46,Masters,11 Boulevard El Fadl,Laayoune,70000.0,Y,7,Y,Rent
3089,A00004457,Taha Benchikh,X625916,34,Bachelor,49 Lotissement Al Houda,Setti Fatma,,N,7,Y,Rent
3090,A00008419,Mohammed Amine Tahiri,KB147167,34,High School,22 Rue Centrale,Tanger,90053.0,N,7,Y,Mortgage
3091,A00002470,Othmane Amine,CB716159,64,High School,15 Boulevard Hassan II,Sefrou,31000.0,Y,6,Y,Rent
3092,A00002254,Omar Salhi,HH800790,28,Bachelor,28 Avenue Hassan II,Safi,46000.0,Y,4,Y,Own
3093,A00001214,Othmane Alaoui,X977683,25,High School,21 Avenue Al Qods,Zagora,,Y,6,Y,Own
3094,A00000792,Jamila Fadili,JC103127,52,Masters,26 Boulevard Centrale,Taaroudant,83000.0,N,3,Y,Rent
3095,A00003457,Jamila Eddoughmi,EE672666,27,Bachelor,45 Avenue El Fadl,Marrakech,40000.0,Y,7,Y,Mortgage
3096,A00003567,Aya Alaoui,JK374988,50,High School,40 Lotissement Al Massira,Agadir,80000.0,N,7,Y,Rent
3097,A00006679,Meryem Radi,X589749,48,High School,44 Avenue El Fadl,Sidi Harazem,,N,2,Y,Mortgage
3098,A00009492,Khaoula Mansour,N141053,53,Masters,23 Lotissement Bernoussi,Essaouira,44000.0,Y,3,Y,Mortgage
3099,A00001671,Kawtar Benali,G329233,54,MD,35 Lotissement Al Qods,Kenitra,14110.0,Y,6,Y,Own
3100,A00001237,Othmane Bate,X261148,25,Bachelor,32 Avenue Hlioua,Aghbala,,N,4,Y,Own
3101,A00002101,Omar Tazi,P592561,54,Bachelor,39 Avenue El Fadl,Ouarzazate,45000.0,Y,7,Y,Rent
3102,A00005666,Kawtar Bachri,X922463,52,Bachelor,47 Boulevard Al Qods,Selouane,,Y,6,Y,Mortgage
3103,A00004775,Khaoula Fakhir,G614766,31,High School,30 Rue Al Houda,Kenitra,14110.0,Y,2,Y,Own
3104,A00003764,Youssef Moufkir ,AG568897,43,PhD,1 Hay Centrale,Rabat,11025.0,Y,4,Y,Rent
3105,A00001821,Fatima Ezzahra  Jamal,AB616586,64,Bachelor,34 Boulevard Hassan II,Sale,11000.0,N,4,Y,Own
3106,A00007908,Othmane Farissi,N885232,62,Bachelor,42 Hay Al Houda,Essaouira,44000.0,N,7,N,Rent
3107,A00001240,Aya Mansour,GK458653,34,College,27 Boulevard Hassan II,Sidi Kacem,16000.0,Y,7,Y,Mortgage
3108,A00004419,Khaoula Fadili,R498478,52,MD,22 Hay Zerktouni,El Hoceima,32000.0,N,3,N,Mortgage
3109,A00003526,Othmane Benali,X176448,25,High School,44 Hay Salam,Lalla Mimouna,,N,3,Y,Rent
3110,A00005761,Youssef Bachri,G851790,35,,49 Hay Al Massira,Kenitra,14110.0,N,4,Y,Rent
3111,A00001727,Kawtar Amine,KB495150,62,Bachelor,20 Rue El Fadl,Tanger,90053.0,N,4,N,Rent
3112,A00008442,Kawtar Jamal,X586043,35,Masters,31 Boulevard El Fadl,Tamanar,,Y,5,Y,Mortgage
3113,A00004505,Rania Bennani,BJ161335,35,High School,16 Rue Al Houda,Casablanca,20220.0,Y,4,Y,Rent
3114,A00007041,Yahya Berrada,G674735,37,MD,30 Rue Al Houda,Kenitra,14110.0,Y,6,Y,Rent
3115,A00002482,Mohamed Salhi,G100969,41,College,12 Boulevard El Fadl,Kenitra,14110.0,N,5,N,Rent
3116,A00006703,Mohammed Amine El Idrissi,EE881523,60,High School,38 Avenue Hassan II,Marrakech,40000.0,N,6,Y,Mortgage
3117,A00001212,Hassan Banoune,F849601,49,College,41 Rue Al Qods,Oujda,60010.0,N,4,Y,Mortgage
3118,A00001463,Zineb Benali,L722619,55,Bachelor,36 Lotissement El Fadl,Tetouan,93000.0,Y,7,Y,Own
3119,A00006869,Hamza Bennani,EE284015,54,Bachelor,2 Boulevard Al Massira,Marrakech,40000.0,N,6,Y,Rent
3120,A00007896,Youssef Fadili,X261779,53,Bachelor,2 Hay Hlioua,Nzalat,,Y,2,Y,Rent
3121,A00003635,Khadija Radi,X737640,62,College,33 Hay Bernoussi,Ben Taieb,,N,3,Y,Mortgage
3122,A00004004,Amine El Fassi,X591217,33,High School,38 Boulevard Mohammed V,Youssoufia,,Y,7,Y,Mortgage
3123,A00001050,Hajar Moufkir ,DA461425,30,Bachelor,8 Boulevard Mohammed V,Azrou,53100.0,Y,6,Y,Mortgage
3124,A00005501,Kawtar Berrada,F259179,53,PhD,20 Residence Al Qods,Oujda,60010.0,N,2,Y,Own
3125,A00003364,Hiba Fadili,X756487,63,Bachelor,45 Lotissement Al Massira,Nouaceur,,N,7,Y,Rent
3126,A00006373,Kaoutar Lahlou,X550006,43,High School,4 Boulevard Al Houda,Imilchil,,N,2,Y,Rent
3127,A00009167,Youssef Fadili,JK838958,43,Masters,13 Avenue Al Houda,Agadir,80000.0,Y,2,Y,Own
3128,A00007011,Mohamed Oufkir,X751478,56,Bachelor,43 Boulevard Centrale,Tahannaout,,N,5,Y,Rent
3129,A00009588,Ahmed Benali,AG196755,52,College,49 Hay Salam,Rabat,11025.0,Y,5,Y,Mortgage
3130,A00008062,Omar Amine,W474813,48,Bachelor,8 Boulevard Hlioua,Settat,26000.0,Y,4,Y,Rent
3131,A00002639,Youssef Benali,F550378,39,Bachelor,48 Boulevard Hlioua,Oujda,60010.0,Y,7,Y,Own
3132,A00009251,Hiba Amrani,SA229792,50,Bachelor,47 Lotissement Centrale,Nador,62000.0,Y,3,Y,Rent
3133,A00008525,Mohammed Amine Benali,FB718627,55,MD,5 Avenue El Fadl,Taourirt,65000.0,N,4,Y,Mortgage
3134,A00003208,Fatima Oufkir,X305347,60,High School,17 Rue Centrale,,,Y,7,Y,Own
3135,A00000399,Salma Benali,AG754139,54,Bachelor,33 Hay Bernoussi,Rabat,11025.0,N,6,Y,Mortgage
3136,A00005355,Adam El Idrissi,GK346570,39,Masters,38 Boulevard Al Houda,Sidi Kacem,16000.0,Y,6,Y,Mortgage
3137,A00008701,Fatima Mansour,KB391150,49,Masters,37 Rue Hlioua,Tanger,90053.0,Y,3,Y,Own
3138,A00005988,Hiba Oufkir,QA922961,35,High School,42 Residence Bernoussi,Oued Zem,25200.0,Y,2,N,Own
3139,A00000388,Rachida Bennani,JK648644,51,MD,35 Residence El Fadl,Agadir,80000.0,N,7,Y,Rent
3140,A00002798,Rania Radi,BJ846609,62,Bachelor,8 Residence Bernoussi,Casablanca,20220.0,Y,3,Y,Rent
3141,A00004136,Hassan Lahlou,G848168,36,Bachelor,37 Hay Salam,Kenitra,14110.0,Y,5,Y,Mortgage
3142,A00003930,Zineb Amrani,JE160907,28,High School,34 Avenue Hlioua,Tiznit,85000.0,Y,7,N,Mortgage
3143,A00002292,Taha Benali,SH945136,26,Bachelor,38 Lotissement Al Massira,Laayoune,70000.0,Y,3,Y,Own
3144,A00009593,Fatima Barghoud,JK645341,29,Bachelor,41 Avenue Centrale,Agadir,80000.0,Y,5,Y,Own
3145,A00009911,Youssef Bachri,DN883526,60,High School,43 Avenue Al Qods,Meknes,50010.0,Y,5,Y,Mortgage
3146,A00001458,Rania Ouazzani,X918476,31,High School,40 Lotissement Al Massira,Tabant,,N,4,Y,Rent
3147,A00005051,Zineb Mansour,G463499,34,Bachelor,19 Lotissement Zerktouni,Kenitra,14110.0,Y,3,Y,Rent
3148,A00005698,Zineb Bennani,G215348,60,High School,29 Boulevard Hassan II,Kenitra,14110.0,N,6,Y,Mortgage
3149,A00006593,Hamza Skalli,N833680,32,Bachelor,37 Lotissement Al Massira,Essaouira,44000.0,Y,5,Y,Own
3150,A00001278,Yahya Ouazzani,R681601,64,Masters,18 Boulevard Hassan II,El Hoceima,32000.0,Y,2,Y,Own
3151,A00004553,Adam El Idrissi,X987294,33,Bachelor,7 Hay Salam,Ouezzane,,N,7,Y,Mortgage
3152,A00006463,Khaoula Benchikh,JK737211,45,,39 Hay Mohammed V,Agadir,80000.0,N,4,Y,Own
3153,A00006387,Omar Dadi,L267791,25,Bachelor,11 Lotissement Salam,Tetouan,93000.0,Y,2,Y,Own
3154,A00007647,Yahya Dadi,X213453,42,High School,7 Boulevard Hlioua,Khourubga,25000.0,N,3,Y,Own
3155,A00003736,Noha Metouali,CC233457,28,PhD,33 Rue Bernoussi,Fes,30000.0,N,5,N,Mortgage
3156,A00003557,Adam Benchikh,X149085,54,Bachelor,45 Hay Hlioua,Asilah,,N,7,N,Mortgage
3157,A00006208,Mohammed Amine Jamal,EE133847,55,PhD,48 Avenue Mohammed V,Marrakech,40000.0,N,4,Y,Rent
3158,A00001644,Khaoula Barghoud,BJ628085,29,High School,45 Residence Mohammed V,Casablanca,20220.0,Y,4,Y,Mortgage
3159,A00001513,Salma Mansar,X386848,60,Bachelor,25 Boulevard El Fadl,Zaouiat Ahansal,,Y,5,Y,Mortgage
3160,A00007987,Noha El Idrissi,X790356,29,Bachelor,28 Avenue Al Massira,Youssoufia,,Y,4,Y,Own
3161,A00003106,Omar Metouali,X145160,60,Bachelor,45 Rue Al Massira,Mhaya,,N,7,Y,Mortgage
3162,A00008372,Taha Metouali,KB592321,31,Bachelor,12 Avenue Bernoussi,Tanger,90053.0,Y,6,Y,Rent
3163,A00001159,Kawtar Barghoud,KB773279,34,College,31 Lotissement Mohammed V,Tanger,90053.0,N,7,Y,Mortgage
3164,A00002936,Mohammed Amine Lahlou,L937027,52,High School,15 Boulevard El Fadl,Tetouan,93000.0,Y,3,Y,Mortgage
3165,A00007814,Omar El Fassi,JK204672,61,MD,38 Lotissement Salam,Agadir,80000.0,Y,7,Y,Mortgage
3166,A00006570,Ahmed Kibala,AB673887,28,High School,34 Boulevard Hassan II,Sale,11000.0,Y,3,Y,Rent
3167,A00001362,Aya Farissi,L850514,61,Bachelor,36 Residence Al Houda,Tetouan,93000.0,Y,5,Y,Mortgage
3168,A00004294,Yahya Berrada,JK893434,30,PhD,21 Hay Hassan II,Agadir,80000.0,Y,6,Y,Rent
3169,A00006362,Omar Benchikh,HH982736,52,Bachelor,26 Rue Al Qods,Safi,46000.0,Y,3,Y,Mortgage
3170,A00009330,Youssef Benali,L380175,44,Bachelor,42 Hay Mohammed V,Tetouan,93000.0,Y,7,Y,Mortgage
3171,A00008984,Kawtar Radi,F358419,53,College,19 Lotissement Salam,Oujda,60010.0,Y,7,Y,Mortgage
3172,A00009368,Rachida Bate,KB637719,42,Bachelor,6 Residence Al Qods,Tanger,90053.0,Y,6,Y,Rent
3173,A00001796,Youssef Salhi,T826255,35,Masters,7 Lotissement Al Massira,Mohammedia,28810.0,Y,2,Y,Own
3174,A00003738,Taha Banoune,L522758,41,High School,23 Hay Hlioua,Tetouan,93000.0,N,2,Y,Mortgage
3175,A00001312,Fatima Ezzahra  Oufkir,JK783665,43,Bachelor,10 Rue Hassan II,Agadir,80000.0,Y,7,Y,Own
3176,A00000073,Mohamed Farissi,AB256939,57,High School,20 Boulevard Hassan II,Sale,11000.0,Y,4,Y,Mortgage
3177,A00005197,Hajar Ouazzani,AG764017,60,MD,6 Residence Al Qods,Rabat,11025.0,Y,3,Y,Mortgage
3178,A00001580,Jamila Ouazzani,L617442,60,Bachelor,33 Hay El Fadl,Tetouan,93000.0,Y,6,Y,Rent
3179,A00006898,Youssef Dadi,X344827,36,Bachelor,30 Lotissement Hlioua,Tifariti,,N,4,Y,Rent
3180,A00003847,Yahya Kibala,SA189233,42,PhD,4 Rue Bernoussi,Nador,62000.0,N,3,Y,Rent
3181,A00003641,Zineb Moufkir ,L658540,27,Masters,26 Avenue Salam,Tetouan,93000.0,N,4,Y,Rent
3182,A00005146,Salma El Idrissi,X793926,52,High School,17 Residence Al Qods,Tissa,,Y,4,Y,Rent
3183,A00003793,Hassan Alaoui,AG401932,53,Bachelor,49 Hay Mohammed V,Rabat,11025.0,Y,6,Y,Mortgage
3184,A00003082,Othmane Dadi,EE602944,38,Bachelor,2 Lotissement Mohammed V,Marrakech,40000.0,N,3,N,Own
3185,A00002187,Hiba Fakhir,BJ147681,28,,34 Residence Al Qods,Casablanca,20220.0,Y,3,Y,Mortgage
3186,A00002092,Ahmed Bachri,L970731,64,Bachelor,8 Lotissement El Fadl,Tetouan,93000.0,Y,5,Y,Own
3187,A00000299,Amine Metouali,L852064,48,MD,33 Avenue El Fadl,Tetouan,93000.0,Y,5,Y,Rent
3188,A00009825,Fatima El Fassi,AG395995,35,High School,31 Residence Al Houda,Rabat,11025.0,Y,6,Y,Rent
3189,A00009491,Rachida El Fassi,DN706415,32,Masters,28 Boulevard Al Houda,Meknes,50010.0,Y,3,Y,Mortgage
3190,A00000508,Hajar Oufkir,G773970,63,MD,34 Residence Centrale,Kenitra,14110.0,Y,7,Y,Own
3191,A00004741,Khaoula Tahiri,X411829,43,High School,20 Rue Al Massira,Moulay Bousselham,,Y,2,Y,Mortgage
3192,A00002192,Omar Banoune,KB166007,61,College,9 Avenue Salam,Tanger,90053.0,Y,5,Y,Own
3193,A00005894,Youssef Lahlou,X931606,29,High School,19 Lotissement Zerktouni,Zaio,,Y,3,Y,Mortgage
3194,A00008705,Malak Eddoughmi,G498744,30,Masters,40 Residence Hassan II,Kenitra,14110.0,N,2,Y,Mortgage
3195,A00002559,Othmane El Yousfi,JA915891,38,Bachelor,7 Residence Al Massira,Guelmim,81000.0,N,5,Y,Mortgage
3196,A00001831,Amine Tazi,N987550,57,High School,26 Rue Al Qods,Essaouira,44000.0,Y,4,Y,Own
3197,A00000155,Noha Fadili,G745989,34,PhD,5 Hay El Fadl,Kenitra,14110.0,Y,6,Y,Own
3198,A00008842,Fatima Tahiri,AG872601,38,MD,20 Rue Al Massira,Rabat,11025.0,Y,6,Y,Mortgage
3199,A00005827,Youssef Alaoui,CC502938,53,Bachelor,49 Residence Bernoussi,Fes,30000.0,Y,6,Y,Rent
3200,A00006669,Fatima Ezzahra  Alaoui,LC218319,55,Bachelor,26 Rue Centrale,Chefchaouen,91000.0,Y,5,N,Rent
3201,A00004965,Amine Oufkir,R861088,43,Bachelor,21 Residence Salam,El Hoceima,32000.0,Y,7,Y,Mortgage
3202,A00002375,Zineb El Idrissi,JK526621,52,Bachelor,30 Residence Al Qods,Agadir,80000.0,N,4,Y,Mortgage
3203,A00004430,Malak Benali,AB490211,55,College,27 Avenue Centrale,Sale,11000.0,Y,6,Y,Mortgage
3204,A00000208,Mohamed Lahlou,CB663298,48,Bachelor,39 Boulevard Al Houda,Sefrou,31000.0,Y,7,Y,Rent
3205,A00007117,Khaoula Bate,L503508,32,College,24 Boulevard Salam,Tetouan,93000.0,Y,6,Y,Own
3206,A00001011,Youssef Amrani,CC714926,62,High School,18 Lotissement Bernoussi,Fes,30000.0,N,2,Y,Rent
3207,A00008625,Fatima Ezzahra  Benchikh,X854524,55,Bachelor,43 Boulevard Mohammed V,Jerada,,Y,2,Y,Rent
3208,A00001794,Othmane El Yousfi,L426303,29,Bachelor,35 Boulevard Bernoussi,Tetouan,93000.0,Y,3,Y,Mortgage
3209,A00003134,Yahya Farissi,N826065,42,College,22 Rue Al Massira,Essaouira,44000.0,Y,2,Y,Mortgage
3210,A00008038,Hassan Mansour,X661277,48,High School,17 Residence Al Qods,Brikcha,,Y,2,Y,Rent
3211,A00007402,Yahya El Yousfi,EE847333,32,Bachelor,3 Avenue Hlioua,Marrakech,40000.0,Y,5,N,Own
3212,A00004150,Noha Tazi,HH976505,52,MD,30 Residence Mohammed V,Safi,46000.0,Y,7,Y,Own
3213,A00004522,Malak Mansar,AG661200,26,Bachelor,21 Lotissement Mohammed V,Rabat,11025.0,Y,5,N,Own
3214,A00007773,Kawtar El Fassi,G170184,51,Bachelor,3 Hay Centrale,Kenitra,14110.0,Y,5,Y,Mortgage
3215,A00004190,Adam Tahiri,G491061,26,MD,7 Avenue Zerktouni,Kenitra,14110.0,Y,3,Y,Own
3216,A00002626,Aya Tazi,AG403765,46,Bachelor,38 Avenue Mohammed V,Rabat,11025.0,Y,2,Y,Rent
3217,A00007306,Ahmed Kibala,X856096,45,Bachelor,44 Avenue Centrale,Zoumi,,Y,7,Y,Rent
3218,A00007425,Khadija Amrani,DN992464,45,College,7 Hay Centrale,Meknes,50010.0,N,4,Y,Rent
3219,A00003630,Jamila Mansar,X912231,52,PhD,35 Avenue Al Houda,Oulad Settout,,Y,7,Y,Mortgage
3220,A00005912,Kaoutar Mansar,F633124,50,Bachelor,1 Avenue Al Qods,Oujda,60010.0,Y,7,Y,Mortgage
3221,A00004614,Khaoula Tahiri,FA186661,31,Bachelor,37 Hay Al Massira,Berkane,60300.0,Y,5,Y,Mortgage
3222,A00005702,Taha Amine,EE608317,28,Bachelor,32 Boulevard Hassan II,Marrakech,40000.0,Y,2,Y,Mortgage
3223,A00001031,Salma Salhi,CC849981,35,Masters,42 Rue Al Houda,Fes,30000.0,Y,4,Y,Own
3224,A00009543,Youssef Lahlou,F364983,58,MD,22 Hay Zerktouni,Oujda,60010.0,Y,3,Y,Rent
3225,A00007314,Omar Banoune,G807520,50,Bachelor,37 Lotissement Mohammed V,Kenitra,14110.0,Y,7,Y,Mortgage
3226,A00004139,Kaoutar Benali,L692444,30,PhD,30 Rue Bernoussi,Tetouan,93000.0,N,6,Y,Mortgage
3227,A00006600,Aziza Mansar,X839820,26,Masters,25 Lotissement Bernoussi,Tinjdad,,Y,3,N,Mortgage
3228,A00006090,Aya Metouali,L650706,40,High School,16 Residence Salam,Tetouan,93000.0,N,6,Y,Own
3229,A00004868,Yahya Benchikh,BJ380775,36,College,22 Avenue Al Qods,Casablanca,20220.0,N,3,Y,Own
3230,A00009001,Khadija Mansour,F366395,26,Bachelor,37 Lotissement Hlioua,Oujda,60010.0,Y,6,Y,Mortgage
3231,A00003248,Mohammed Amine Kibala,DN209015,44,Masters,16 Lotissement Mohammed V,Meknes,50010.0,Y,4,N,Own
3232,A00007101,Khaoula Eddoughmi,L726995,39,High School,23 Lotissement Centrale,Tetouan,93000.0,Y,2,Y,Mortgage
3233,A00005415,Fatima Ezzahra  Banoune,AB324020,60,Masters,12 Residence Zerktouni,Sale,11000.0,Y,3,Y,Own
3234,A00008248,Adam El Yousfi,BJ409443,58,College,32 Residence Al Massira,Casablanca,20220.0,Y,4,Y,Rent
3235,A00000625,Kawtar Metouali,P566826,40,,14 Avenue Al Massira,Ouarzazate,45000.0,Y,3,Y,Mortgage
3236,A00000381,Noha Moufkir ,DN874283,59,Bachelor,14 Boulevard Mohammed V,Meknes,50010.0,N,3,Y,Mortgage
3237,A00008273,Hiba Tazi,KB394028,41,Masters,40 Rue Hlioua,Tanger,90053.0,Y,7,N,Mortgage
3238,A00009993,Hamza El Yousfi,JK370899,36,PhD,42 Hay Centrale,Agadir,80000.0,Y,5,Y,Own
3239,A00003030,Hajar Oufkir,EE484405,27,Bachelor,21 Rue Al Qods,Marrakech,40000.0,Y,4,Y,Own
3240,A00006499,Fatima Mansour,KB869856,60,MD,41 Hay Zerktouni,Tanger,90053.0,N,7,Y,Rent
3241,A00000162,Mohammed Amine Lahlou,AG857467,37,High School,28 Residence Mohammed V,Rabat,11025.0,Y,6,Y,Mortgage
3242,A00006106,Aya Moufkir ,BJ768084,55,Bachelor,36 Avenue Centrale,Casablanca,20220.0,Y,7,Y,Own
3243,A00002685,Fatima Metouali,DN245717,27,Bachelor,22 Lotissement Al Massira,Meknes,50010.0,Y,3,Y,Rent
3244,A00005413,Jamila Alaoui,X299011,38,College,6 Boulevard El Fadl,Temara,,N,6,Y,Mortgage
3245,A00005171,Jamila Mansour,LC889634,58,,12 Lotissement Al Massira,Chefchaouen,91000.0,N,4,N,Rent
3246,A00000081,Adam El Yousfi,JK486581,43,Bachelor,27 Boulevard Centrale,Agadir,80000.0,Y,6,Y,Own
3247,A00006178,Aziza Benchikh,EE346544,49,High School,36 Hay Mohammed V,Marrakech,40000.0,N,7,Y,Mortgage
3248,A00002059,Hamza Farissi,EE943073,38,High School,21 Avenue El Fadl,Marrakech,40000.0,Y,5,Y,Rent
3249,A00009168,Amine Oufkir,FA790774,42,Bachelor,37 Hay Bernoussi,Berkane,60300.0,Y,2,Y,Own
3250,A00006582,Hamza Amine,X375379,34,College,22 Residence Mohammed V,Agourai,,Y,5,Y,Mortgage
3251,A00001448,Mohammed Amine Mansar,BJ239098,28,Bachelor,35 Rue Centrale,Casablanca,20220.0,Y,6,N,Mortgage
3252,A00006930,Malak Berrada,SH700186,45,Bachelor,4 Boulevard El Fadl,Laayoune,70000.0,Y,5,N,Own
3253,A00004816,Amine Mansour,AB811550,33,MD,18 Residence Hlioua,Sale,11000.0,Y,3,Y,Mortgage
3254,A00008659,Aya Fadili,X179125,51,Masters,27 Boulevard Al Qods,Dar El Kebdani,,N,5,Y,Mortgage
3255,A00005508,Rachida Oufkir,X878275,60,High School,45 Residence Al Qods,Madagh,,N,7,Y,Mortgage
3256,A00002965,Meryem Bachri,CC978320,33,Bachelor,49 Boulevard Salam,Fes,30000.0,Y,4,Y,Own
3257,A00006359,Youssef Eddoughmi,BJ298266,58,Bachelor,13 Lotissement Bernoussi,Casablanca,20220.0,N,4,Y,Rent
3258,A00006038,Rania Bachri,KB935585,42,High School,17 Residence Mohammed V,Tanger,90053.0,Y,6,Y,Rent
3259,A00008729,Noha Fadili,X973236,29,Bachelor,33 Avenue Mohammed V,Kalaat M'Gouna,,Y,3,Y,Rent
3260,A00004496,Hajar Amine,AG579457,41,Bachelor,13 Avenue Hlioua,Rabat,11025.0,Y,6,Y,Mortgage
3261,A00007742,Aziza El Fassi,X994286,28,Bachelor,2 Lotissement Bernoussi,Tafraout,,Y,3,Y,Rent
3262,A00003720,Fatima Ezzahra  Salhi,G546618,53,Bachelor,5 Hay Hassan II,Kenitra,14110.0,Y,6,Y,Rent
3263,A00004603,Khadija Moufkir ,CB547290,43,Bachelor,33 Lotissement Al Houda,Sefrou,31000.0,Y,4,Y,Rent
3264,A00005582,Kawtar Fakhir,CC827903,25,College,43 Rue Centrale,Fes,30000.0,N,4,Y,Own
3265,A00006924,Yahya Amrani,W498535,51,Bachelor,25 Avenue Hlioua,Settat,26000.0,Y,3,Y,Own
3266,A00001663,Adam El Yousfi,X608227,48,High School,11 Residence El Fadl,Moulay Bouazza,,N,2,Y,Mortgage
3267,A00008664,Mohamed Metouali,F545983,47,Bachelor,44 Avenue Al Houda,Oujda,60010.0,N,4,N,Rent
3268,A00005985,Hassan Salhi,F560262,34,Masters,22 Hay Zerktouni,Oujda,60010.0,Y,3,Y,Mortgage
3269,A00006060,Zineb Farissi,JK583829,48,,25 Lotissement Mohammed V,Agadir,80000.0,Y,4,N,Rent
3270,A00000267,Hiba Bennani,X735939,27,Bachelor,21 Boulevard Hlioua,Er-Rich,,Y,5,Y,Rent
3271,A00007061,Mohamed Oufkir,CC246363,46,College,33 Rue Al Houda,Fes,30000.0,Y,7,Y,Rent
3272,A00000993,Hajar Amine,X187134,54,Bachelor,28 Residence Bernoussi,Foum Jamaa,,Y,2,Y,Mortgage
3273,A00009321,Youssef Metouali,G796327,45,Bachelor,13 Boulevard Al Massira,Kenitra,14110.0,Y,5,Y,Own
3274,A00003269,Mohammed Amine Tahiri,N410443,59,Bachelor,21 Avenue Hlioua,Essaouira,44000.0,Y,3,Y,Own
3275,A00009024,Ahmed Farissi,L798116,53,PhD,37 Hay Mohammed V,Tetouan,93000.0,Y,4,Y,Own
3276,A00002436,Hajar Mansour,AB335313,43,,44 Rue Hassan II,Sale,11000.0,Y,6,Y,Mortgage
3277,A00006352,Fatima Lahlou,X222334,58,College,13 Boulevard Al Qods,El Beddouza,,Y,5,Y,Own
3278,A00003834,Youssef Fakhir,JK451803,43,High School,29 Avenue Hassan II,Agadir,80000.0,Y,5,Y,Own
3279,A00005860,Mohammed Amine Ouazzani,M346548,64,,2 Rue Zerktouni,El Jadida,24010.0,N,2,Y,Mortgage
3280,A00004154,Hiba Eddoughmi,G100032,26,High School,3 Boulevard Al Qods,Kenitra,14110.0,N,5,Y,Rent
3281,A00003543,Yahya El Idrissi,QA606159,42,Bachelor,22 Avenue Salam,Oued Zem,25200.0,Y,5,Y,Own
3282,A00004732,Amine Amine,CC824961,45,Bachelor,10 Avenue Mohammed V,Fes,30000.0,Y,2,Y,Rent
3283,A00002780,Meryem Kibala,AG292561,57,Bachelor,47 Lotissement Hassan II,Rabat,11025.0,N,5,Y,Own
3284,A00004754,Mohamed Ouazzani,JA621483,32,,15 Residence Centrale,Guelmim,81000.0,N,3,Y,Own
3285,A00009727,Fatima Moufkir ,EE755529,55,College,28 Avenue Al Houda,Marrakech,40000.0,Y,4,Y,Mortgage
3286,A00005604,Hassan Mansour,EE997928,60,High School,28 Avenue Al Qods,Marrakech,40000.0,Y,2,Y,Rent
3287,A00002580,Ahmed Benchikh,AG949071,46,College,14 Boulevard Al Qods,Rabat,11025.0,Y,7,Y,Mortgage
3288,A00000035,Mohamed Bate,I532171,36,High School,4 Rue Mohammed V,Beni Mellal,23000.0,Y,7,Y,Mortgage
3289,A00007886,Kaoutar Tazi,CC967647,31,,33 Residence Mohammed V,Fes,30000.0,N,6,Y,Rent
3290,A00006336,Meryem Tahiri,FA372252,61,High School,7 Residence Al Qods,Berkane,60300.0,Y,7,Y,Own
3291,A00009903,Rania Tazi,CC354320,42,Bachelor,39 Residence El Fadl,Fes,30000.0,Y,7,Y,Rent
3292,A00007766,Ahmed Berrada,X771840,46,Bachelor,11 Avenue Al Massira,Readsboro,,N,7,N,Own
3293,A00002011,Zineb Farissi,BJ694245,27,High School,30 Rue Al Massira,Casablanca,20220.0,Y,5,Y,Mortgage
3294,A00001869,Fatima Ezzahra  Tahiri,AG903227,37,College,2 Residence Al Houda,Rabat,11025.0,N,2,Y,Rent
3295,A00002480,Amine Banoune,KB472782,62,High School,41 Hay Centrale,Tanger,90053.0,Y,5,N,Mortgage
3296,A00000236,Meryem Amine,HH667745,38,Masters,18 Avenue Salam,Safi,46000.0,Y,3,Y,Own
3297,A00001020,Salma Berrada,L388354,49,College,16 Residence Bernoussi,Tetouan,93000.0,N,3,Y,Mortgage
3298,A00007451,Kaoutar Eddoughmi,JK398484,54,PhD,39 Hay Mohammed V,Agadir,80000.0,Y,2,Y,Mortgage
3299,A00007232,Mohamed El Idrissi,BJ814350,45,MD,5 Lotissement Al Qods,Casablanca,20220.0,N,2,Y,Rent
3300,A00000920,Mohammed Amine El Idrissi,AG348904,32,Bachelor,39 Lotissement Al Houda,Rabat,11025.0,Y,4,N,Rent
3301,A00006370,Kawtar Moufkir ,G715729,55,Bachelor,2 Rue Mohammed V,Kenitra,14110.0,Y,3,Y,Rent
3302,A00004939,Hamza Amrani,BJ896856,53,High School,4 Boulevard Mohammed V,Casablanca,20220.0,Y,2,Y,Own
3303,A00003213,Aziza Bachri,EE746403,51,High School,14 Rue Al Qods,Marrakech,40000.0,Y,6,Y,Mortgage
3304,A00005398,Mohamed Jamal,EE961401,44,High School,14 Rue Al Massira,Marrakech,40000.0,Y,6,N,Rent
3305,A00003345,Amine Lahlou,CC922202,28,High School,26 Avenue Al Houda,Fes,30000.0,Y,3,Y,Mortgage
3306,A00007735,Taha Bennani,KB417958,55,Bachelor,12 Residence Bernoussi,Tanger,90053.0,Y,7,Y,Mortgage
3307,A00008029,Khaoula Skalli,CC848296,30,PhD,18 Hay Salam,Fes,30000.0,Y,2,Y,Rent
3308,A00001057,Taha Benchikh,HH758845,58,Bachelor,17 Boulevard Zerktouni,Safi,46000.0,Y,2,Y,Rent
3309,A00007144,Ahmed Bate,L856336,59,High School,33 Residence Hassan II,Tetouan,93000.0,Y,4,Y,Rent
3310,A00008686,Fatima Ezzahra  Tazi,X196797,37,Bachelor,42 Boulevard Hassan II,Ain Cheggag,,Y,3,Y,Mortgage
3311,A00003171,Hassan Tazi,L303855,55,High School,13 Residence Centrale,Tetouan,93000.0,Y,7,Y,Mortgage
3312,A00002509,Zineb El Yousfi,KB145282,41,Masters,8 Boulevard Hlioua,Tanger,90053.0,Y,6,Y,Rent
3313,A00003310,Malak Bate,CC814862,62,Masters,19 Residence Hassan II,Fes,30000.0,Y,6,Y,Rent
3314,A00009262,Aziza Metouali,X713071,56,Bachelor,27 Hay Centrale,Youssoufia,,Y,4,Y,Mortgage
3315,A00009109,Khaoula Fakhir,CC725277,64,Bachelor,48 Lotissement Centrale,Fes,30000.0,Y,4,Y,Own
3316,A00001315,Salma Fakhir,L149924,44,,5 Rue Zerktouni,Tetouan,93000.0,Y,2,N,Own
3317,A00002088,Aya Tazi,AG665680,51,High School,38 Lotissement El Fadl,Rabat,11025.0,Y,7,Y,Mortgage
3318,A00001919,Hajar Berrada,AB477594,40,Bachelor,35 Residence Salam,Sale,11000.0,Y,6,N,Rent
3319,A00002421,Khadija Dadi,BJ389386,50,Bachelor,16 Rue Al Houda,Casablanca,20220.0,Y,2,Y,Rent
3320,A00009859,Youssef Lahlou,KB243909,29,Bachelor,12 Boulevard El Fadl,Tanger,90053.0,Y,7,Y,Rent
3321,A00003634,Khadija Kibala,N459078,39,Masters,34 Avenue Hassan II,Essaouira,44000.0,Y,5,Y,Own
3322,A00005834,Youssef Bate,BJ461895,25,,17 Rue Centrale,Casablanca,20220.0,Y,2,Y,Mortgage
3323,A00006461,Ahmed Benali,N698777,32,High School,13 Avenue El Fadl,Essaouira,44000.0,Y,3,Y,Own
3324,A00007398,Kawtar Alaoui,SH358571,27,High School,49 Boulevard Hlioua,Laayoune,70000.0,Y,2,Y,Mortgage
3325,A00007728,Salma Oufkir,X531735,46,,4 Avenue Centrale,Echemmaia,,N,7,Y,Mortgage
3326,A00001230,Rania Tahiri,SH891530,32,High School,4 Boulevard El Fadl,Laayoune,70000.0,N,2,Y,Own
3327,A00001978,Hassan Ouazzani,CB946198,48,Masters,31 Rue Al Qods,Sefrou,31000.0,Y,6,N,Own
3328,A00005446,Fatima Ezzahra  Bachri,CC804854,28,PhD,24 Boulevard Al Houda,Fes,30000.0,Y,5,Y,Rent
3329,A00000922,Meryem Farissi,X743805,29,College,9 Hay Al Qods,Sebaa Aiyoun,,Y,7,Y,Own
3330,A00009667,Zineb Tahiri,L787926,41,High School,28 Hay Salam,Tetouan,93000.0,Y,4,Y,Mortgage
3331,A00006005,Hiba Radi,M972796,43,Bachelor,1 Lotissement Al Qods,El Jadida,24010.0,Y,6,Y,Own
3332,A00003155,Fatima Tazi,N217735,64,Bachelor,19 Residence Al Qods,Essaouira,44000.0,N,6,Y,Mortgage
3333,A00004485,Hiba El Fassi,EE207699,37,MD,22 Boulevard Centrale,Marrakech,40000.0,Y,7,Y,Mortgage
3334,A00004097,Rania Tahiri,BJ968410,56,College,41 Rue Salam,Casablanca,20220.0,Y,3,Y,Mortgage
3335,A00008426,Kaoutar Fakhir,L407980,38,Masters,45 Hay Centrale,Tetouan,93000.0,Y,6,Y,Mortgage
3336,A00001056,Youssef El Idrissi,JF899126,57,Bachelor,18 Residence El Fadl,Tan Tan,82000.0,N,5,Y,Own
3337,A00008667,Ahmed Oufkir,M713493,58,Bachelor,26 Avenue El Fadl,El Jadida,24010.0,Y,5,Y,Own
3338,A00007072,Hiba Mansar,L117670,54,Bachelor,24 Avenue Mohammed V,Tetouan,93000.0,Y,7,Y,Rent
3339,A00007244,Hassan Metouali,X738182,27,Masters,24 Rue Centrale,Imlil,,Y,7,Y,Mortgage
3340,A00005053,Rania Lahlou,CC545974,36,High School,44 Lotissement Al Massira,Fes,30000.0,N,5,Y,Rent
3341,A00003649,Adam Barghoud,JC643033,39,Bachelor,15 Rue Bernoussi,Taaroudant,83000.0,Y,2,Y,Mortgage
3342,A00009747,Yahya Bennani,N609927,26,High School,42 Residence Bernoussi,Essaouira,44000.0,Y,5,Y,Mortgage
3343,A00004407,Meryem Amrani,L198173,41,Masters,3 Avenue Al Massira,Tetouan,93000.0,Y,4,N,Mortgage
3344,A00006358,Amine Oufkir,AG551401,47,High School,26 Residence Hassan II,Rabat,11025.0,Y,6,Y,Own
3345,A00002183,Zineb Berrada,CC981183,42,Bachelor,49 Boulevard Salam,Fes,30000.0,Y,3,Y,Mortgage
3346,A00007624,Fatima Ezzahra  Fakhir,X746108,58,High School,37 Residence Al Massira,Imouzzer,,N,7,Y,Mortgage
3347,A00005353,Salma Radi,AG841454,41,High School,16 Residence Al Houda,Rabat,11025.0,Y,6,Y,Mortgage
3348,A00002176,Taha Eddoughmi,CB595564,62,Bachelor,31 Rue Al Qods,Sefrou,31000.0,Y,4,Y,Own
3349,A00005020,Youssef Amine,AB747569,37,MD,24 Rue Al Qods,Sale,11000.0,Y,7,Y,Mortgage
3350,A00006382,Hiba El Idrissi,AG970266,54,High School,26 Residence El Fadl,Rabat,11025.0,N,4,Y,Rent
3351,A00009137,Hiba Mansar,X354553,55,College,46 Boulevard El Fadl,Khenifra,,N,6,Y,Own
3352,A00002585,Kawtar Lahlou,N775386,25,Bachelor,34 Avenue Hassan II,Essaouira,44000.0,Y,6,Y,Mortgage
3353,A00007724,Aziza Berrada,AG352489,39,College,45 Avenue Mohammed V,Rabat,11025.0,Y,6,Y,Rent
3354,A00005147,Omar Jamal,L827252,31,Bachelor,46 Rue Al Houda,Tetouan,93000.0,Y,3,Y,Own
3355,A00003761,Rania Benchikh,L864298,31,Bachelor,21 Boulevard Hassan II,Tetouan,93000.0,N,6,Y,Rent
3356,A00004478,Malak Radi,DN411834,47,High School,6 Hay Al Massira,Meknes,50010.0,N,5,Y,Mortgage
3357,A00003907,Hiba Skalli,BJ634275,55,High School,2 Residence Zerktouni,Casablanca,20220.0,Y,7,Y,Rent
3358,A00002103,Hajar Mansour,EE545769,53,Bachelor,34 Hay Salam,Marrakech,40000.0,Y,5,Y,Own
3359,A00009454,Yahya Tahiri,AG556832,40,Bachelor,47 Boulevard Bernoussi,Rabat,11025.0,Y,4,Y,Mortgage
3360,A00005524,Taha Bate,X799696,50,,3 Hay Al Qods,Missour,,N,2,N,Mortgage
3361,A00003611,Rania Alaoui,X892958,64,High School,10 Rue Hassan II,Hassi Berkane,,Y,2,Y,Own
3362,A00000451,Youssef Banoune,G645588,40,,16 Rue Bernoussi,Kenitra,14110.0,N,7,Y,Mortgage
3363,A00000977,Noha Barghoud,G258440,34,Masters,37 Lotissement Bernoussi,Kenitra,14110.0,N,7,Y,Mortgage
3364,A00008196,Khaoula Bachri,KB642507,42,,24 Boulevard Salam,Tanger,90053.0,N,3,Y,Mortgage
3365,A00008384,Zineb Amine,EE412298,53,College,7 Hay Hlioua,Marrakech,40000.0,N,3,Y,Mortgage
3366,A00003731,Hassan Amrani,F281305,59,Bachelor,49 Boulevard Bernoussi,Oujda,60010.0,N,7,Y,Mortgage
3367,A00002121,Othmane Bate,G726253,53,Bachelor,40 Hay Bernoussi,Kenitra,14110.0,Y,3,Y,Rent
3368,A00009353,Ahmed Oufkir,T162734,33,Bachelor,42 Residence Salam,Mohammedia,28810.0,Y,6,Y,Rent
3369,A00006693,Adam Bate,AB404452,29,MD,7 Boulevard Al Qods,Sale,11000.0,Y,2,Y,Mortgage
3370,A00000286,Ahmed Moufkir ,DN683691,59,High School,12 Rue Salam,Meknes,50010.0,Y,2,Y,Own
3371,A00003799,Hamza Bachri,EE759184,62,,18 Lotissement Bernoussi,Marrakech,40000.0,Y,7,Y,Own
3372,A00002998,Mohammed Amine Kibala,CC874885,52,College,38 Residence Hlioua,Fes,30000.0,Y,5,Y,Mortgage
3373,A00006645,Youssef Skalli,X740251,34,Bachelor,28 Hay Al Houda,Mrirt,,Y,2,Y,Mortgage
3374,A00004693,Jamila Fakhir,EE165327,39,High School,41 Residence Hassan II,Marrakech,40000.0,Y,3,Y,Rent
3375,A00009227,Youssef Amrani,DN641399,42,Bachelor,36 Residence Hlioua,Meknes,50010.0,Y,7,Y,Own
3376,A00009916,Fatima El Yousfi,VA344077,53,,17 Residence Salam,Midelt,54350.0,N,5,Y,Mortgage
3377,A00000194,Omar El Yousfi,HH745030,38,PhD,22 Rue Mohammed V,Safi,46000.0,Y,7,Y,Own
3378,A00005822,Aya Ouazzani,X881391,49,Bachelor,11 Lotissement Salam,Khourubga,25000.0,N,2,Y,Mortgage
3379,A00008472,Zineb Jamal,X605727,60,Bachelor,47 Lotissement Al Massira,Imsouane,,Y,7,Y,Mortgage
3380,A00001954,Hamza Barghoud,X668269,40,,3 Rue Salam,Chouihia,,Y,7,Y,Own
3381,A00000079,Omar Berrada,CC911448,31,High School,34 Hay Al Houda,Fes,30000.0,N,3,Y,Rent
3382,A00007504,Jamila Bate,N287096,26,Bachelor,28 Avenue Mohammed V,Essaouira,44000.0,Y,5,Y,Rent
3383,A00006908,Hiba El Fassi,N662754,52,Bachelor,37 Rue Al Massira,Essaouira,44000.0,N,7,Y,Own
3384,A00003447,Salma Tahiri,X180973,54,Bachelor,38 Boulevard Hassan II,Azilal,,Y,4,Y,Rent
3385,A00008412,Zineb Bachri,L602016,27,College,32 Avenue Al Massira,Tetouan,93000.0,Y,5,Y,Mortgage
3386,A00006237,Hajar Jamal,G516264,30,Bachelor,21 Avenue Al Houda,Kenitra,14110.0,Y,6,Y,Own
3387,A00008027,Aya Barghoud,KB140525,56,Bachelor,47 Rue Salam,Tanger,90053.0,N,6,Y,Mortgage
3388,A00002971,Jamila Banoune,L499028,39,Masters,39 Hay Mohammed V,Tetouan,93000.0,Y,5,Y,Mortgage
3389,A00000539,Khaoula Lahlou,GK983361,35,Masters,2 Rue Centrale,Sidi Kacem,16000.0,N,3,Y,Own
3390,A00002985,Omar Fakhir,X438239,27,High School,47 Residence Bernoussi,N'Zalat Bni Amar,,Y,6,Y,Rent
3391,A00009218,Malak Banoune,CC371602,28,Bachelor,20 Boulevard Bernoussi,Fes,30000.0,N,5,Y,Mortgage
3392,A00007628,Rachida Metouali,F932337,50,High School,13 Rue Al Houda,Oujda,60010.0,Y,6,Y,Own
3393,A00002293,Youssef Moufkir ,AB344916,26,College,15 Boulevard Mohammed V,Sale,11000.0,Y,3,Y,Own
3394,A00008014,Hiba El Idrissi,AG867288,37,College,31 Lotissement Al Massira,Rabat,11025.0,N,7,Y,Rent
3395,A00004926,Omar Banoune,L513919,39,Bachelor,21 Boulevard Zerktouni,Tetouan,93000.0,Y,5,Y,Own
3396,A00009694,Amine Jamal,JK870292,45,Bachelor,15 Hay Zerktouni,Agadir,80000.0,N,7,Y,Mortgage
3397,A00003827,Zineb Mansar,G833118,44,Bachelor,26 Hay Centrale,Kenitra,14110.0,Y,7,Y,Mortgage
3398,A00008840,Youssef El Fassi,AB973339,48,High School,31 Lotissement Salam,Sale,11000.0,Y,3,Y,Mortgage
3399,A00003718,Youssef Mansar,X737224,61,Masters,12 Residence Mohammed V,Kasba Tadla,,N,4,Y,Rent
3400,A00000504,Salma Berrada,AB190385,60,Bachelor,14 Boulevard Al Houda,Sale,11000.0,N,4,Y,Own
3401,A00002329,Hiba Mansour,X888000,41,Bachelor,14 Rue Zerktouni,Belyounech,,N,3,Y,Mortgage
3402,A00002827,Meryem Barghoud,G105694,48,Bachelor,12 Rue Hlioua,Kenitra,14110.0,N,4,Y,Own
3403,A00007795,Omar Benali,JK895233,58,Bachelor,9 Lotissement El Fadl,Agadir,80000.0,N,4,Y,Mortgage
3404,A00003773,Taha Farissi,G253639,45,College,2 Hay Mohammed V,Kenitra,14110.0,N,6,Y,Rent
3405,A00002942,Aya Fadili,CC579370,54,,36 Rue Zerktouni,Fes,30000.0,Y,6,Y,Mortgage
3406,A00004013,Salma Alaoui,BJ793366,64,Bachelor,9 Hay Al Qods,Casablanca,20220.0,Y,5,Y,Own
3407,A00006165,Youssef Metouali,AG183101,35,Masters,18 Rue Al Massira,Rabat,11025.0,Y,6,Y,Rent
3408,A00006607,Jamila Fakhir,FA888217,46,Bachelor,27 Rue Al Massira,Berkane,60300.0,Y,4,Y,Own
3409,A00004295,Aziza Bachri,CC702736,56,Bachelor,20 Boulevard Bernoussi,Fes,30000.0,Y,2,Y,Mortgage
3410,A00005949,Omar Ouazzani,WA728674,35,High School,35 Rue Hlioua,Berrechid,26100.0,N,3,Y,Own
3411,A00006374,Hassan Ouazzani,X365433,63,Bachelor,47 Rue Mohammed V,Imouzzer,,Y,6,Y,Mortgage
3412,A00008613,Aziza Lahlou,P410815,39,Bachelor,29 Lotissement Al Houda,Ouarzazate,45000.0,N,6,Y,Mortgage
3413,A00002203,Amine Ouazzani,BJ625459,35,College,18 Lotissement Al Houda,Casablanca,20220.0,Y,2,Y,Own
3414,A00004692,Rania Eddoughmi,L779918,57,High School,31 Hay Zerktouni,Tetouan,93000.0,N,5,Y,Rent
3415,A00009374,Taha Amrani,CC951180,34,Bachelor,7 Boulevard Bernoussi,Fes,30000.0,Y,4,Y,Rent
3416,A00007541,Youssef Tazi,BJ605465,50,Bachelor,30 Hay El Fadl,Casablanca,20220.0,N,5,Y,Own
3417,A00005083,Rania Tahiri,R173033,64,Bachelor,18 Boulevard Hassan II,El Hoceima,32000.0,Y,7,Y,Own
3418,A00006511,Youssef Barghoud,KB721205,29,High School,32 Lotissement Centrale,Tanger,90053.0,N,2,Y,Rent
3419,A00002021,Omar Oufkir,EE705153,35,Masters,37 Avenue Al Qods,Marrakech,40000.0,Y,7,Y,Own
3420,A00004119,Hamza Ouazzani,G823762,29,Bachelor,12 Boulevard Bernoussi,Kenitra,14110.0,Y,2,Y,Mortgage
3421,A00002601,Hajar Oufkir,AG673341,61,Bachelor,34 Lotissement Hassan II,Rabat,11025.0,Y,7,Y,Own
3422,A00002031,Noha El Fassi,JK720000,37,Bachelor,33 Lotissement El Fadl,Agadir,80000.0,Y,7,Y,Own
3423,A00000394,Aziza Skalli,X113302,37,College,33 Lotissement Centrale,Assa,,Y,7,Y,Mortgage
3424,A00004022,Meryem Berrada,BJ724598,58,Bachelor,22 Avenue Al Qods,Casablanca,20220.0,N,6,Y,Own
3425,A00000646,Khadija Skalli,X581516,25,High School,32 Residence Hlioua,Boujniba,,Y,3,Y,Own
3426,A00002882,Rachida Metouali,GK323180,35,High School,4 Avenue Al Massira,Sidi Kacem,16000.0,Y,2,Y,Mortgage
3427,A00006042,Fatima Eddoughmi,DN550731,58,Bachelor,1 Residence Bernoussi,Meknes,50010.0,N,3,Y,Mortgage
3428,A00002634,Khaoula Mansar,X241638,41,High School,21 Hay Mohammed V,Had Soualem,,Y,3,Y,Mortgage
3429,A00001375,Mohamed Bennani,CC334066,45,High School,21 Residence Hlioua,Fes,30000.0,Y,6,Y,Mortgage
3430,A00005614,Khadija Metouali,X640091,30,Masters,45 Residence Hassan II,Nouaceur,,N,6,Y,Own
3431,A00005958,Youssef Berrada,EE464220,62,Bachelor,38 Boulevard Bernoussi,Marrakech,40000.0,Y,6,Y,Mortgage
3432,A00009979,Hajar Moufkir ,EE756190,26,Bachelor,16 Hay Bernoussi,Marrakech,40000.0,Y,2,N,Own
3433,A00003859,Fatima Ezzahra  El Idrissi,L252561,59,College,29 Rue Bernoussi,Tetouan,93000.0,N,2,Y,Mortgage
3434,A00009162,Youssef Eddoughmi,EE493493,61,,38 Lotissement Centrale,Marrakech,40000.0,Y,3,Y,Rent
3435,A00000585,Hamza Eddoughmi,N288687,54,High School,19 Boulevard Al Qods,Essaouira,44000.0,N,2,Y,Own
3436,A00002598,Noha Jamal,KB139844,44,Bachelor,20 Hay Al Houda,Tanger,90053.0,Y,2,Y,Own
3437,A00005252,Hamza Amine,X962741,44,High School,15 Avenue Zerktouni,Imi n'Tanoute,,N,4,Y,Mortgage
3438,A00001286,Omar El Fassi,JK394972,44,High School,38 Avenue Centrale,Agadir,80000.0,Y,3,Y,Rent
3439,A00005965,Salma Bate,AB228403,46,Bachelor,41 Residence Zerktouni,Sale,11000.0,Y,4,Y,Rent
3440,A00005329,Hiba Metouali,M255896,36,Bachelor,2 Lotissement Hlioua,El Jadida,24010.0,Y,3,Y,Own
3441,A00008711,Omar Banoune,X537806,31,High School,35 Boulevard Hassan II,Aourir,,Y,3,Y,Rent
3442,A00007822,Rachida Benchikh,P716400,29,PhD,24 Hay Al Qods,Ouarzazate,45000.0,Y,7,Y,Rent
3443,A00005575,Ahmed Ouazzani,M735161,41,High School,26 Lotissement Al Qods,El Jadida,24010.0,Y,5,Y,Rent
3444,A00002308,Amine Metouali,X958432,64,Bachelor,11 Residence El Fadl,Moulay Bouazza,,Y,6,Y,Rent
3445,A00001528,Ahmed Amine,G315916,33,Bachelor,33 Rue Al Massira,Kenitra,14110.0,N,7,Y,Mortgage
3446,A00000011,Amine Tazi,AG399482,57,MD,5 Residence Al Massira,Rabat,11025.0,Y,6,Y,Own
3447,A00008215,Noha Tahiri,G573396,29,Bachelor,47 Residence Salam,Kenitra,14110.0,Y,5,Y,Rent
3448,A00002584,Noha El Fassi,EE233494,33,Bachelor,49 Residence Mohammed V,Marrakech,40000.0,Y,2,Y,Rent
3449,A00003423,Othmane Fakhir,KB924780,26,Bachelor,38 Rue El Fadl,Tanger,90053.0,N,4,Y,Rent
3450,A00005962,Aya Bate,XA615100,30,High School,16 Lotissement Al Massira,Tiflet,15400.0,Y,3,Y,Own
3451,A00000574,Fatima Ezzahra  Skalli,X354230,55,High School,43 Hay El Fadl,Matarka,,Y,5,Y,Rent
3452,A00008747,Hiba Ouazzani,AG697206,36,College,18 Boulevard Hassan II,Rabat,11025.0,Y,2,Y,Own
3453,A00005433,Noha Benali,N407660,60,Bachelor,33 Boulevard Mohammed V,Essaouira,44000.0,Y,4,Y,Own
3454,A00003028,Kaoutar Fadili,KB375814,33,Bachelor,28 Avenue Al Massira,Tanger,90053.0,Y,3,Y,Mortgage
3455,A00002053,Amine Benali,KB561068,54,Bachelor,46 Boulevard Centrale,Tanger,90053.0,Y,2,Y,Rent
3456,A00006857,Yahya Mansar,R787128,47,High School,11 Boulevard Al Houda,El Hoceima,32000.0,N,7,Y,Rent
3457,A00000303,Khaoula El Idrissi,G271106,46,MD,7 Lotissement Al Qods,Kenitra,14110.0,Y,3,Y,Mortgage
3458,A00006628,Meryem Benchikh,CC769496,39,Bachelor,5 Residence Zerktouni,Fes,30000.0,Y,4,Y,Mortgage
3459,A00001878,Khadija El Idrissi,X248045,51,Bachelor,36 Avenue Bernoussi,Zeghanghane,,Y,2,Y,Own
3460,A00001069,Aziza Amrani,JK354911,49,Bachelor,22 Residence Mohammed V,Agadir,80000.0,Y,6,Y,Rent
3461,A00004989,Khaoula Benchikh,AG871787,31,College,18 Rue Centrale,Rabat,11025.0,Y,2,Y,Own
3462,A00007951,Meryem Jamal,JK681773,27,Bachelor,46 Hay El Fadl,Agadir,80000.0,Y,6,Y,Rent
3463,A00009089,Ahmed Benchikh,AB865831,32,Bachelor,12 Lotissement Al Houda,Sale,11000.0,Y,7,Y,Own
3464,A00008981,Mohamed Bennani,X384476,61,Masters,46 Boulevard El Fadl,Khenifra,,Y,5,Y,Rent
3465,A00002234,Zineb Benali,JK631513,30,Bachelor,3 Residence Mohammed V,Agadir,80000.0,Y,3,Y,Rent
3466,A00006635,Khaoula Fakhir,X326017,50,High School,5 Boulevard Al Massira,Tinjdad,,N,6,Y,Mortgage
3467,A00000434,Omar Tahiri,JK291953,60,PhD,41 Boulevard Al Qods,Agadir,80000.0,N,3,Y,Mortgage
3468,A00005742,Mohammed Amine El Yousfi,AB776536,27,MD,20 Lotissement Al Qods,Sale,11000.0,Y,3,Y,Mortgage
3469,A00003393,Omar Alaoui,X915076,55,Bachelor,37 Rue Hassan II,Taza Haut,,Y,4,Y,Own
3470,A00003879,Kaoutar Banoune,KB763404,27,College,16 Boulevard Hassan II,Tanger,90053.0,N,5,Y,Own
3471,A00000072,Aziza Mansar,CC482394,53,Masters,9 Residence El Fadl,Fes,30000.0,Y,7,Y,Rent
3472,A00006496,Kawtar El Fassi,JA407557,49,Bachelor,16 Lotissement Bernoussi,Guelmim,81000.0,Y,4,Y,Rent
3473,A00002318,Meryem Jamal,SA299094,42,College,4 Rue Bernoussi,Nador,62000.0,Y,3,Y,Rent
3474,A00003733,Yahya Bate,VA702399,48,Bachelor,12 Avenue Hlioua,Midelt,54350.0,Y,2,Y,Mortgage
3475,A00000222,Hamza Banoune,X882971,30,Bachelor,1 Lotissement Al Qods,Arekmane,,Y,6,Y,Own
3476,A00007811,Rachida Fakhir,L241159,36,High School,29 Lotissement Mohammed V,Tetouan,93000.0,Y,5,Y,Rent
3477,A00006795,Hamza Farissi,EE442887,59,High School,22 Residence Mohammed V,Marrakech,40000.0,Y,3,Y,Own
3478,A00001079,Hajar Bachri,JK987499,43,Bachelor,12 Rue Salam,Agadir,80000.0,Y,6,Y,Own
3479,A00003081,Meryem Berrada,EE893062,55,MD,32 Rue Centrale,Marrakech,40000.0,Y,3,Y,Own
3480,A00009375,Aya Benchikh,CB801924,33,High School,29 Hay Hassan II,Sefrou,31000.0,N,4,Y,Rent
3481,A00007783,Amine Metouali,N541813,26,Bachelor,22 Boulevard Mohammed V,Essaouira,44000.0,Y,6,Y,Own
3482,A00004151,Omar Barghoud,JA869583,59,Bachelor,48 Lotissement Salam,Guelmim,81000.0,Y,7,Y,Mortgage
3483,A00007384,Mohammed Amine Bennani,EE785084,62,High School,43 Hay Centrale,Marrakech,40000.0,Y,3,Y,Rent
3484,A00009736,Hiba Metouali,JK205710,42,MD,1 Avenue Bernoussi,Agadir,80000.0,Y,4,Y,Rent
3485,A00004970,Khadija Mansour,X280522,28,PhD,4 Hay Al Qods,Demnate,,Y,7,Y,Rent
3486,A00007222,Omar Eddoughmi,DN397551,56,High School,11 Boulevard Hlioua,Meknes,50010.0,Y,7,Y,Rent
3487,A00002007,Omar Mansar,X279487,56,High School,20 Rue Al Qods,Tinjdad,,N,2,Y,Own
3488,A00003712,Othmane Amrani,KB705538,42,High School,36 Rue Centrale,Tanger,90053.0,Y,5,Y,Mortgage
3489,A00003505,Hamza Barghoud,X909310,25,College,36 Avenue Hassan II,Beni Ayat,,Y,3,Y,Rent
3490,A00004131,Salma Jamal,N766946,41,Masters,14 Boulevard Al Qods,Essaouira,44000.0,Y,3,Y,Rent
3491,A00007156,Amine Benali,G905742,33,High School,33 Rue Al Massira,Kenitra,14110.0,Y,7,N,Rent
3492,A00006438,Hiba Farissi,AB449379,34,High School,46 Avenue Al Massira,Sale,11000.0,Y,4,Y,Rent
3493,A00006300,Amine Amrani,JK434933,57,Bachelor,15 Boulevard Centrale,Agadir,80000.0,Y,4,Y,Mortgage
3494,A00004076,Hassan Bate,EE490639,30,High School,14 Rue Al Massira,Marrakech,40000.0,Y,7,Y,Mortgage
3495,A00005241,Ahmed Ouazzani,N344161,37,High School,15 Rue Al Qods,Essaouira,44000.0,Y,2,Y,Own
3496,A00003069,Omar El Yousfi,X193835,56,Bachelor,38 Avenue Zerktouni,Zaouiat Ahansal,,Y,6,Y,Mortgage
3497,A00001970,Meryem Farissi,FA133234,29,High School,31 Boulevard Salam,Berkane,60300.0,Y,5,Y,Mortgage
3498,A00005392,Hiba Kibala,X337660,29,Bachelor,25 Hay Hlioua,Khourubga,25000.0,Y,5,Y,Own
3499,A00001129,Zineb Ouazzani,AG956328,30,Bachelor,9 Avenue Hassan II,Rabat,11025.0,N,6,Y,Own
3500,A00007458,Ahmed Bennani,CC701178,28,Masters,8 Avenue Hlioua,Fes,30000.0,Y,6,Y,Own
3501,A00000936,Fatima Jamal,AG182004,35,PhD,41 Boulevard Mohammed V,Rabat,11025.0,N,6,Y,Own
3502,A00007804,Hamza El Idrissi,X283576,41,Masters,48 Lotissement Al Massira,Ghafsai,,N,7,Y,Rent
3503,A00009880,Youssef El Yousfi,JK887806,26,College,30 Lotissement Centrale,Agadir,80000.0,Y,6,Y,Own
3504,A00007257,Khaoula Alaoui,BJ500796,64,PhD,8 Residence Bernoussi,Casablanca,20220.0,Y,5,Y,Own
3505,A00000210,Meryem Berrada,JK436979,29,MD,47 Lotissement Al Qods,Agadir,80000.0,Y,2,Y,Own
3506,A00007317,Rachida Kibala,X515101,26,Bachelor,49 Hay Al Qods,Matarka,,Y,6,N,Mortgage
3507,A00008790,Rachida Moufkir ,EE195764,32,Bachelor,2 Boulevard Bernoussi,Marrakech,40000.0,Y,6,Y,Rent
3508,A00008796,Hassan Fadili,AG746595,44,High School,1 Residence Mohammed V,Rabat,11025.0,Y,7,N,Own
3509,A00007235,Rachida Eddoughmi,X178937,41,Bachelor,45 Rue El Fadl,Elk Grove,,N,5,Y,Mortgage
3510,A00004000,Amine Benali,BJ546567,40,Masters,43 Lotissement Hlioua,Casablanca,20220.0,N,5,Y,Own
3511,A00009793,Khadija Tahiri,BJ302319,64,Bachelor,18 Residence Al Houda,Casablanca,20220.0,Y,3,Y,Mortgage
3512,A00004962,Youssef Fakhir,BJ561297,33,Bachelor,44 Lotissement Bernoussi,Casablanca,20220.0,Y,7,Y,Rent
3513,A00007921,Aziza Benchikh,G617013,46,Bachelor,30 Rue Al Houda,Kenitra,14110.0,Y,6,Y,Own
3514,A00001398,Mohammed Amine Radi,X416681,64,High School,3 Avenue Bernoussi,Ouezzane,,N,6,Y,Mortgage
3515,A00003251,Ahmed El Yousfi,X690559,63,High School,42 Residence Salam,Boujdour,,N,7,N,Rent
3516,A00000385,Hiba Skalli,JK283712,39,,5 Avenue El Fadl,Agadir,80000.0,N,2,Y,Rent
3517,A00003974,Amine Mansour,X524611,25,College,30 Avenue Centrale,Akka,,N,4,Y,Mortgage
3518,A00009133,Zineb Metouali,EE421135,34,High School,36 Residence Salam,Marrakech,40000.0,Y,4,Y,Own
3519,A00004943,Kaoutar Jamal,L290319,35,MD,10 Hay Al Qods,Tetouan,93000.0,Y,3,N,Mortgage
3520,A00000901,Meryem Salhi,BJ792983,60,High School,25 Hay Centrale,Casablanca,20220.0,Y,5,Y,Mortgage
3521,A00008266,Zineb Skalli,BJ633881,48,College,39 Lotissement El Fadl,Casablanca,20220.0,Y,2,Y,Mortgage
3522,A00002912,Amine Alaoui,JK473119,59,High School,10 Avenue Al Qods,Agadir,80000.0,Y,3,Y,Own
3523,A00006514,Malak Dadi,JK258281,59,Bachelor,27 Avenue Hlioua,Agadir,80000.0,Y,3,Y,Own
3524,A00005555,Salma Fadili,CC240139,58,Masters,7 Lotissement Salam,Fes,30000.0,N,7,N,Mortgage
3525,A00003391,Youssef Berrada,X529382,27,MD,49 Residence Hassan II,El Marsa,,Y,4,Y,Mortgage
3526,A00006360,Aya Dadi,X521957,60,Bachelor,36 Boulevard Al Massira,Lamsid,,N,2,Y,Mortgage
3527,A00005073,Youssef El Fassi,X959581,62,PhD,30 Avenue Centrale,Akka,,N,2,Y,Own
3528,A00008087,Kawtar Moufkir ,BJ523301,43,PhD,44 Lotissement Bernoussi,Casablanca,20220.0,Y,6,Y,Rent
3529,A00000702,Khadija Benchikh,AG866089,56,College,30 Rue Centrale,Rabat,11025.0,Y,5,Y,Rent
3530,A00009755,Zineb Amine,AG442286,47,,47 Residence Al Massira,Rabat,11025.0,Y,7,Y,Own
3531,A00001413,Hamza Salhi,KB681129,63,Bachelor,41 Rue Al Massira,Tanger,90053.0,Y,5,Y,Rent
3532,A00009142,Hassan Ouazzani,AG410870,59,,26 Residence El Fadl,Rabat,11025.0,Y,3,Y,Own
3533,A00008113,Hamza Farissi,T856770,63,,49 Residence Mohammed V,Mohammedia,28810.0,N,6,Y,Rent
3534,A00002294,Malak Alaoui,WA394270,54,Bachelor,35 Rue Hlioua,Berrechid,26100.0,Y,5,Y,Rent
3535,A00003413,Zineb Ouazzani,X921933,28,Bachelor,47 Rue El Fadl,Foum Jamaa,,Y,4,Y,Mortgage
3536,A00005251,Adam Skalli,JK211135,63,,48 Lotissement Hlioua,Agadir,80000.0,Y,2,Y,Own
3537,A00006623,Hiba Ouazzani,X802794,52,Bachelor,12 Residence Bernoussi,Ouezzane,,Y,6,Y,Rent
3538,A00007278,Adam Bennani,X255573,63,Masters,2 Rue Al Houda,MideltDakhla,,Y,7,N,Rent
3539,A00004518,Kawtar Berrada,EE327562,56,Bachelor,30 Residence Bernoussi,Marrakech,40000.0,Y,6,Y,Rent
3540,A00004969,Youssef Bate,X471061,31,College,13 Hay Hassan II,Ouezzane,,Y,5,Y,Mortgage
3541,A00009663,Adam Benchikh,X977532,27,,42 Lotissement El Fadl,Farkhana,,N,6,Y,Mortgage
3542,A00007994,Yahya El Idrissi,KB528832,64,Bachelor,6 Residence Al Qods,Tanger,90053.0,Y,7,N,Own
3543,A00003192,Hamza Metouali,X517749,42,Bachelor,40 Rue Salam,Oulad Tayeb,,Y,5,Y,Rent
3544,A00002820,Yahya Bennani,X552712,55,Bachelor,43 Boulevard Mohammed V,Jerada,,Y,3,Y,Rent
3545,A00001956,Hamza Berrada,X567309,27,Bachelor,9 Lotissement Zerktouni,Sidi Smail,,Y,2,Y,Mortgage
3546,A00001363,Aziza Skalli,CC317698,40,High School,15 Residence Al Massira,Fes,30000.0,N,5,Y,Mortgage
3547,A00004353,Rachida Kibala,X101476,32,Bachelor,22 Lotissement Salam,Imi n'Tanoute,,Y,6,Y,Rent
3548,A00000204,Hiba Fakhir,KB399569,57,College,12 Avenue Bernoussi,Tanger,90053.0,N,6,Y,Rent
3549,A00007813,Omar El Fassi,JK514640,45,PhD,16 Hay Hassan II,Agadir,80000.0,Y,4,Y,Rent
3550,A00004902,Hiba Benchikh,WA836546,52,High School,38 Avenue Salam,Berrechid,26100.0,Y,6,Y,Rent
3551,A00001060,Mohammed Amine Salhi,JK842467,45,Masters,45 Boulevard Al Qods,Agadir,80000.0,N,4,Y,Rent
3552,A00008097,Omar Oufkir,DN689635,45,High School,2 Boulevard Zerktouni,Meknes,50010.0,Y,6,Y,Rent
3553,A00009490,Khaoula Fadili,CC897572,28,Masters,33 Residence Al Qods,Fes,30000.0,N,2,Y,Own
3554,A00006572,Hassan Moufkir ,BJ801018,53,Bachelor,41 Residence Al Qods,Casablanca,20220.0,N,3,Y,Mortgage
3555,A00002451,Aya Oufkir,EE229014,64,Masters,22 Avenue Hlioua,Marrakech,40000.0,N,7,Y,Mortgage
3556,A00006442,Fatima Ezzahra  El Fassi,BJ349178,53,,5 Boulevard Al Qods,Casablanca,20220.0,Y,7,Y,Rent
3557,A00002404,Aya El Idrissi,KB547990,25,PhD,47 Boulevard Al Massira,Tanger,90053.0,N,5,Y,Mortgage
3558,A00004456,Kawtar Amrani,DN694056,35,Bachelor,29 Hay Zerktouni,Meknes,50010.0,Y,4,Y,Mortgage
3559,A00006978,Aya Bate,KB454460,39,College,21 Residence Zerktouni,Tanger,90053.0,Y,6,Y,Mortgage
3560,A00002618,Hassan Barghoud,WA720425,32,Bachelor,42 Residence Bernoussi,Berrechid,26100.0,Y,4,Y,Rent
3561,A00007648,Hamza Oufkir,G552075,40,Masters,34 Residence Centrale,Kenitra,14110.0,Y,6,Y,Mortgage
3562,A00000397,Ahmed Tazi,JK709243,44,Masters,18 Residence Salam,Agadir,80000.0,N,4,Y,Mortgage
3563,A00001141,Zineb Skalli,CC239276,26,MD,8 Hay Centrale,Fes,30000.0,Y,2,Y,Rent
3564,A00005888,Amine Lahlou,KB373549,43,Masters,10 Avenue Al Houda,Tanger,90053.0,N,7,Y,Rent
3565,A00008282,Zineb Tazi,KB789889,63,College,39 Hay Hassan II,Tanger,90053.0,Y,5,Y,Mortgage
3566,A00001827,Youssef Fadili,AB821881,33,College,35 Residence Salam,Sale,11000.0,Y,4,Y,Mortgage
3567,A00007926,Rachida Tahiri,X251225,41,High School,31 Residence Centrale,Akka,,Y,3,Y,Mortgage
3568,A00004148,Hajar Ouazzani,BJ894188,26,Bachelor,45 Residence Mohammed V,Casablanca,20220.0,N,2,Y,Rent
3569,A00005806,Omar Metouali,DN581959,55,High School,35 Lotissement El Fadl,Meknes,50010.0,Y,5,Y,Rent
3570,A00005150,Omar Dadi,AB612845,55,High School,5 Rue Hassan II,Sale,11000.0,Y,2,Y,Rent
3571,A00009860,Omar Mansar,X358677,50,High School,21 Boulevard Al Houda,Asilah,,N,7,Y,Own
3572,A00007265,Meryem Alaoui,BJ711465,54,Bachelor,45 Residence Mohammed V,Casablanca,20220.0,N,3,N,Own
3573,A00001431,Taha Benchikh,AB969946,37,High School,35 Hay Centrale,Sale,11000.0,Y,5,Y,Rent
3574,A00006951,Salma El Fassi,P390135,33,High School,24 Hay Al Qods,Ouarzazate,45000.0,Y,5,Y,Rent
3575,A00001313,Khadija Eddoughmi,L329494,30,Masters,37 Hay Mohammed V,Tetouan,93000.0,N,7,Y,Rent
3576,A00004790,Zineb Benchikh,G938673,35,Bachelor,8 Rue Al Massira,Kenitra,14110.0,Y,5,Y,Mortgage
3577,A00007142,Aya Radi,X314419,31,Bachelor,14 Residence Centrale,Tamassint,,Y,5,Y,Own
3578,A00002406,Taha Amrani,ZG923265,64,High School,8 Residence Hlioua,Guercif,37000.0,Y,6,Y,Rent
3579,A00005809,Fatima Ezzahra  El Idrissi,BJ822758,25,High School,40 Hay Zerktouni,Casablanca,20220.0,N,3,Y,Own
3580,A00004184,Malak Alaoui,X275211,31,Bachelor,10 Boulevard Mohammed V,Zirara,,Y,5,Y,Rent
3581,A00008116,Rachida Bennani,X332529,52,Bachelor,30 Boulevard Al Massira,Al Arroui,,Y,5,Y,Mortgage
3582,A00005757,Adam Dadi,N221463,51,High School,41 Lotissement Centrale,Essaouira,44000.0,N,6,Y,Mortgage
3583,A00009944,Meryem Bennani,AB464220,64,High School,23 Rue Centrale,Sale,11000.0,Y,7,Y,Rent
3584,A00008476,Khaoula Dadi,EE111239,36,Bachelor,10 Boulevard Al Qods,Marrakech,40000.0,Y,6,Y,Rent
3585,A00009687,Malak Oufkir,AB228000,48,High School,26 Residence Hassan II,Sale,11000.0,Y,4,Y,Rent
3586,A00006802,Hassan Fadili,BJ937343,40,High School,48 Rue El Fadl,Casablanca,20220.0,Y,2,Y,Mortgage
3587,A00000943,Zineb Metouali,WA917607,59,Masters,35 Rue Hlioua,Berrechid,26100.0,Y,3,Y,Rent
3588,A00007174,Hiba Benali,X110344,25,Bachelor,15 Residence Al Qods,Khenichet,,Y,7,Y,Mortgage
3589,A00009215,Taha Bennani,F407014,34,College,40 Residence El Fadl,Oujda,60010.0,Y,5,N,Mortgage
3590,A00002540,Kawtar Amine,R384225,40,High School,36 Avenue Al Qods,El Hoceima,32000.0,Y,2,Y,Mortgage
3591,A00001208,Fatima Benali,F265590,27,College,22 Lotissement Al Houda,Oujda,60010.0,N,7,Y,Rent
3592,A00000023,Hiba Barghoud,CC645575,29,Masters,36 Lotissement Hassan II,Fes,30000.0,Y,2,Y,Mortgage
3593,A00000347,Jamila Bate,KB917972,47,Bachelor,4 Avenue Bernoussi,Tanger,90053.0,Y,7,Y,Own
3594,A00005674,Othmane Fakhir,CC315869,48,,12 Lotissement Al Houda,Fes,30000.0,Y,3,Y,Own
3595,A00009633,Rachida Lahlou,AG465027,59,Bachelor,33 Hay Salam,Rabat,11025.0,Y,3,Y,Mortgage
3596,A00002842,Rania Skalli,X687761,46,Bachelor,26 Boulevard Salam,Smimou,,Y,2,Y,Mortgage
3597,A00006298,Meryem Salhi,N861474,53,Masters,15 Rue Al Qods,Essaouira,44000.0,Y,6,Y,Rent
3598,A00008083,Malak Bate,G113916,34,Bachelor,4 Avenue Al Houda,Kenitra,14110.0,N,7,Y,Rent
3599,A00005689,Zineb Jamal,X791320,41,,38 Hay Zerktouni,Assif El Mal,,N,7,Y,Rent
3600,A00004663,Hajar Lahlou,X256129,46,MD,24 Rue Al Houda,Asilah,,Y,5,Y,Rent
3601,A00006861,Aziza Skalli,EA389721,47,High School,43 Hay Al Houda,Ben Guerir,43150.0,Y,3,Y,Mortgage
3602,A00000999,Jamila Alaoui,N358802,53,Bachelor,22 Boulevard Mohammed V,Essaouira,44000.0,Y,3,Y,Mortgage
3603,A00006720,Hassan Dadi,X346155,39,Bachelor,4 Boulevard Al Houda,Imilchil,,Y,4,Y,Mortgage
3604,A00006757,Mohamed Benchikh,F641004,54,College,15 Avenue Zerktouni,Oujda,60010.0,Y,7,Y,Rent
3605,A00003997,Hamza Amine,ZG372549,53,Bachelor,49 Avenue Al Houda,Guercif,37000.0,Y,2,Y,Rent
3606,A00003866,Fatima Skalli,L588546,44,High School,31 Rue Hlioua,Tetouan,93000.0,Y,4,Y,Rent
3607,A00006091,Amine Dadi,X612848,33,High School,48 Hay Zerktouni,Tissa,,N,4,Y,Mortgage
3608,A00005484,Rachida El Idrissi,CC786355,46,High School,47 Avenue El Fadl,Fes,30000.0,N,5,Y,Rent
3609,A00002530,Fatima Benchikh,AG417526,34,,4 Boulevard Centrale,Rabat,11025.0,N,4,Y,Mortgage
3610,A00009174,Amine Farissi,F592704,55,High School,44 Avenue Al Houda,Oujda,60010.0,Y,7,N,Rent
3611,A00005722,Ahmed Tahiri,X284926,30,MD,25 Boulevard Salam,Zirara,,Y,7,N,Mortgage
3612,A00005754,Mohammed Amine Bennani,FB453375,62,Bachelor,27 Lotissement Mohammed V,Taourirt,65000.0,N,2,N,Mortgage
3613,A00009758,Salma El Fassi,JK241214,30,High School,23 Lotissement Mohammed V,Agadir,80000.0,Y,6,Y,Rent
3614,A00005732,Malak Amine,BJ508943,27,Bachelor,39 Hay Mohammed V,Casablanca,20220.0,Y,6,N,Rent
3615,A00009769,Jamila Mansour,G436169,41,College,31 Lotissement Hlioua,Kenitra,14110.0,N,2,Y,Rent
3616,A00006785,Mohammed Amine Oufkir,JK641346,46,Bachelor,33 Lotissement Hassan II,Agadir,80000.0,N,5,Y,Own
3617,A00006641,Hamza El Yousfi,KB483633,58,PhD,12 Rue Mohammed V,Tanger,90053.0,Y,3,Y,Rent
3618,A00005420,Salma Tazi,DA745093,55,Masters,20 Lotissement Bernoussi,Azrou,53100.0,Y,6,Y,Rent
3619,A00006564,Yahya Salhi,X225744,57,Bachelor,48 Residence Salam,Missour,,Y,6,Y,Own
3620,A00001143,Mohammed Amine Tazi,G126699,31,Bachelor,35 Lotissement Al Houda,Kenitra,14110.0,Y,2,Y,Own
3621,A00003987,Hajar Tazi,JK553560,42,High School,5 Avenue Zerktouni,Agadir,80000.0,Y,4,Y,Rent
3622,A00002352,Aya Tahiri,JK353396,54,Bachelor,42 Lotissement Al Massira,Agadir,80000.0,N,3,Y,Rent
3623,A00003968,Rania Jamal,JA760991,25,High School,18 Residence Centrale,Guelmim,81000.0,Y,7,Y,Rent
3624,A00006744,Ahmed Jamal,X565806,61,Bachelor,17 Lotissement Al Qods,Sidi Slimane,,N,2,Y,Mortgage
3625,A00005134,Fatima Ezzahra  Jamal,M889564,50,Bachelor,42 Avenue Mohammed V,El Jadida,24010.0,Y,4,Y,Own
3626,A00000649,Zineb Berrada,KB584279,42,Bachelor,35 Residence Hassan II,Tanger,90053.0,N,7,Y,Mortgage
3627,A00005747,Amine Ouazzani,KB956627,35,Bachelor,13 Boulevard Salam,Tanger,90053.0,Y,3,Y,Own
3628,A00007907,Mohamed Barghoud,AG120470,44,High School,16 Residence Al Houda,Rabat,11025.0,N,5,N,Mortgage
3629,A00009379,Fatima Ezzahra  Benali,X326430,50,Masters,1 Rue Bernoussi,Bni Makada,,Y,6,Y,Own
3630,A00004779,Jamila Banoune,JE838540,40,College,34 Avenue Hlioua,Tiznit,85000.0,Y,5,Y,Own
3631,A00002076,Fatima Alaoui,G554223,44,Bachelor,41 Hay Mohammed V,Kenitra,14110.0,Y,2,Y,Rent
3632,A00007106,Ahmed Alaoui,X482117,37,Masters,1 Rue Al Houda,Tata,,Y,5,Y,Mortgage
3633,A00007354,Hajar Tazi,X212643,40,PhD,48 Avenue Centrale,Imindounit,,Y,4,Y,Mortgage
3634,A00001343,Khadija Oufkir,DN514011,25,Bachelor,39 Hay El Fadl,Meknes,50010.0,Y,5,N,Rent
3635,A00008111,Hajar Mansar,DN252626,54,,20 Rue Al Massira,Meknes,50010.0,Y,6,Y,Rent
3636,A00009915,Zineb El Idrissi,N909640,39,Bachelor,20 Hay Al Houda,Essaouira,44000.0,N,6,Y,Rent
3637,A00007661,Rania Bennani,JA525100,48,Bachelor,4 Lotissement Hlioua,Guelmim,81000.0,Y,4,Y,Mortgage
3638,A00003912,Zineb Eddoughmi,KB223745,39,High School,49 Rue Al Houda,Tanger,90053.0,Y,3,N,Rent
3639,A00009761,Khadija Banoune,AB520749,49,Bachelor,39 Hay Al Houda,Sale,11000.0,Y,7,Y,Mortgage
3640,A00006487,Kawtar Moufkir ,KB359243,63,Bachelor,41 Residence Al Massira,Tanger,90053.0,Y,7,Y,Rent
3641,A00001277,Hamza El Idrissi,R900054,34,Bachelor,43 Rue Zerktouni,El Hoceima,32000.0,Y,3,Y,Own
3642,A00006125,Fatima Bennani,EE533182,32,Bachelor,14 Rue Al Massira,Marrakech,40000.0,Y,2,Y,Mortgage
3643,A00005360,Omar Barghoud,X496861,37,College,30 Avenue Centrale,Akka,,Y,2,Y,Own
3644,A00006032,Fatima Eddoughmi,AG935005,61,Bachelor,45 Lotissement Zerktouni,Rabat,11025.0,N,4,Y,Mortgage
3645,A00005127,Hajar Salhi,AB732069,25,Bachelor,41 Boulevard Al Qods,Sale,11000.0,Y,3,Y,Mortgage
3646,A00000015,Mohammed Amine Jamal,AB431769,37,MD,17 Hay Bernoussi,Sale,11000.0,Y,4,Y,Mortgage
3647,A00009556,Malak Moufkir ,CC722022,40,High School,6 Avenue Salam,Fes,30000.0,Y,7,Y,Mortgage
3648,A00000429,Noha Tahiri,L408007,44,Bachelor,2 Lotissement Al Houda,Tetouan,93000.0,Y,3,Y,Own
3649,A00000094,Malak Bennani,JA786927,57,Masters,7 Hay Mohammed V,Guelmim,81000.0,Y,3,Y,Rent
3650,A00006379,Othmane El Yousfi,KB374811,59,Bachelor,8 Avenue Mohammed V,Tanger,90053.0,Y,2,Y,Own
3651,A00002993,Hajar Fadili,M398719,63,High School,35 Rue Mohammed V,El Jadida,24010.0,Y,7,Y,Mortgage
3652,A00007823,Salma Mansour,X911291,26,College,38 Hay El Fadl,Arbaoua,,Y,6,Y,Mortgage
3653,A00007861,Rachida El Idrissi,DN411677,35,Bachelor,48 Hay Mohammed V,Meknes,50010.0,N,4,N,Mortgage
3654,A00006728,Adam Bachri,F256262,52,MD,9 Residence Mohammed V,Oujda,60010.0,N,3,Y,Mortgage
3655,A00000085,Malak Lahlou,F592224,34,College,14 Boulevard Bernoussi,Oujda,60010.0,N,6,Y,Rent
3656,A00008933,Hassan Bennani,EE690942,44,High School,2 Boulevard Al Massira,Marrakech,40000.0,Y,5,Y,Own
3657,A00007098,Zineb Amine,CC663157,36,Bachelor,21 Avenue Bernoussi,Fes,30000.0,Y,7,Y,Mortgage
3658,A00004901,Amine Dadi,CC306418,26,Bachelor,10 Hay Bernoussi,Fes,30000.0,Y,3,Y,Mortgage
3659,A00005397,Aya Bachri,KB660271,36,High School,38 Rue El Fadl,Tanger,90053.0,Y,2,Y,Mortgage
3660,A00007138,Salma Oufkir,JK397628,56,PhD,29 Lotissement Centrale,Agadir,80000.0,N,4,Y,Rent
3661,A00005605,Youssef Amrani,N638207,46,Bachelor,39 Boulevard Zerktouni,Essaouira,44000.0,Y,6,N,Rent
3662,A00004699,Ahmed Moufkir ,Y497963,49,High School,45 Residence Hassan II,El Kelaa des Sraghna,43000.0,Y,7,Y,Mortgage
3663,A00009522,Salma Ouazzani,X431654,55,Bachelor,1 Lotissement Salam,MideltDakhla,,N,6,Y,Own
3664,A00007676,Meryem Tahiri,BJ407703,43,Bachelor,39 Lotissement El Fadl,Casablanca,20220.0,Y,5,Y,Own
3665,A00003050,Taha Skalli,FB364930,49,High School,27 Lotissement Mohammed V,Taourirt,65000.0,Y,2,Y,Mortgage
3666,A00004283,Hamza Bachri,JK371624,25,Bachelor,29 Residence Salam,Agadir,80000.0,Y,6,Y,Mortgage
3667,A00004064,Salma Kibala,DN594868,47,High School,10 Avenue Hlioua,Meknes,50010.0,Y,3,Y,Mortgage
3668,A00007459,Mohammed Amine Dadi,JK235821,57,Masters,26 Residence Hlioua,Agadir,80000.0,Y,4,Y,Own
3669,A00004660,Fatima Ezzahra  Fakhir,CC322437,37,High School,9 Boulevard Hassan II,Fes,30000.0,N,7,Y,Own
3670,A00009958,Kawtar Tahiri,N162201,60,MD,7 Boulevard Salam,Essaouira,44000.0,Y,6,Y,Own
3671,A00004530,Omar Amrani,JK231082,25,Bachelor,21 Boulevard Al Qods,Agadir,80000.0,Y,6,Y,Own
3672,A00006506,Omar Metouali,P111418,63,Bachelor,37 Lotissement Bernoussi,Ouarzazate,45000.0,Y,7,Y,Rent
3673,A00008098,Hajar Kibala,BJ634654,61,Bachelor,5 Residence Mohammed V,Casablanca,20220.0,N,6,Y,Mortgage
3674,A00006022,Zineb Benchikh,EE211884,60,Bachelor,4 Boulevard Al Houda,Marrakech,40000.0,Y,7,N,Mortgage
3675,A00001411,Aziza Eddoughmi,X489833,58,Bachelor,39 Residence Al Massira,Aoufous,,N,7,Y,Rent
3676,A00006513,Zineb Radi,JK959644,58,Masters,49 Boulevard Hlioua,Agadir,80000.0,Y,4,Y,Mortgage
3677,A00002398,Taha Tahiri,X387056,56,Bachelor,1 Avenue Hassan II,Tahla,,Y,7,Y,Rent
3678,A00003137,Taha Benchikh,DN613829,43,High School,2 Boulevard Zerktouni,Meknes,50010.0,Y,4,Y,Rent
3679,A00002712,Hiba Kibala,BJ178693,36,MD,2 Boulevard Zerktouni,Casablanca,20220.0,N,5,Y,Rent
3680,A00008682,Hajar Dadi,G928062,45,High School,34 Avenue Bernoussi,Kenitra,14110.0,Y,5,Y,Own
3681,A00007808,Ahmed Alaoui,KB303789,39,Bachelor,39 Hay Hassan II,Tanger,90053.0,Y,4,Y,Mortgage
3682,A00000737,Amine Fadili,KB252626,28,Bachelor,45 Rue Al Massira,Tanger,90053.0,N,2,Y,Mortgage
3683,A00009185,Ahmed Amrani,BJ706680,40,College,13 Boulevard Al Qods,Casablanca,20220.0,Y,7,Y,Own
3684,A00008529,Omar Mansour,EE755520,53,Masters,2 Boulevard Bernoussi,Marrakech,40000.0,Y,6,Y,Mortgage
3685,A00007697,Omar El Idrissi,X478929,34,College,1 Avenue Salam,Souani,,Y,3,Y,Own
3686,A00005584,Amine Barghoud,X817673,30,Bachelor,1 Boulevard Al Houda,Tafraout,,Y,3,Y,Rent
3687,A00005297,Omar Mansour,X423569,26,Bachelor,8 Hay Al Houda,Ouezzane,,N,7,Y,Mortgage
3688,A00002667,Mohamed Lahlou,AB585946,53,High School,38 Residence Hlioua,Sale,11000.0,Y,4,Y,Mortgage
3689,A00005695,Salma Skalli,BJ438590,32,Bachelor,37 Rue Al Houda,Casablanca,20220.0,N,7,Y,Mortgage
3690,A00002938,Taha Bachri,X430535,48,Bachelor,40 Lotissement Bernoussi,Agourai,,Y,7,Y,Mortgage
3691,A00005060,Fatima Ouazzani,KB522300,60,Bachelor,4 Avenue Bernoussi,Tanger,90053.0,Y,6,Y,Mortgage
3692,A00000482,Yahya Jamal,X280712,26,College,38 Boulevard Mohammed V,Youssoufia,,Y,7,N,Rent
3693,A00003744,Hiba Benali,AB233505,27,,11 Residence Al Qods,Sale,11000.0,Y,3,N,Mortgage
3694,A00007440,Omar Moufkir ,EE664814,38,Bachelor,37 Rue Salam,Marrakech,40000.0,Y,7,Y,Own
3695,A00003122,Rania Bate,BJ769461,34,Bachelor,18 Residence Zerktouni,Casablanca,20220.0,Y,5,Y,Mortgage
3696,A00004898,Jamila Radi,AG924246,64,MD,30 Lotissement Al Qods,Rabat,11025.0,Y,5,N,Mortgage
3697,A00002789,Mohamed El Idrissi,X977229,52,Bachelor,32 Lotissement Bernoussi,Zaida,,Y,3,Y,Rent
3698,A00000910,Rania Banoune,KB717486,56,College,47 Boulevard Al Massira,Tanger,90053.0,Y,5,Y,Own
3699,A00007400,Omar Mansar,X487697,52,Bachelor,19 Lotissement Mohammed V,Ouahat Sidi Brahim,,Y,2,N,Own
3700,A00008560,Meryem Radi,BJ270175,44,High School,49 Rue Bernoussi,Casablanca,20220.0,Y,4,Y,Own
3701,A00002612,Hamza Amrani,DN924867,37,Bachelor,43 Avenue Zerktouni,Meknes,50010.0,N,6,Y,Own
3702,A00008719,Rachida Bate,JK590572,48,Bachelor,41 Avenue Centrale,Agadir,80000.0,Y,2,Y,Own
3703,A00002358,Aya Kibala,SA567956,52,,25 Lotissement Zerktouni,Nador,62000.0,N,3,Y,Mortgage
3704,A00001804,Khaoula Moufkir ,JK234138,39,High School,31 Hay Hassan II,Agadir,80000.0,Y,5,Y,Own
3705,A00002464,Omar Mansar,N567813,60,Bachelor,14 Hay Hlioua,Essaouira,44000.0,Y,4,Y,Mortgage
3706,A00000387,Salma Salhi,KB718692,30,Masters,46 Residence Bernoussi,Tanger,90053.0,Y,6,Y,Rent
3707,A00008972,Khaoula Salhi,EE668465,46,College,48 Lotissement Al Houda,Marrakech,40000.0,Y,2,Y,Mortgage
3708,A00001021,Hamza El Idrissi,AG791880,52,College,49 Hay Mohammed V,Rabat,11025.0,Y,5,Y,Rent
3709,A00006072,Hajar Fakhir,KB884340,55,Bachelor,46 Residence Bernoussi,Tanger,90053.0,N,7,Y,Rent
3710,A00009773,Adam Amrani,X618821,40,Bachelor,2 Residence Centrale,Bni Oukil,,Y,5,Y,Rent
3711,A00007656,Adam Bate,CB796335,37,Bachelor,38 Avenue Al Massira,Sefrou,31000.0,Y,7,Y,Own
3712,A00004437,Hamza Barghoud,SA109284,40,MD,1 Rue Zerktouni,Nador,62000.0,Y,3,Y,Mortgage
3713,A00001996,Mohamed Dadi,KB113876,37,High School,25 Residence Al Massira,Tanger,90053.0,Y,7,Y,Mortgage
3714,A00003601,Youssef Mansar,I738401,33,Bachelor,14 Rue El Fadl,Beni Mellal,23000.0,Y,7,Y,Mortgage
3715,A00001768,Mohammed Amine Amrani,CC173718,62,Masters,17 Avenue Salam,Fes,30000.0,Y,3,Y,Rent
3716,A00008258,Aziza Lahlou,JK968905,61,,40 Hay Salam,Agadir,80000.0,Y,4,Y,Rent
3717,A00002248,Kawtar Tazi,AG979030,27,Bachelor,13 Residence Salam,Rabat,11025.0,N,7,Y,Rent
3718,A00002677,Adam Benchikh,L956900,53,,21 Boulevard Zerktouni,Tetouan,93000.0,Y,5,Y,Own
3719,A00002355,Kaoutar El Yousfi,AG878545,35,Masters,30 Lotissement Al Qods,Rabat,11025.0,N,7,Y,Rent
3720,A00005529,Youssef El Yousfi,BJ363597,49,PhD,31 Hay Al Houda,Casablanca,20220.0,Y,5,Y,Mortgage
3721,A00001962,Hiba El Idrissi,X282041,52,PhD,16 Boulevard Centrale,Ouzoud,,N,3,Y,Rent
3722,A00009371,Yahya Jamal,L509925,55,Bachelor,39 Residence Zerktouni,Tetouan,93000.0,N,4,Y,Rent
3723,A00005773,Youssef Farissi,JK349841,52,High School,39 Hay Mohammed V,Agadir,80000.0,Y,3,Y,Mortgage
3724,A00007060,Rania El Idrissi,X221181,31,Bachelor,18 Residence Bernoussi,Asni,,N,2,Y,Mortgage
3725,A00003945,Youssef El Idrissi,JK567624,47,College,18 Residence Salam,Agadir,80000.0,Y,3,Y,Mortgage
3726,A00007657,Malak Bachri,AB252610,51,Masters,47 Residence Zerktouni,Sale,11000.0,Y,4,Y,Mortgage
3727,A00008247,Adam Benchikh,X558170,31,MD,27 Avenue Al Houda,Had Kourt,,Y,5,Y,Own
3728,A00008987,Adam Fadili,JF397843,55,Bachelor,4 Lotissement Al Massira,Tan Tan,82000.0,Y,4,Y,Own
3729,A00003008,Youssef El Fassi,JA992038,52,Bachelor,15 Hay Al Houda,Guelmim,81000.0,Y,4,Y,Mortgage
3730,A00002986,Fatima Ouazzani,JA812375,41,College,38 Lotissement Bernoussi,Guelmim,81000.0,N,5,Y,Rent
3731,A00008528,Amine Fakhir,X842973,63,Bachelor,40 Boulevard Zerktouni,Oulad Mtaa,,Y,2,Y,Rent
3732,A00008788,Omar Dadi,CC753692,56,Masters,6 Avenue Salam,Fes,30000.0,Y,4,Y,Rent
3733,A00005939,Amine Bate,G786316,43,Bachelor,20 Boulevard Hlioua,Kenitra,14110.0,N,4,Y,Mortgage
3734,A00009079,Mohammed Amine Alaoui,F206386,53,High School,40 Hay El Fadl,Oujda,60010.0,N,6,N,Rent
3735,A00004569,Zineb Fadili,X905927,44,Bachelor,13 Hay Hassan II,Ben Taieb,,Y,3,Y,Rent
3736,A00000935,Khaoula Banoune,DN585986,45,College,48 Hay Al Houda,Meknes,50010.0,Y,3,Y,Own
3737,A00001515,Aya Eddoughmi,X373768,28,College,17 Residence Hlioua,Driouch,,N,2,Y,Rent
3738,A00008312,Ahmed Bate,X867016,40,,38 Hay Hassan II,Ouezzane,,Y,4,Y,Mortgage
3739,A00001402,Aziza Moufkir ,EE997368,34,College,41 Residence Hassan II,Marrakech,40000.0,Y,3,Y,Rent
3740,A00005608,Rachida Kibala,KB468355,34,Bachelor,9 Residence Mohammed V,Tanger,90053.0,Y,2,Y,Rent
3741,A00003378,Mohammed Amine Mansour,AB698759,58,High School,19 Lotissement Al Massira,Sale,11000.0,Y,3,Y,Own
3742,A00007052,Hamza Kibala,CC744766,49,Bachelor,18 Lotissement Centrale,Fes,30000.0,N,2,Y,Mortgage
3743,A00008995,Aziza Amine,X496446,53,Masters,8 Residence Al Houda,Aptos,,N,4,Y,Mortgage
3744,A00002932,Salma Moufkir ,AG964391,47,High School,15 Residence Al Massira,Rabat,11025.0,Y,6,Y,Own
3745,A00009426,Ahmed Oufkir,X865009,44,,5 Lotissement Zerktouni,,,Y,7,Y,Own
3746,A00005428,Malak Bennani,Y113166,32,Bachelor,33 Hay Hassan II,El Kelaa des Sraghna,43000.0,Y,6,Y,Own
3747,A00000636,Fatima El Idrissi,QA123538,29,Bachelor,31 Rue Centrale,Oued Zem,25200.0,Y,4,Y,Mortgage
3748,A00009313,Khaoula Amrani,KB937725,41,Masters,8 Residence Bernoussi,Tanger,90053.0,Y,6,Y,Rent
3749,A00000075,Hajar Metouali,G858481,37,Masters,30 Lotissement Al Qods,Kenitra,14110.0,Y,6,Y,Rent
3750,A00007110,Kaoutar Benali,DN303476,29,College,39 Hay Hlioua,Meknes,50010.0,Y,2,Y,Own
3751,A00002317,Adam El Fassi,BJ495629,49,MD,1 Residence Al Massira,Casablanca,20220.0,Y,4,Y,Rent
3752,A00003746,Othmane Barghoud,BJ410791,61,College,16 Residence Al Houda,Casablanca,20220.0,N,4,Y,Rent
3753,A00000744,Fatima Ezzahra  Banoune,EE625870,41,High School,27 Boulevard Al Massira,Marrakech,40000.0,Y,4,Y,Mortgage
3754,A00008641,Khaoula Radi,X738416,56,College,26 Residence Mohammed V,Ras El Ma,,N,7,Y,Rent
3755,A00008624,Hassan Fakhir,DA743525,43,PhD,8 Boulevard Mohammed V,Azrou,53100.0,Y,4,Y,Own
3756,A00001764,Khadija Eddoughmi,HH885769,35,High School,22 Rue Mohammed V,Safi,46000.0,N,6,Y,Mortgage
3757,A00005409,Fatima Eddoughmi,DN288046,36,High School,35 Lotissement Bernoussi,Meknes,50010.0,N,5,Y,Own
3758,A00003986,Youssef Fakhir,AB820107,29,College,5 Boulevard Al Massira,Sale,11000.0,Y,5,Y,Own
3759,A00002853,Fatima Ezzahra  Bate,AB886469,52,High School,9 Avenue Hassan II,Sale,11000.0,Y,7,N,Mortgage
3760,A00000061,Youssef Benchikh,AG646588,56,Bachelor,47 Hay Mohammed V,Rabat,11025.0,Y,6,Y,Own
3761,A00004363,Amine Bate,JK752843,62,Masters,19 Avenue Al Houda,Agadir,80000.0,Y,5,Y,Mortgage
3762,A00004314,Malak Tahiri,EE484367,35,High School,36 Residence Salam,Marrakech,40000.0,Y,3,Y,Own
3763,A00008632,Taha Berrada,X603304,52,Bachelor,17 Lotissement Al Qods,Sidi Slimane,,N,7,Y,Own
3764,A00001949,Zineb Mansar,X245093,35,Bachelor,31 Boulevard Zerktouni,Bab Taza,,N,2,N,Own
3765,A00000569,Malak Mansar,X827444,38,High School,17 Residence Hlioua,Driouch,,Y,3,Y,Mortgage
3766,A00001981,Youssef Berrada,DN789301,45,Bachelor,31 Residence Hassan II,Meknes,50010.0,N,3,N,Rent
3767,A00003566,Zineb Lahlou,JK394272,60,Bachelor,41 Boulevard Al Qods,Agadir,80000.0,Y,3,Y,Mortgage
3768,A00009890,Noha El Yousfi,EE232390,34,MD,31 Hay Al Massira,Marrakech,40000.0,N,5,Y,Rent
3769,A00009844,Youssef El Yousfi,JK596933,33,Bachelor,29 Rue Al Qods,Agadir,80000.0,N,7,Y,Rent
3770,A00009567,Othmane Banoune,X326705,37,High School,30 Hay Zerktouni,Ouled Berhil,,N,7,Y,Own
3771,A00002303,Ahmed Barghoud,L616808,27,College,20 Hay Hassan II,Tetouan,93000.0,N,3,Y,Own
3772,A00007787,Omar Tahiri,AB554602,45,Bachelor,40 Lotissement Salam,Sale,11000.0,Y,4,Y,Rent
3773,A00001279,Yahya Eddoughmi,X817325,50,Masters,10 Avenue Al Houda,Fam El Hisn,,Y,5,Y,Rent
3774,A00000537,Othmane Amrani,FA317065,32,Bachelor,23 Rue Al Houda,Berkane,60300.0,Y,6,Y,Mortgage
3775,A00008507,Yahya Tazi,HH982163,43,High School,30 Residence Mohammed V,Safi,46000.0,Y,2,Y,Mortgage
3776,A00003424,Malak Dadi,AG636578,49,High School,21 Avenue Hlioua,Rabat,11025.0,N,4,Y,Rent
3777,A00004145,Amine Alaoui,W124917,53,High School,8 Boulevard Hlioua,Settat,26000.0,N,6,Y,Mortgage
3778,A00005871,Hiba Moufkir ,AB643759,58,High School,39 Rue Hassan II,Sale,11000.0,Y,3,Y,Mortgage
3779,A00009735,Yahya Fakhir,CC961540,36,High School,28 Residence El Fadl,Fes,30000.0,Y,6,Y,Own
3780,A00000832,Omar Bate,X498364,46,High School,36 Avenue Bernoussi,Zeghanghane,,Y,6,N,Rent
3781,A00004701,Fatima Ezzahra  Oufkir,L351563,41,MD,2 Lotissement Hassan II,Tetouan,93000.0,Y,2,Y,Own
3782,A00001199,Hamza Farissi,JK871986,52,Bachelor,23 Lotissement Mohammed V,Agadir,80000.0,Y,5,Y,Own
3783,A00008631,Taha El Yousfi,AB646104,39,Bachelor,4 Boulevard Zerktouni,Sale,11000.0,Y,6,Y,Mortgage
3784,A00007706,Adam Dadi,DN184845,50,High School,9 Boulevard Hassan II,Meknes,50010.0,Y,7,N,Mortgage
3785,A00007339,Taha Banoune,X664022,32,Bachelor,33 Hay Bernoussi,Ben Taieb,,Y,6,Y,Own
3786,A00005044,Fatima Barghoud,G136160,34,College,41 Avenue Hlioua,Kenitra,14110.0,Y,6,Y,Rent
3787,A00005128,Ahmed El Fassi,KB984599,56,Bachelor,16 Avenue Al Qods,Tanger,90053.0,N,6,Y,Rent
3788,A00007866,Omar Mansar,AB201908,36,MD,13 Avenue Hlioua,Sale,11000.0,Y,4,N,Mortgage
3789,A00008647,Meryem Bate,DN812584,59,MD,36 Rue Mohammed V,Meknes,50010.0,Y,2,Y,Mortgage
3790,A00004806,Taha Barghoud,BJ289088,58,College,17 Boulevard Mohammed V,Casablanca,20220.0,Y,5,Y,Own
3791,A00000823,Omar Bachri,FA847745,46,High School,34 Rue Al Qods,Berkane,60300.0,Y,4,Y,Mortgage
3792,A00004981,Khadija Berrada,AG294998,64,College,13 Residence Salam,Rabat,11025.0,N,7,Y,Rent
3793,A00003159,Hamza Amine,X601852,27,Bachelor,27 Rue Salam,Talmest,,Y,4,Y,Mortgage
3794,A00008874,Youssef Bennani,BJ516424,47,High School,31 Hay Al Houda,Casablanca,20220.0,Y,5,Y,Rent
3795,A00005112,Hajar Amine,CC752344,47,,18 Lotissement Bernoussi,Fes,30000.0,Y,7,Y,Mortgage
3796,A00007370,Hamza Radi,X138530,26,PhD,24 Rue Hassan II,Skhour Rehamna,,Y,7,Y,Rent
3797,A00007842,Hamza El Idrissi,N157510,52,Bachelor,19 Lotissement Al Houda,Essaouira,44000.0,Y,4,Y,Own
3798,A00000017,Taha Barghoud,X169155,59,Masters,24 Lotissement Al Massira,M'diq,,Y,4,Y,Mortgage
3799,A00006651,Youssef Jamal,KB897438,59,High School,32 Avenue Zerktouni,Tanger,90053.0,Y,6,Y,Mortgage
3800,A00003547,Hamza Fakhir,X243391,32,MD,16 Lotissement Mohammed V,MideltDakhla,,Y,3,Y,Mortgage
3801,A00007694,Khaoula Bachri,X462368,57,Bachelor,4 Hay Bernoussi,Imi n'Tanoute,,N,2,Y,Own
3802,A00005879,Khaoula Mansour,AG514706,50,Bachelor,14 Rue Al Qods,Rabat,11025.0,Y,2,Y,Rent
3803,A00006997,Zineb El Idrissi,JA814462,53,High School,39 Boulevard Centrale,Guelmim,81000.0,N,3,Y,Rent
3804,A00003796,Aya Fadili,N425627,46,Bachelor,32 Hay Hlioua,Essaouira,44000.0,Y,4,Y,Own
3805,A00004988,Meryem Berrada,G258557,64,Bachelor,14 Lotissement Centrale,Kenitra,14110.0,Y,4,Y,Own
3806,A00009595,Hiba Tazi,L659409,64,High School,7 Hay Al Massira,Tetouan,93000.0,Y,5,Y,Own
3807,A00000082,Hamza El Yousfi,CC344931,29,Bachelor,19 Hay Hlioua,Fes,30000.0,N,2,Y,Rent
3808,A00002178,Omar Benchikh,P132026,31,College,39 Avenue Hassan II,Ouarzazate,45000.0,Y,4,Y,Own
3809,A00007173,Hassan Benali,X857945,40,High School,42 Avenue Al Houda,Ouezzane,,Y,5,Y,Own
3810,A00002483,Meryem Banoune,AG133310,27,Masters,33 Hay El Fadl,Rabat,11025.0,Y,5,Y,Mortgage
3811,A00004350,Mohamed Tahiri,N226085,45,High School,34 Avenue Hassan II,Essaouira,44000.0,Y,3,Y,Mortgage
3812,A00002826,Meryem El Fassi,W844784,50,High School,8 Boulevard Hlioua,Settat,26000.0,N,4,Y,Own
3813,A00000510,Rachida Lahlou,SH259922,51,College,11 Boulevard El Fadl,Laayoune,70000.0,N,6,Y,Mortgage
3814,A00002263,Rachida Lahlou,L420508,36,High School,34 Rue Hassan II,Tetouan,93000.0,Y,7,Y,Mortgage
3815,A00009238,Omar El Yousfi,EE191219,44,Bachelor,17 Boulevard Al Qods,Marrakech,40000.0,Y,6,Y,Own
3816,A00004650,Adam El Fassi,X331314,38,Bachelor,20 Rue Al Qods,Tinjdad,,Y,6,Y,Rent
3817,A00001789,Hiba El Fassi,BJ212815,54,High School,17 Boulevard Hassan II,Casablanca,20220.0,Y,4,Y,Rent
3818,A00000344,Hiba Mansar,KB852580,32,PhD,46 Avenue Bernoussi,Tanger,90053.0,N,3,Y,Mortgage
3819,A00008919,Youssef Salhi,EE962571,61,Bachelor,30 Avenue Hassan II,Marrakech,40000.0,Y,3,Y,Own
3820,A00007337,Malak Bennani,X452739,48,Bachelor,39 Hay El Fadl,Zagora,,Y,7,Y,Own
3821,A00007726,Youssef Moufkir ,X497401,42,PhD,25 Rue Mohammed V,Aknoul,,Y,2,Y,Mortgage
3822,A00003612,Youssef Bate,AG334228,30,Bachelor,8 Rue Hlioua,Rabat,11025.0,Y,5,Y,Mortgage
3823,A00003976,Salma Fakhir,P844465,26,Masters,23 Lotissement Al Qods,Ouarzazate,45000.0,N,6,Y,Mortgage
3824,A00005856,Aya Mansour,AG475792,46,,12 Lotissement El Fadl,Rabat,11025.0,Y,4,Y,Own
3825,A00009053,Meryem Tazi,G151857,28,Masters,43 Avenue Zerktouni,Kenitra,14110.0,N,3,Y,Rent
3826,A00000771,Hiba Banoune,AG219788,48,High School,37 Lotissement Al Qods,Rabat,11025.0,N,5,Y,Own
3827,A00009182,Adam Dadi,X299429,62,MD,28 Avenue Centrale,Kehf Nsour,,Y,6,Y,Own
3828,A00006804,Mohamed El Fassi,EE582474,41,Bachelor,19 Avenue Al Massira,Marrakech,40000.0,Y,7,Y,Own
3829,A00009788,Hamza El Fassi,KB279924,52,PhD,28 Lotissement Mohammed V,Tanger,90053.0,Y,2,Y,Rent
3830,A00005976,Youssef Kibala,EE568349,37,High School,25 Boulevard Hassan II,Marrakech,40000.0,N,6,Y,Mortgage
3831,A00006552,Rania Lahlou,X247481,36,High School,31 Boulevard Hassan II,Sidi Abdallah,,Y,5,Y,Mortgage
3832,A00003429,Kawtar Mansour,X288638,30,PhD,21 Residence Hassan II,Ounagha,,Y,3,Y,Own
3833,A00007372,Amine Bennani,AG744675,57,High School,8 Rue Salam,Rabat,11025.0,Y,2,N,Mortgage
3834,A00008757,Khaoula Bachri,SA656532,58,High School,24 Lotissement Bernoussi,Nador,62000.0,Y,5,Y,Mortgage
3835,A00000846,Hassan Alaoui,X161647,43,High School,42 Residence Al Qods,El Menzel,,N,6,Y,Mortgage
3836,A00004240,Khaoula Banoune,X198195,44,,44 Hay Salam,Lalla Mimouna,,Y,5,Y,Mortgage
3837,A00006143,Omar Ouazzani,BJ635977,29,College,26 Hay Hlioua,Casablanca,20220.0,N,6,Y,Mortgage
3838,A00004280,Hassan Dadi,AG999538,56,MD,20 Rue Centrale,Rabat,11025.0,Y,5,Y,Rent
3839,A00009482,Amine Kibala,AG398230,48,PhD,37 Rue Mohammed V,Rabat,11025.0,N,2,Y,Mortgage
3840,A00005277,Aziza El Fassi,X711697,46,Bachelor,23 Rue Salam,Zagora,,Y,2,N,Mortgage
3841,A00000916,Khadija Bachri,R973940,53,Bachelor,26 Residence Mohammed V,El Hoceima,32000.0,Y,6,Y,Rent
3842,A00007825,Mohamed Amrani,X718101,27,High School,48 Hay Hlioua,Ait Melloul,,N,4,Y,Own
3843,A00003805,Kaoutar Farissi,X107780,43,Bachelor,13 Hay Hassan II,Ouezzane,,Y,3,Y,Mortgage
3844,A00003846,Fatima Bennani,SA774550,39,Bachelor,8 Rue Al Qods,Nador,62000.0,Y,2,Y,Own
3845,A00008031,Aziza Tazi,DN766023,51,Bachelor,2 Residence Al Qods,Meknes,50010.0,Y,2,Y,Own
3846,A00008020,Othmane Radi,F797800,45,Bachelor,34 Lotissement Salam,Oujda,60010.0,Y,5,Y,Own
3847,A00002259,Rania Mansour,JK681969,38,High School,8 Avenue Salam,Agadir,80000.0,N,3,Y,Mortgage
3848,A00008762,Othmane El Fassi,G181135,64,Bachelor,19 Lotissement Zerktouni,Kenitra,14110.0,Y,7,Y,Rent
3849,A00004274,Hamza Fakhir,KB889597,29,High School,31 Lotissement Al Qods,Tanger,90053.0,N,5,Y,Own
3850,A00000087,Zineb Dadi,L370793,42,Bachelor,22 Residence Hassan II,Tetouan,93000.0,Y,4,Y,Own
3851,A00006801,Othmane Lahlou,X146025,26,High School,21 Residence Hassan II,Ounagha,,Y,2,N,Rent
3852,A00004008,Malak Ouazzani,SA189972,49,Masters,34 Boulevard Hlioua,Nador,62000.0,Y,4,Y,Own
3853,A00001049,Amine Berrada,G771447,61,High School,45 Boulevard Bernoussi,Kenitra,14110.0,N,4,Y,Mortgage
3854,A00001490,Rachida Bennani,X517159,31,High School,45 Residence Al Qods,Madagh,,Y,2,Y,Own
3855,A00007749,Zineb El Idrissi,EE214470,37,Masters,16 Lotissement Hassan II,Marrakech,40000.0,Y,5,Y,Mortgage
3856,A00003729,Aya Benchikh,QA775333,58,High School,19 Rue Hlioua,Oued Zem,25200.0,N,2,Y,Mortgage
3857,A00009138,Rania Farissi,G685660,38,Bachelor,2 Rue Mohammed V,Kenitra,14110.0,N,2,Y,Mortgage
3858,A00001612,Salma Benali,EE186182,46,Bachelor,16 Lotissement Zerktouni,Marrakech,40000.0,N,3,Y,Own
3859,A00007856,Kaoutar Benali,EE639991,34,High School,49 Lotissement Salam,Marrakech,40000.0,N,4,Y,Own
3860,A00002622,Fatima Ezzahra  Kibala,T999315,62,,41 Residence Zerktouni,Mohammedia,28810.0,N,6,Y,Mortgage
3861,A00004033,Zineb Benali,KB403568,36,MD,9 Avenue Salam,Tanger,90053.0,N,6,Y,Mortgage
3862,A00005019,Hassan Jamal,BJ630481,60,High School,15 Boulevard Al Houda,Casablanca,20220.0,Y,5,Y,Mortgage
3863,A00005671,Aziza Tahiri,X442029,31,Masters,24 Rue Al Massira,Ain Taoujdate,,N,2,Y,Rent
3864,A00004875,Fatima Ezzahra  Bennani,EE326426,25,High School,36 Residence Salam,Marrakech,40000.0,Y,3,Y,Own
3865,A00000076,Mohammed Amine Fakhir,BJ913746,36,High School,21 Boulevard Al Qods,Casablanca,20220.0,N,6,Y,Mortgage
3866,A00005907,Fatima Kibala,X942473,52,Masters,20 Avenue Zerktouni,Matarka,,Y,3,Y,Own
3867,A00009445,Noha Radi,X339095,52,Masters,16 Hay Hlioua,Tichla,,Y,6,Y,Mortgage
3868,A00004585,Jamila Metouali,JK327616,36,Bachelor,39 Residence Mohammed V,Agadir,80000.0,N,4,Y,Own
3869,A00009225,Malak Fakhir,X499325,45,Bachelor,12 Avenue Hassan II,Nouaceur,,N,4,Y,Own
3870,A00008592,Omar Bachri,JK205764,42,High School,6 Residence Al Houda,Agadir,80000.0,Y,2,Y,Own
3871,A00001787,Zineb Lahlou,F762765,44,MD,37 Lotissement Hlioua,Oujda,60010.0,Y,7,Y,Rent
3872,A00008011,Taha Metouali,L739744,52,Bachelor,31 Hay Zerktouni,Tetouan,93000.0,Y,5,Y,Mortgage
3873,A00003503,Aziza Barghoud,X651586,61,High School,27 Lotissement Mohammed V,Ait Daoud,,Y,5,Y,Mortgage
3874,A00008120,Mohamed Oufkir,JK314749,62,High School,39 Residence Mohammed V,Agadir,80000.0,Y,6,Y,Own
3875,A00004687,Taha Metouali,KB326223,46,Bachelor,2 Hay Zerktouni,Tanger,90053.0,Y,4,Y,Mortgage
3876,A00003389,Jamila Fakhir,X645809,56,College,20 Rue Hassan II,,,Y,4,Y,Mortgage
3877,A00008381,Mohamed Skalli,N880270,54,High School,39 Rue Bernoussi,Essaouira,44000.0,N,4,Y,Mortgage
3878,A00005450,Youssef Fakhir,EE969326,57,Bachelor,3 Hay Mohammed V,Marrakech,40000.0,N,7,Y,Own
3879,A00000880,Khaoula Amine,X101453,64,Masters,1 Rue Al Houda,Tata,,N,4,Y,Mortgage
3880,A00000727,Aziza Moufkir ,X700875,33,High School,21 Hay Mohammed V,Had Soualem,,Y,6,Y,Own
3881,A00002087,Malak Lahlou,X433772,27,High School,48 Lotissement El Fadl,Bahouda,,Y,5,Y,Rent
3882,A00001067,Amine El Yousfi,EE145045,52,Bachelor,31 Hay Centrale,Marrakech,40000.0,Y,2,Y,Own
3883,A00005247,Omar Metouali,X471727,60,Bachelor,48 Residence Salam,Missour,,Y,3,Y,Rent
3884,A00002214,Khadija Oufkir,EE973342,42,Bachelor,19 Boulevard Zerktouni,Marrakech,40000.0,N,4,Y,Own
3885,A00002529,Yahya Alaoui,EE865222,42,High School,42 Residence Bernoussi,Marrakech,40000.0,Y,6,Y,Rent
3886,A00001614,Fatima Ouazzani,AG399176,64,College,41 Rue Hlioua,Rabat,11025.0,Y,5,Y,Own
3887,A00001838,Jamila Benchikh,F460675,57,,3 Rue Mohammed V,Oujda,60010.0,Y,3,Y,Mortgage
3888,A00005406,Ahmed Benali,X162788,45,High School,11 Rue Hlioua,Sebt El Guerdane,,N,4,Y,Own
3889,A00006955,Malak Eddoughmi,EE368040,59,Bachelor,27 Rue Al Qods,Marrakech,40000.0,Y,5,Y,Mortgage
3890,A00009023,Khadija Amrani,EE122581,25,MD,16 Hay Bernoussi,Marrakech,40000.0,Y,5,Y,Mortgage
3891,A00004107,Youssef Eddoughmi,X375071,39,,22 Residence Mohammed V,Agourai,,N,5,Y,Own
3892,A00001033,Omar Radi,F799653,29,Bachelor,22 Hay Zerktouni,Oujda,60010.0,N,7,Y,Own
3893,A00004168,Yahya Jamal,BJ864442,39,High School,6 Boulevard El Fadl,Casablanca,20220.0,Y,5,Y,Rent
3894,A00006899,Omar Moufkir ,CC363639,32,Masters,3 Rue Hlioua,Fes,30000.0,N,4,Y,Mortgage
3895,A00009010,Hassan Bachri,X943154,56,Bachelor,11 Boulevard Al Massira,MideltDakhla,,Y,3,Y,Rent
3896,A00000039,Aya Skalli,AB242802,43,Bachelor,46 Residence Centrale,Sale,11000.0,Y,3,Y,Own
3897,A00004907,Kawtar Barghoud,X922488,26,Bachelor,8 Residence Zerktouni,Dar Jamaa,,Y,2,Y,Mortgage
3898,A00008582,Aya Oufkir,X195026,26,High School,36 Boulevard Al Massira,Lamsid,,Y,4,Y,Rent
3899,A00003578,Aziza Kibala,L344934,36,High School,36 Hay Centrale,Tetouan,93000.0,Y,3,Y,Own
3900,A00003079,Amine Fakhir,X951362,46,Bachelor,42 Residence Al Massira,Chichaoua,,Y,7,Y,Own
3901,A00005868,Fatima Dadi,CC183257,50,High School,7 Lotissement Salam,Fes,30000.0,Y,3,Y,Own
3902,A00004138,Hassan Tahiri,KB640405,43,Bachelor,8 Hay Al Qods,Tanger,90053.0,Y,4,Y,Mortgage
3903,A00005640,Amine Tahiri,HH132051,27,College,10 Rue Hlioua,Safi,46000.0,N,2,Y,Rent
3904,A00008832,Omar Amine,EE108311,38,Bachelor,30 Avenue Hlioua,Marrakech,40000.0,N,6,N,Rent
3905,A00001688,Yahya Berrada,L668538,55,Bachelor,33 Residence Hassan II,Tetouan,93000.0,N,5,N,Rent
3906,A00000031,Zineb Benali,DN294341,40,MD,27 Rue Centrale,Meknes,50010.0,Y,6,Y,Rent
3907,A00004707,Salma Amrani,LC310245,25,Bachelor,26 Rue Centrale,Chefchaouen,91000.0,Y,7,Y,Rent
3908,A00000776,Hassan Bate,BJ575603,60,High School,17 Lotissement Zerktouni,Casablanca,20220.0,N,2,Y,Rent
3909,A00004335,Rachida Dadi,AB947458,26,Bachelor,24 Residence Bernoussi,Sale,11000.0,Y,2,Y,Mortgage
3910,A00009949,Kawtar Moufkir ,KB369381,44,MD,21 Residence Zerktouni,Tanger,90053.0,N,7,Y,Own
3911,A00004809,Youssef Amrani,BJ979887,51,High School,19 Boulevard Zerktouni,Casablanca,20220.0,Y,5,Y,Rent
3912,A00003918,Mohammed Amine Lahlou,AG645671,62,High School,24 Lotissement El Fadl,Rabat,11025.0,Y,2,Y,Rent
3913,A00002071,Khaoula Moufkir ,X362074,33,High School,31 Boulevard Centrale,Aknoul,,Y,3,Y,Rent
3914,A00008414,Hajar Tahiri,EE298204,34,High School,43 Hay Salam,Marrakech,40000.0,N,7,Y,Rent
3915,A00004185,Noha Lahlou,L808491,49,,32 Avenue Al Massira,Tetouan,93000.0,N,3,Y,Mortgage
3916,A00007659,Malak Fakhir,CC901132,27,College,35 Residence Hassan II,Fes,30000.0,N,2,Y,Mortgage
3917,A00004054,Mohammed Amine Barghoud,X365822,45,College,10 Rue Al Massira,Tinghir,,Y,2,Y,Mortgage
3918,A00008219,Hajar El Idrissi,AB655167,38,Bachelor,47 Residence Zerktouni,Sale,11000.0,Y,5,Y,Rent
3919,A00004781,Meryem Metouali,JK517398,34,Bachelor,39 Residence Mohammed V,Agadir,80000.0,Y,2,N,Rent
3920,A00000353,Omar Banoune,X875389,49,Bachelor,19 Rue Bernoussi,Ras El Ma,,Y,6,Y,Mortgage
3921,A00001123,Hamza Alaoui,BJ987530,37,Masters,22 Hay Mohammed V,Casablanca,20220.0,Y,5,N,Rent
3922,A00007350,Amine Amrani,BJ395814,26,Bachelor,41 Residence Al Qods,Casablanca,20220.0,Y,6,N,Mortgage
3923,A00005629,Malak El Idrissi,G906433,63,High School,2 Lotissement Al Qods,Kenitra,14110.0,N,3,Y,Own
3924,A00002360,Noha Kibala,N115295,35,Bachelor,1 Lotissement Centrale,Essaouira,44000.0,Y,3,Y,Own
3925,A00002219,Hamza Benali,L785750,29,College,13 Boulevard Mohammed V,Tetouan,93000.0,Y,2,Y,Mortgage
3926,A00003751,Amine Amine,X265645,44,Bachelor,27 Lotissement Mohammed V,Ait Daoud,,Y,6,Y,Rent
3927,A00002688,Hiba Amrani,X897441,58,High School,1 Rue Hassan II,Khenichet,,Y,3,Y,Own
3928,A00005387,Mohamed Alaoui,DN931478,51,Masters,39 Lotissement Hlioua,Meknes,50010.0,N,7,Y,Own
3929,A00001280,Aya Benali,AB158463,48,,20 Residence Zerktouni,Sale,11000.0,Y,7,Y,Mortgage
3930,A00003370,Rachida Mansar,X385556,31,,26 Residence Mohammed V,Ras El Ma,,N,3,Y,Mortgage
3931,A00001866,Malak Benchikh,X702814,50,High School,21 Residence Salam,Sebaa Aiyoun,,N,6,N,Rent
3932,A00004383,Khadija El Yousfi,P710850,25,Bachelor,24 Hay Al Qods,Ouarzazate,45000.0,N,6,Y,Rent
3933,A00002656,Hajar Banoune,F439560,32,High School,26 Hay Mohammed V,Oujda,60010.0,Y,5,Y,Mortgage
3934,A00001430,Youssef Ouazzani,Z737966,63,,48 Lotissement Salam,Taza,35000.0,N,4,Y,Rent
3935,A00009318,Hajar Barghoud,QA420923,31,,42 Residence Bernoussi,Oued Zem,25200.0,Y,3,Y,Mortgage
3936,A00003892,Hiba Barghoud,CC815672,63,High School,43 Avenue Al Houda,Fes,30000.0,N,7,Y,Rent
3937,A00008917,Taha Fakhir,KB355374,38,Bachelor,8 Residence Bernoussi,Tanger,90053.0,Y,2,Y,Mortgage
3938,A00006948,Fatima Lahlou,AG911274,27,Masters,4 Residence Centrale,Rabat,11025.0,Y,3,Y,Rent
3939,A00002341,Hajar Bate,G314348,26,Bachelor,8 Rue El Fadl,Kenitra,14110.0,N,3,Y,Own
3940,A00007923,Amine Oufkir,EE998633,35,Bachelor,46 Hay Centrale,Marrakech,40000.0,Y,7,N,Rent
3941,A00007036,Noha Oufkir,X354544,52,Bachelor,47 Lotissement Hassan II,Massa,,N,6,Y,Rent
3942,A00005825,Omar Bennani,KB624221,59,Bachelor,18 Hay Bernoussi,Tanger,90053.0,Y,5,Y,Rent
3943,A00007850,Kawtar Fadili,FB387962,34,Bachelor,35 Hay Zerktouni,Taourirt,65000.0,Y,3,Y,Mortgage
3944,A00002692,Omar Metouali,L257465,51,Bachelor,39 Avenue Bernoussi,Tetouan,93000.0,N,2,Y,Own
3945,A00002836,Malak Amine,JK865635,46,Bachelor,2 Lotissement Zerktouni,Agadir,80000.0,N,2,Y,Rent
3946,A00003207,Zineb Barghoud,JK520436,55,Bachelor,31 Boulevard Bernoussi,Agadir,80000.0,Y,6,Y,Mortgage
3947,A00007345,Mohammed Amine Bennani,CC632300,27,Bachelor,35 Boulevard Zerktouni,Fes,30000.0,N,5,Y,Mortgage
3948,A00000632,Aya Amrani,X772058,42,Bachelor,14 Rue Hassan II,Zemamra,,Y,7,Y,Rent
3949,A00001806,Noha Dadi,X205410,47,Bachelor,1 Lotissement Hassan II,Sidi Taibi,,Y,7,Y,Rent
3950,A00002108,Fatima Eddoughmi,X159327,44,PhD,47 Lotissement Zerktouni,Ouezzane,,Y,7,Y,Mortgage
3951,A00007731,Hiba Metouali,L647435,28,High School,30 Avenue El Fadl,Tetouan,93000.0,Y,5,Y,Mortgage
3952,A00001511,Youssef Lahlou,WA403256,32,MD,16 Lotissement Al Houda,Berrechid,26100.0,Y,3,Y,Own
3953,A00003332,Omar Ouazzani,AG991918,59,Bachelor,12 Hay Hlioua,Rabat,11025.0,Y,2,N,Mortgage
3954,A00004265,Rachida Eddoughmi,AG685471,28,Bachelor,41 Hay Al Qods,Rabat,11025.0,Y,2,Y,Mortgage
3955,A00000301,Meryem Lahlou,X667174,49,High School,13 Hay El Fadl,Hattane,,Y,6,Y,Own
3956,A00009123,Aziza Oufkir,HH554987,64,PhD,45 Boulevard Bernoussi,Safi,46000.0,Y,5,Y,Mortgage
3957,A00000175,Fatima Fadili,AB232405,56,Masters,9 Avenue Centrale,Sale,11000.0,Y,5,Y,Own
3958,A00002567,Omar Banoune,N789188,34,Bachelor,13 Avenue El Fadl,Essaouira,44000.0,N,3,Y,Rent
3959,A00004855,Jamila Benchikh,X613469,61,,25 Hay Bernoussi,Anougal,,N,4,Y,Rent
3960,A00002581,Hamza Ouazzani,AG445953,38,Bachelor,14 Boulevard Al Qods,Rabat,11025.0,N,3,Y,Mortgage
3961,A00001624,Ahmed Metouali,X410120,38,High School,42 Residence Salam,Boujdour,,Y,6,Y,Own
3962,A00006512,Hiba El Yousfi,JK219911,57,Bachelor,10 Avenue Al Qods,Agadir,80000.0,Y,6,Y,Mortgage
3963,A00003308,Jamila Amine,X557534,51,Bachelor,31 Lotissement Hlioua,MideltDakhla,,Y,6,Y,Own
3964,A00007761,Rania Farissi,AG188018,37,Bachelor,40 Residence Al Massira,Rabat,11025.0,Y,7,Y,Rent
3965,A00001917,Amine Radi,ZG828980,60,Masters,47 Avenue Bernoussi,Guercif,37000.0,Y,3,Y,Rent
3966,A00006906,Malak Moufkir ,X362725,28,Bachelor,15 Boulevard Bernoussi,Skhirat,,N,3,Y,Mortgage
3967,A00001875,Hajar Bachri,X974981,46,College,46 Residence Centrale,Had Kourt,,N,7,Y,Mortgage
3968,A00005025,Zineb Eddoughmi,DN416993,41,Masters,43 Rue Centrale,Meknes,50010.0,Y,6,Y,Rent
3969,A00001054,Kaoutar Fadili,KB384128,33,High School,32 Lotissement Hassan II,Tanger,90053.0,Y,6,Y,Mortgage
3970,A00007846,Ahmed Banoune,M856752,47,MD,2 Rue Zerktouni,El Jadida,24010.0,Y,7,Y,Mortgage
3971,A00009497,Mohammed Amine Moufkir ,X369111,53,Bachelor,24 Lotissement El Fadl,Bni Hadifa,,Y,4,Y,Mortgage
3972,A00003195,Omar Bennani,P708333,46,Bachelor,24 Hay Al Qods,Ouarzazate,45000.0,Y,3,Y,Own
3973,A00008071,Omar El Idrissi,EE342059,29,Bachelor,38 Hay Centrale,Marrakech,40000.0,Y,4,Y,Mortgage
3974,A00008128,Omar El Fassi,SA256978,28,College,13 Rue El Fadl,Nador,62000.0,N,5,Y,Rent
3975,A00009473,Kaoutar Mansour,DN248400,62,,7 Hay Centrale,Meknes,50010.0,N,4,Y,Mortgage
3976,A00000629,Noha El Fassi,KB567589,58,PhD,49 Boulevard Al Qods,Tanger,90053.0,N,7,Y,Rent
3977,A00002411,Jamila Jamal,G758720,44,Bachelor,18 Residence Hassan II,Kenitra,14110.0,Y,5,Y,Own
3978,A00000584,Hamza Jamal,AG564543,58,Bachelor,26 Residence El Fadl,Rabat,11025.0,Y,5,Y,Own
3979,A00000732,Rachida Amrani,M575823,40,High School,22 Avenue Hlioua,El Jadida,24010.0,N,2,Y,Rent
3980,A00006481,Salma Lahlou,AG122277,49,Bachelor,26 Avenue Al Massira,Rabat,11025.0,Y,6,Y,Own
3981,A00006187,Mohamed Oufkir,BJ674268,40,Bachelor,27 Avenue Salam,Casablanca,20220.0,Y,7,Y,Own
3982,A00000128,Aya Benchikh,G577551,60,PhD,44 Avenue Al Houda,Kenitra,14110.0,Y,2,Y,Rent
3983,A00006233,Othmane Tazi,L227285,47,Masters,39 Avenue Bernoussi,Tetouan,93000.0,Y,4,Y,Rent
3984,A00007686,Zineb Kibala,AB281829,33,Bachelor,45 Lotissement Hlioua,Sale,11000.0,Y,5,Y,Mortgage
3985,A00003425,Fatima Ezzahra  Mansar,AG428174,53,Bachelor,9 Boulevard Al Houda,Rabat,11025.0,Y,2,Y,Mortgage
3986,A00006531,Mohammed Amine Dadi,X108856,33,Bachelor,43 Residence Salam,Aknoul,,Y,7,Y,Own
3987,A00003836,Rachida Fakhir,X456339,41,College,38 Boulevard Hlioua,Karia Ba Mohamed,,Y,2,Y,Rent
3988,A00004599,Mohamed Amine,M251528,51,Bachelor,13 Boulevard Centrale,El Jadida,24010.0,N,5,Y,Rent
3989,A00006686,Omar Mansour,DN876907,58,High School,38 Avenue El Fadl,Meknes,50010.0,Y,2,Y,Own
3990,A00004796,Hassan Tahiri,X790888,53,Masters,5 Hay Al Qods,Taghramt,,Y,5,Y,Rent
3991,A00006659,Khadija Tahiri,F135631,54,Bachelor,15 Avenue Zerktouni,Oujda,60010.0,N,7,Y,Rent
3992,A00009144,Taha Skalli,AG783105,46,High School,13 Residence Salam,Rabat,11025.0,Y,4,Y,Mortgage
3993,A00006070,Meryem Dadi,JK204969,27,Bachelor,39 Hay Mohammed V,Agadir,80000.0,N,6,Y,Rent
3994,A00006003,Khaoula Farissi,AG492963,35,College,6 Rue Hassan II,Rabat,11025.0,Y,6,Y,Mortgage
3995,A00001205,Kaoutar Bachri,JK665108,63,Masters,10 Rue Hassan II,Agadir,80000.0,Y,4,Y,Own
3996,A00006259,Hajar Banoune,GK132100,40,Bachelor,2 Rue Centrale,Sidi Kacem,16000.0,N,5,Y,Rent
3997,A00002901,Adam Bachri,X529784,43,Bachelor,46 Lotissement El Fadl,Tinjdad,,Y,4,Y,Own
3998,A00009342,Aya Skalli,G518395,62,MD,20 Boulevard Hlioua,Kenitra,14110.0,N,6,N,Own
3999,A00009387,Yahya El Idrissi,DN988069,37,High School,12 Rue Salam,Meknes,50010.0,Y,2,Y,Own
4000,A00005088,Malak Oufkir,DB126976,47,High School,2 Lotissement Bernoussi,Ifrane,53000.0,Y,5,Y,Own
4001,A00005400,Yahya Benali,KB815519,26,High School,10 Lotissement Salam,Tanger,90053.0,Y,5,Y,Mortgage
4002,A00001241,Hiba Amrani,EE708518,49,High School,3 Avenue Hlioua,Marrakech,40000.0,Y,3,Y,Mortgage
4003,A00008125,Fatima Fakhir,X952231,35,High School,19 Boulevard Zerktouni,Imi n'Tanoute,,Y,2,Y,Rent
4004,A00001072,Hamza Jamal,EE804141,46,Bachelor,16 Lotissement Hassan II,Marrakech,40000.0,Y,6,N,Mortgage
4005,A00009561,Meryem Lahlou,G990226,42,High School,10 Lotissement Zerktouni,Kenitra,14110.0,Y,5,Y,Own
4006,A00004735,Rachida Mansar,F819069,61,High School,48 Boulevard Bernoussi,Oujda,60010.0,Y,3,Y,Rent
4007,A00001388,Youssef Metouali,DN343784,34,Bachelor,23 Rue Salam,Meknes,50010.0,Y,4,Y,Rent
4008,A00000944,Amine Benchikh,N447244,64,Masters,29 Avenue Hlioua,Essaouira,44000.0,Y,7,Y,Own
4009,A00000003,Fatima Tazi,DB566934,25,Bachelor,11 Boulevard Al Houda,Ifrane,53000.0,N,4,Y,Mortgage
4010,A00000363,Aya Alaoui,CC914457,27,MD,48 Residence Hassan II,Fes,30000.0,Y,6,Y,Mortgage
4011,A00003369,Amine Benali,BJ882860,59,Bachelor,12 Hay El Fadl,Casablanca,20220.0,Y,7,Y,Mortgage
4012,A00003399,Yahya Benali,X708410,27,High School,21 Residence Hassan II,Ounagha,,Y,3,Y,Rent
4013,A00004972,Hassan El Fassi,AG750798,52,Bachelor,21 Lotissement Al Qods,Rabat,11025.0,Y,2,Y,Rent
4014,A00008284,Hiba Ouazzani,L100417,32,Bachelor,23 Hay Hlioua,Tetouan,93000.0,N,4,Y,Rent
4015,A00008727,Hajar Bate,X256716,43,Bachelor,28 Avenue Al Houda,Kalaat M'Gouna,,N,6,N,Mortgage
4016,A00008906,Zineb Mansar,DN271350,29,High School,2 Boulevard Zerktouni,Meknes,50010.0,Y,5,Y,Own
4017,A00002215,Adam Benali,ZG254631,60,MD,8 Residence Hlioua,Guercif,37000.0,Y,4,Y,Mortgage
4018,A00001585,Jamila Oufkir,F279367,31,Bachelor,22 Lotissement Al Houda,Oujda,60010.0,Y,3,Y,Mortgage
4019,A00005317,Mohamed Fakhir,EE284354,54,College,11 Lotissement Centrale,Marrakech,40000.0,N,5,Y,Mortgage
4020,A00007874,Mohammed Amine Barghoud,X447988,47,Masters,17 Lotissement Bernoussi,Boumalne Dades,,Y,2,Y,Mortgage
4021,A00000734,Khaoula Bate,X171401,41,MD,29 Hay Al Qods,Karia Ba Mohamed,,Y,5,Y,Rent
4022,A00002813,Youssef Bachri,KB577779,55,Bachelor,22 Rue Centrale,Tanger,90053.0,Y,4,Y,Own
4023,A00004116,Adam Moufkir ,CC217248,39,Bachelor,43 Residence Salam,Fes,30000.0,Y,7,Y,Rent
4024,A00002212,Yahya Mansar,AB655725,27,Bachelor,11 Residence Al Qods,Sale,11000.0,Y,7,Y,Own
4025,A00004742,Meryem Skalli,X569535,47,Masters,3 Lotissement El Fadl,Moqrisset,,Y,2,Y,Own
4026,A00005190,Adam Tahiri,JK345681,55,Bachelor,28 Lotissement Salam,Agadir,80000.0,N,3,Y,Mortgage
4027,A00001140,Youssef Kibala,AB169553,60,Bachelor,18 Hay Al Qods,Sale,11000.0,Y,3,Y,Own
4028,A00008503,Hiba Ouazzani,X249204,62,Bachelor,44 Boulevard El Fadl,Ras El Ma,,Y,6,Y,Rent
4029,A00000958,Noha Alaoui,X318850,31,Bachelor,46 Lotissement Salam,Khourubga,25000.0,Y,4,N,Rent
4030,A00004311,Malak El Fassi,X483849,60,High School,11 Residence El Fadl,Moulay Bouazza,,N,5,Y,Own
4031,A00001022,Meryem Fakhir,KB155096,44,Bachelor,47 Rue Salam,Tanger,90053.0,Y,7,Y,Own
4032,A00003852,Noha Dadi,X907765,30,High School,28 Rue Al Massira,Tissa,,N,4,Y,Rent
4033,A00007810,Ahmed Bennani,BJ280389,47,MD,12 Rue Al Qods,Casablanca,20220.0,N,6,Y,Mortgage
4034,A00005889,Kawtar Mansour,AG239833,48,High School,41 Rue Hlioua,Rabat,11025.0,Y,2,Y,Mortgage
4035,A00002035,Kawtar Fadili,X610315,52,High School,18 Residence Hassan II,Mograne,,Y,7,N,Rent
4036,A00001302,Taha Oufkir,X161813,35,Bachelor,32 Lotissement Salam,Skoura Ahl El Oust,,Y,7,Y,Mortgage
4037,A00001530,Omar Amrani,AG658285,33,Bachelor,2 Residence Bernoussi,Rabat,11025.0,Y,2,N,Mortgage
4038,A00003115,Khadija El Fassi,QA436783,35,High School,9 Rue Al Houda,Oued Zem,25200.0,N,7,Y,Own
4039,A00008244,Omar Bachri,AB500141,53,Masters,26 Hay Bernoussi,Sale,11000.0,Y,6,Y,Rent
4040,A00009066,Aya Moufkir ,QA500986,26,College,9 Rue Al Houda,Oued Zem,25200.0,Y,7,Y,Own
4041,A00002739,Jamila Skalli,X704958,57,High School,17 Hay Hassan II,Figuig,,N,4,Y,Rent
4042,A00006264,Hajar Lahlou,X849341,58,Bachelor,7 Boulevard Al Houda,Iksane,,Y,7,Y,Own
4043,A00008867,Aziza El Fassi,QA504714,60,High School,45 Boulevard Al Qods,Oued Zem,25200.0,Y,2,Y,Own
4044,A00009569,Hiba Ouazzani,WA903130,62,Masters,42 Residence Bernoussi,Berrechid,26100.0,N,4,Y,Mortgage
4045,A00001836,Omar El Idrissi,N645983,44,Bachelor,36 Boulevard Centrale,Essaouira,44000.0,N,5,Y,Own
4046,A00005255,Hamza El Yousfi,JK388484,27,Bachelor,44 Avenue Zerktouni,Agadir,80000.0,Y,2,Y,Rent
4047,A00002829,Zineb Oufkir,M134512,56,High School,7 Lotissement Al Houda,El Jadida,24010.0,Y,4,Y,Mortgage
4048,A00003810,Kaoutar Bate,G253552,28,Bachelor,7 Rue Mohammed V,Kenitra,14110.0,Y,6,Y,Mortgage
4049,A00003784,Kawtar Skalli,AB946982,51,Masters,48 Hay Bernoussi,Sale,11000.0,Y,5,Y,Own
4050,A00009989,Amine El Idrissi,X602707,35,College,15 Residence Centrale,Ouezzane,,Y,4,N,Mortgage
4051,A00006586,Yahya Bate,AB928127,29,Bachelor,25 Hay Salam,Sale,11000.0,N,5,Y,Own
4052,A00007678,Yahya Kibala,X817415,64,High School,17 Lotissement Bernoussi,Boumalne Dades,,N,3,Y,Mortgage
4053,A00000669,Mohamed Fadili,N957632,56,Masters,5 Avenue Salam,Essaouira,44000.0,Y,6,Y,Own
4054,A00007737,Noha Radi,R809115,38,High School,28 Lotissement Mohammed V,El Hoceima,32000.0,Y,2,Y,Own
4055,A00002387,Rania Metouali,EE945711,49,Masters,38 Boulevard Bernoussi,Marrakech,40000.0,Y,6,Y,Rent
4056,A00009380,Omar Fadili,AB658252,54,High School,48 Boulevard Zerktouni,Sale,11000.0,N,3,Y,Mortgage
4057,A00004825,Mohamed Alaoui,AG368178,53,PhD,48 Residence Bernoussi,Rabat,11025.0,N,6,Y,Mortgage
4058,A00000524,Mohammed Amine Bate,N651815,27,Bachelor,19 Residence Al Qods,Essaouira,44000.0,Y,2,Y,Rent
4059,A00009726,Kaoutar Barghoud,X569792,25,Bachelor,9 Rue Al Houda,Aouama,,N,2,Y,Rent
4060,A00002782,Kaoutar Moufkir ,G829300,57,Bachelor,21 Lotissement Al Qods,Kenitra,14110.0,Y,5,Y,Own
4061,A00001305,Youssef El Fassi,X267341,64,Bachelor,24 Rue Al Houda,Asilah,,N,4,Y,Rent
4062,A00008997,Fatima Ezzahra  Jamal,L283947,31,Masters,42 Rue Hassan II,Tetouan,93000.0,Y,3,Y,Mortgage
4063,A00006710,Hassan Farissi,JK767995,32,High School,12 Rue Al Houda,Agadir,80000.0,Y,3,Y,Mortgage
4064,A00003443,Mohammed Amine Bate,BJ325026,42,Bachelor,15 Boulevard Al Houda,Casablanca,20220.0,N,6,Y,Rent
4065,A00002523,Hamza Mansour,JK340382,51,High School,30 Lotissement Centrale,Agadir,80000.0,N,7,Y,Rent
4066,A00004723,Fatima Ezzahra  Mansour,L938655,46,Bachelor,12 Residence Al Qods,Tetouan,93000.0,Y,5,Y,Own
4067,A00008330,Ahmed Barghoud,N821515,50,Bachelor,30 Lotissement Mohammed V,Essaouira,44000.0,N,5,Y,Rent
4068,A00002897,Noha Tahiri,AB804407,26,Bachelor,5 Rue Hassan II,Sale,11000.0,N,3,Y,Mortgage
4069,A00002402,Mohammed Amine Moufkir ,AG520508,63,Masters,43 Hay Salam,Rabat,11025.0,Y,6,Y,Own
4070,A00009164,Rachida Bate,X997447,46,,25 Boulevard Salam,Matarka,,Y,6,Y,Rent
4071,A00007195,Fatima Ezzahra  Moufkir ,W322556,56,High School,11 Rue Salam,Settat,26000.0,Y,3,Y,Rent
4072,A00001626,Youssef Tazi,X914877,41,Bachelor,11 Rue Hlioua,Zagora,,Y,7,Y,Rent
4073,A00002616,Kawtar Salhi,R700249,39,College,18 Boulevard Hassan II,El Hoceima,32000.0,Y,2,Y,Rent
4074,A00008003,Hiba El Yousfi,EA543523,60,Bachelor,45 Hay Hlioua,Ben Guerir,43150.0,Y,3,Y,Own
4075,A00004736,Aziza Moufkir ,AG611911,49,Bachelor,8 Lotissement Hassan II,Rabat,11025.0,Y,2,Y,Own
4076,A00001043,Fatima Ezzahra  El Fassi,X852335,37,MD,12 Lotissement Zerktouni,Tarfaya,,Y,5,Y,Rent
4077,A00006738,Fatima Ezzahra  Ouazzani,L945920,27,High School,34 Rue Hassan II,Tetouan,93000.0,N,6,Y,Own
4078,A00008364,Fatima Oufkir,BJ940399,30,College,5 Boulevard Al Qods,Casablanca,20220.0,N,4,Y,Rent
4079,A00007892,Kaoutar Mansar,HH801372,64,MD,48 Avenue Mohammed V,Safi,46000.0,Y,2,Y,Rent
4080,A00004217,Malak Bachri,DN966412,33,Bachelor,28 Avenue Mohammed V,Meknes,50010.0,Y,4,Y,Mortgage
4081,A00005952,Mohammed Amine Moufkir ,KB603672,36,Bachelor,37 Boulevard Centrale,Tanger,90053.0,N,5,N,Own
4082,A00006597,Malak Alaoui,X280546,52,High School,49 Boulevard Al Houda,Ben Mansour,,Y,6,Y,Own
4083,A00002905,Jamila Bachri,CC666602,46,High School,9 Residence Salam,Fes,30000.0,Y,4,Y,Rent
4084,A00003843,Taha Amrani,ZG439545,28,PhD,11 Boulevard Al Massira,Guercif,37000.0,Y,3,Y,Mortgage
4085,A00008992,Mohammed Amine Tahiri,CC211567,55,Bachelor,18 Lotissement Bernoussi,Fes,30000.0,Y,6,Y,Rent
4086,A00009879,Kawtar Oufkir,AG890414,45,Bachelor,44 Avenue Al Qods,Rabat,11025.0,Y,3,Y,Mortgage
4087,A00004892,Ahmed Bennani,CC271632,44,High School,24 Lotissement Al Houda,Fes,30000.0,Y,2,Y,Own
4088,A00003886,Othmane Dadi,X999976,27,Bachelor,9 Rue Centrale,Imilchil,,N,3,Y,Own
4089,A00003455,Fatima Farissi,F716867,40,College,1 Rue Hassan II,Oujda,60010.0,Y,4,Y,Own
4090,A00008387,Noha Ouazzani,X420644,48,,46 Avenue Bernoussi,Ben Taieb,,N,6,Y,Rent
4091,A00000221,Othmane Radi,X550220,47,,19 Lotissement Bernoussi,Erfoud,,Y,6,Y,Rent
4092,A00009322,Mohamed Benchikh,BJ942284,43,PhD,37 Lotissement Zerktouni,Casablanca,20220.0,Y,4,Y,Mortgage
4093,A00007186,Adam Eddoughmi,F607274,64,College,44 Avenue Al Houda,Oujda,60010.0,Y,7,Y,Own
4094,A00006546,Rania Bennani,JK860391,49,Masters,8 Residence Al Houda,Agadir,80000.0,Y,7,Y,Mortgage
4095,A00007736,Omar Banoune,EE338638,53,High School,12 Boulevard Al Houda,Marrakech,40000.0,Y,2,Y,Mortgage
4096,A00001686,Omar Radi,X674632,32,High School,17 Rue Hassan II,,,Y,4,Y,Rent
4097,A00005890,Yahya Benali,VA224186,40,High School,17 Residence Salam,Midelt,54350.0,Y,2,Y,Rent
4098,A00005132,Noha Bate,X669573,45,College,24 Hay Al Qods,Iksane,,Y,6,Y,Rent
4099,A00006543,Fatima Eddoughmi,JK150488,32,Bachelor,43 Lotissement Hlioua,Agadir,80000.0,N,6,Y,Rent
4100,A00006664,Fatima Dadi,X697163,37,MD,20 Lotissement El Fadl,Had Kourt,,Y,6,Y,Rent
4101,A00002094,Malak Kibala,N159868,62,College,45 Avenue Al Houda,Essaouira,44000.0,Y,2,Y,Rent
4102,A00006727,Kaoutar Alaoui,X670874,32,MD,35 Rue Salam,Gueznaia,,Y,2,Y,Rent
4103,A00007949,Kaoutar Bennani,CC116892,62,High School,32 Hay Salam,Fes,30000.0,N,7,Y,Rent
4104,A00005854,Mohamed Farissi,JK202141,54,High School,39 Hay Mohammed V,Agadir,80000.0,N,4,Y,Rent
4105,A00008242,Youssef Bate,X899768,40,Bachelor,7 Hay Salam,Ouezzane,,Y,4,N,Rent
4106,A00005401,Khadija Eddoughmi,X435826,41,Bachelor,27 Lotissement Centrale,Driouch,,Y,2,N,Mortgage
4107,A00005300,Omar Salhi,BJ504277,48,MD,32 Residence Al Massira,Casablanca,20220.0,N,3,Y,Rent
4108,A00003084,Malak Fadili,X213845,49,Bachelor,1 Rue Bernoussi,Bni Makada,,Y,7,Y,Mortgage
4109,A00002185,Mohammed Amine Kibala,X402227,30,High School,47 Lotissement Hassan II,Massa,,Y,7,Y,Rent
4110,A00007455,Kaoutar El Fassi,X592930,57,High School,21 Residence Salam,Sebaa Aiyoun,,Y,2,Y,Own
4111,A00005721,Zineb Kibala,L815561,28,Bachelor,13 Residence El Fadl,Tetouan,93000.0,N,2,N,Mortgage
4112,A00000616,Rachida Farissi,AB922694,25,High School,29 Boulevard Hlioua,Sale,11000.0,Y,5,Y,Own
4113,A00007193,Mohammed Amine Banoune,AB313597,43,Masters,15 Residence Al Houda,Sale,11000.0,Y,2,Y,Rent
4114,A00005517,Jamila El Idrissi,AG907473,64,High School,38 Lotissement El Fadl,Rabat,11025.0,Y,6,Y,Own
4115,A00009651,Jamila Alaoui,G442474,47,Bachelor,34 Residence Mohammed V,Kenitra,14110.0,Y,2,Y,Mortgage
4116,A00000022,Aya Kibala,X208378,43,,5 Lotissement Zerktouni,,,N,3,Y,Rent
4117,A00007377,Omar Amine,EE665667,28,Bachelor,23 Residence Al Massira,Marrakech,40000.0,Y,4,N,Own
4118,A00008666,Hassan Banoune,DA484273,51,Masters,46 Residence Zerktouni,Azrou,53100.0,Y,3,Y,Rent
4119,A00009937,Mohammed Amine Bate,X303634,56,High School,1 Avenue Hassan II,Tahla,,Y,5,Y,Own
4120,A00004956,Amine Ouazzani,AG445999,25,PhD,40 Residence Al Massira,Rabat,11025.0,Y,4,Y,Rent
4121,A00005644,Mohammed Amine Amrani,JK725565,53,Bachelor,21 Boulevard Al Houda,Agadir,80000.0,N,2,Y,Mortgage
4122,A00002028,Youssef Benchikh,HH971631,53,Bachelor,28 Avenue Hassan II,Safi,46000.0,Y,5,Y,Rent
4123,A00004596,Fatima Barghoud,KB726989,62,Bachelor,2 Rue Mohammed V,Tanger,90053.0,Y,4,Y,Own
4124,A00007090,Salma El Yousfi,EE492187,33,Bachelor,32 Rue Centrale,Marrakech,40000.0,N,6,N,Mortgage
4125,A00004763,Omar Salhi,X573126,36,High School,1 Residence Bernoussi,Bni Hadifa,,Y,2,Y,Mortgage
4126,A00003188,Malak Mansour,N958526,36,Bachelor,5 Avenue Hlioua,Essaouira,44000.0,Y,7,Y,Mortgage
4127,A00008957,Omar Metouali,X649641,35,Bachelor,25 Lotissement Zerktouni,Ras El Ma,,Y,6,Y,Mortgage
4128,A00007599,Hamza Metouali,CC957310,39,Bachelor,40 Hay Hassan II,Fes,30000.0,Y,6,Y,Mortgage
4129,A00006577,Taha El Yousfi,P323142,56,Bachelor,43 Hay Al Massira,Ouarzazate,45000.0,Y,4,Y,Rent
4130,A00008166,Mohamed Bennani,X908722,42,Masters,39 Boulevard Salam,Izaoumen,,Y,3,Y,Mortgage
4131,A00009625,Salma Kibala,CC681269,43,Bachelor,43 Residence Hassan II,Fes,30000.0,Y,7,Y,Rent
4132,A00001889,Noha Berrada,CB465047,25,MD,39 Rue Mohammed V,Sefrou,31000.0,Y,6,Y,Own
4133,A00007328,Taha Tazi,EE936979,38,Bachelor,4 Boulevard Al Houda,Marrakech,40000.0,Y,6,N,Mortgage
4134,A00000807,Hajar Tahiri,AB281310,58,Masters,11 Avenue Salam,Sale,11000.0,Y,2,Y,Rent
4135,A00005846,Youssef Benchikh,X732904,32,High School,40 Lotissement Al Massira,Tabant,,N,6,Y,Mortgage
4136,A00005410,Salma Alaoui,BJ564026,64,MD,18 Boulevard Al Houda,Casablanca,20220.0,Y,6,Y,Own
4137,A00001308,Aziza Tahiri,CB937076,39,High School,29 Hay Hassan II,Sefrou,31000.0,Y,5,Y,Own
4138,A00008578,Salma Benali,AB859510,31,Masters,32 Avenue Bernoussi,Sale,11000.0,Y,7,Y,Own
4139,A00001890,Omar Fakhir,X582896,51,Masters,42 Rue Bernoussi,Mjara,,Y,3,Y,Own
4140,A00009868,Malak Kibala,F957455,44,High School,11 Residence Al Massira,Oujda,60010.0,N,2,Y,Own
4141,A00006725,Hiba Bachri,X976369,55,High School,49 Residence El Fadl,Khemisset,,Y,2,Y,Rent
4142,A00003196,Rania Tazi,X640456,63,Bachelor,12 Avenue Hassan II,Nouaceur,,N,2,Y,Mortgage
4143,A00002516,Jamila El Yousfi,BJ925392,61,High School,4 Hay El Fadl,Casablanca,20220.0,N,4,Y,Rent
4144,A00005731,Rania Tahiri,X784352,61,Masters,44 Boulevard Salam,Icht,,Y,7,Y,Rent
4145,A00009399,Taha Farissi,JA112354,60,Bachelor,38 Lotissement Bernoussi,Guelmim,81000.0,N,4,Y,Mortgage
4146,A00000564,Amine Radi,JA278840,33,Bachelor,42 Lotissement Al Massira,Guelmim,81000.0,Y,5,Y,Mortgage
4147,A00001839,Othmane Mansour,EE141430,39,Bachelor,49 Boulevard El Fadl,Marrakech,40000.0,Y,2,Y,Own
4148,A00007510,Youssef Bachri,X889287,56,High School,5 Lotissement Zerktouni,,,Y,5,Y,Own
4149,A00007194,Amine Moufkir ,AG176882,57,Bachelor,32 Residence Zerktouni,Rabat,11025.0,Y,7,Y,Rent
4150,A00009210,Noha Amrani,FA614606,34,,37 Hay Bernoussi,Berkane,60300.0,Y,5,Y,Mortgage
4151,A00009086,Hajar Metouali,EE600053,58,Bachelor,4 Boulevard Hlioua,Marrakech,40000.0,Y,3,Y,Mortgage
4152,A00008962,Aziza Benali,N889854,39,High School,28 Avenue Mohammed V,Essaouira,44000.0,Y,2,Y,Rent
4153,A00002989,Adam Mansour,W121828,57,Bachelor,26 Avenue Zerktouni,Settat,26000.0,Y,5,N,Own
4154,A00009425,Kaoutar Amine,L717299,26,,25 Avenue Mohammed V,Tetouan,93000.0,Y,5,Y,Own
4155,A00006390,Hiba El Idrissi,X613896,26,Masters,7 Boulevard Hlioua,Khourubga,25000.0,Y,6,Y,Mortgage
4156,A00007382,Khadija Salhi,CC951112,38,MD,1 Lotissement Zerktouni,Fes,30000.0,N,2,Y,Own
4157,A00005659,Amine Radi,KB119493,37,MD,49 Boulevard Al Qods,Tanger,90053.0,Y,3,Y,Own
4158,A00001256,Salma Mansour,R920768,36,Bachelor,18 Boulevard Hassan II,El Hoceima,32000.0,Y,7,Y,Own
4159,A00006907,Amine Fadili,JK562965,29,Bachelor,27 Avenue Hlioua,Agadir,80000.0,Y,4,Y,Mortgage
4160,A00000383,Hiba Amrani,X502226,51,Bachelor,25 Lotissement Hassan II,Souk El Arbaa,,Y,7,Y,Own
4161,A00007092,Rania Tazi,N159178,47,Bachelor,39 Rue Al Qods,Essaouira,44000.0,Y,4,Y,Own
4162,A00007533,Rachida Fadili,L597302,40,Bachelor,29 Rue Bernoussi,Tetouan,93000.0,N,5,Y,Own
4163,A00005474,Hassan Bate,X400621,52,College,10 Rue Al Massira,Ait Daoud,,Y,5,Y,Own
4164,A00005167,Zineb Banoune,X568078,55,College,2 Hay Hlioua,Nzalat,,Y,3,Y,Mortgage
4165,A00000578,Jamila Jamal,KB840399,47,Bachelor,30 Residence Al Houda,Tanger,90053.0,Y,6,Y,Rent
4166,A00007976,Aya Benchikh,X491209,55,Masters,21 Residence Hassan II,Ounagha,,Y,5,Y,Rent
4167,A00005238,Salma El Fassi,FA173468,55,Bachelor,23 Rue Al Houda,Berkane,60300.0,Y,7,Y,Mortgage
4168,A00002668,Yahya Fakhir,KB980045,32,Masters,16 Rue Al Qods,Tanger,90053.0,Y,3,Y,Own
4169,A00000805,Hajar Bennani,BJ802495,46,Bachelor,27 Residence Hassan II,Casablanca,20220.0,N,6,Y,Mortgage
4170,A00003360,Jamila Alaoui,G869257,33,Bachelor,12 Rue Centrale,Kenitra,14110.0,Y,6,Y,Own
4171,A00007298,Aziza Mansar,CC470132,46,College,30 Hay Bernoussi,Fes,30000.0,N,6,Y,Own
4172,A00005875,Mohamed Metouali,DN653787,27,High School,13 Rue Hassan II,Meknes,50010.0,Y,5,Y,Own
4173,A00004473,Omar Amrani,N188439,36,MD,41 Lotissement Centrale,Essaouira,44000.0,Y,2,Y,Own
4174,A00002168,Noha Salhi,X723417,51,Bachelor,8 Residence Al Massira,Imi n'Tanoute,,Y,3,N,Rent
4175,A00007322,Hamza El Yousfi,KB992351,64,High School,26 Rue Bernoussi,Tanger,90053.0,N,6,Y,Mortgage
4176,A00005057,Fatima Lahlou,BJ346549,63,College,24 Lotissement El Fadl,Casablanca,20220.0,Y,3,Y,Mortgage
4177,A00008506,Youssef Alaoui,AG893811,36,College,5 Residence Al Massira,Rabat,11025.0,N,2,Y,Mortgage
4178,A00006332,Khaoula El Idrissi,AG119759,43,Bachelor,37 Avenue Hlioua,Rabat,11025.0,Y,3,Y,Mortgage
4179,A00001990,Aziza Eddoughmi,KB383095,42,High School,20 Avenue Hassan II,Tanger,90053.0,Y,2,Y,Rent
4180,A00006639,Khadija El Fassi,X596461,47,Bachelor,5 Boulevard Al Houda,Demnate,,N,5,Y,Rent
4181,A00009786,Taha Amine,EE450210,46,Masters,14 Rue Al Massira,Marrakech,40000.0,Y,4,Y,Own
4182,A00000291,Noha El Fassi,X820116,52,Bachelor,49 Residence Al Massira,Khourubga,25000.0,Y,3,N,Mortgage
4183,A00002224,Noha Bachri,L868759,42,Bachelor,21 Boulevard Al Massira,Tetouan,93000.0,Y,3,Y,Mortgage
4184,A00001881,Mohammed Amine Bennani,KB229107,27,Masters,37 Rue Hlioua,Tanger,90053.0,Y,7,Y,Rent
4185,A00001445,Fatima Farissi,X817328,26,Bachelor,45 Hay Hlioua,Asilah,,Y,3,Y,Rent
4186,A00000086,Amine El Idrissi,G107823,61,,4 Boulevard Al Massira,Kenitra,14110.0,Y,6,Y,Mortgage
4187,A00009196,Noha Berrada,BJ115960,64,PhD,14 Avenue Al Qods,Casablanca,20220.0,Y,3,Y,Own
4188,A00009722,Zineb El Yousfi,KB572195,43,College,48 Hay Centrale,Tanger,90053.0,Y,3,Y,Mortgage
4189,A00007936,Taha Mansar,CC307952,37,MD,43 Rue Centrale,Fes,30000.0,N,3,Y,Mortgage
4190,A00007331,Hajar Lahlou,EE809950,37,Bachelor,47 Rue Centrale,Marrakech,40000.0,Y,7,Y,Mortgage
4191,A00007358,Noha El Yousfi,X932004,34,High School,7 Hay El Fadl,Asilah,,Y,2,Y,Rent
4192,A00006584,Omar Berrada,KB679301,57,,26 Residence Salam,Tanger,90053.0,Y,6,Y,Own
4193,A00009754,Kaoutar Bachri,FA956416,42,High School,23 Rue Al Houda,Berkane,60300.0,Y,2,Y,Own
4194,A00004428,Hamza El Fassi,X769957,41,,19 Avenue Hlioua,Ahfir,,Y,7,Y,Mortgage
4195,A00000232,Meryem Fakhir,G405980,42,Bachelor,39 Rue Centrale,Kenitra,14110.0,N,7,Y,Rent
4196,A00002138,Fatima Benali,X468416,61,Masters,44 Avenue El Fadl,Sidi Harazem,,Y,4,Y,Mortgage
4197,A00004326,Ahmed Bate,X523182,58,High School,10 Lotissement Hassan II,Ain Harrouda,,Y,5,Y,Mortgage
4198,A00007263,Youssef Kibala,BJ583636,59,High School,9 Hay Al Qods,Casablanca,20220.0,Y,7,Y,Rent
4199,A00005785,Youssef Mansar,JK768388,52,Bachelor,39 Hay Centrale,Agadir,80000.0,N,4,Y,Mortgage
4200,A00004667,Hajar Radi,EE561068,26,Bachelor,31 Hay Bernoussi,Marrakech,40000.0,Y,5,Y,Mortgage
4201,A00007224,Jamila Berrada,CC713938,57,College,9 Residence Salam,Fes,30000.0,Y,4,Y,Mortgage
4202,A00001950,Hajar Amine,EE464779,46,,30 Lotissement Hassan II,Marrakech,40000.0,Y,5,Y,Own
4203,A00003023,Mohamed Moufkir ,L515065,60,Bachelor,46 Hay Centrale,Tetouan,93000.0,Y,4,Y,Own
4204,A00000645,Jamila Berrada,JK763456,48,Bachelor,23 Rue Hlioua,Agadir,80000.0,Y,5,Y,Rent
4205,A00007584,Mohamed Farissi,AG174641,64,Bachelor,2 Residence Al Houda,Rabat,11025.0,N,7,Y,Mortgage
4206,A00002967,Mohamed Banoune,JK525138,25,High School,41 Boulevard Al Qods,Agadir,80000.0,N,7,Y,Own
4207,A00004244,Hiba Berrada,JK621058,27,High School,38 Avenue Mohammed V,Agadir,80000.0,Y,7,Y,Rent
4208,A00004532,Kawtar Benali,X853763,28,High School,32 Residence Hlioua,Taounate,,Y,7,Y,Own
4209,A00004501,Kawtar Alaoui,G586564,41,MD,18 Lotissement Bernoussi,Kenitra,14110.0,Y,5,Y,Mortgage
4210,A00002000,Omar Fakhir,EE121340,47,,1 Residence Centrale,Marrakech,40000.0,Y,3,Y,Own
4211,A00001930,Aziza Dadi,EE835235,52,College,27 Avenue Al Qods,Marrakech,40000.0,Y,5,Y,Rent
4212,A00002746,Hajar Dadi,DN459652,30,College,47 Hay Al Houda,Meknes,50010.0,Y,4,Y,Mortgage
4213,A00003737,Youssef Mansar,EE204801,49,High School,41 Residence Salam,Marrakech,40000.0,N,7,Y,Mortgage
4214,A00004676,Taha Skalli,KB183468,48,Bachelor,8 Avenue Mohammed V,Tanger,90053.0,Y,4,Y,Own
4215,A00000419,Omar Berrada,GK328857,52,Bachelor,38 Boulevard Al Houda,Sidi Kacem,16000.0,Y,5,Y,Mortgage
4216,A00009807,Jamila Farissi,M515233,58,Bachelor,7 Lotissement Al Houda,El Jadida,24010.0,Y,7,Y,Mortgage
4217,A00005580,Fatima Lahlou,HH133637,41,College,45 Boulevard Bernoussi,Safi,46000.0,Y,6,Y,Mortgage
4218,A00000186,Khaoula Mansour,KB475340,31,High School,33 Lotissement Al Qods,Tanger,90053.0,Y,7,Y,Rent
4219,A00003667,Yahya El Fassi,JC444417,56,High School,43 Avenue Hlioua,Taaroudant,83000.0,Y,5,Y,Mortgage
4220,A00009664,Aya Amine,G218349,44,Bachelor,30 Lotissement Al Houda,Kenitra,14110.0,Y,5,Y,Mortgage
4221,A00008103,Jamila Mansar,M920984,27,,1 Rue Al Houda,El Jadida,24010.0,Y,3,Y,Mortgage
4222,A00006081,Youssef Skalli,L460648,60,College,45 Lotissement Zerktouni,Tetouan,93000.0,Y,3,Y,Rent
4223,A00004848,Youssef Alaoui,KB521797,37,High School,47 Lotissement Mohammed V,Tanger,90053.0,Y,4,Y,Own
4224,A00008165,Malak Benali,DN481147,29,Bachelor,14 Residence Hlioua,Meknes,50010.0,Y,5,Y,Own
4225,A00000357,Meryem Amrani,X906864,44,College,38 Avenue Zerktouni,Gueznaia,,Y,7,Y,Own
4226,A00008224,Hajar Benali,KB479007,61,High School,6 Avenue Al Houda,Tanger,90053.0,Y,7,Y,Rent
4227,A00008644,Amine Lahlou,AB944006,26,Masters,39 Hay Al Houda,Sale,11000.0,Y,2,Y,Mortgage
4228,A00003905,Othmane El Yousfi,AG308434,62,College,24 Rue Hlioua,Rabat,11025.0,Y,5,N,Own
4229,A00001093,Fatima Ezzahra  Amine,FA890702,45,Bachelor,27 Rue Al Massira,Berkane,60300.0,Y,5,Y,Mortgage
4230,A00002162,Adam El Fassi,X965402,49,Masters,28 Hay Mohammed V,Karia,,N,5,Y,Rent
4231,A00009107,Meryem Fakhir,N158942,38,Bachelor,26 Residence Salam,Essaouira,44000.0,Y,5,Y,Own
4232,A00003480,Khaoula El Yousfi,X720475,29,High School,11 Boulevard Al Massira,MideltDakhla,,Y,5,N,Rent
4233,A00000139,Jamila Amrani,X613343,28,High School,20 Lotissement Bernoussi,Bouarfa,,Y,7,Y,Own
4234,A00005953,Othmane El Fassi,X855654,58,Bachelor,22 Avenue Hlioua,Khourubga,25000.0,N,3,Y,Own
4235,A00002104,Amine Mansar,G143417,58,MD,20 Boulevard Salam,Kenitra,14110.0,Y,6,Y,Mortgage
4236,A00006260,Khadija Tazi,G330972,35,Bachelor,47 Boulevard Al Houda,Kenitra,14110.0,N,4,Y,Rent
4237,A00000854,Hiba Mansar,L123237,56,High School,28 Lotissement Mohammed V,Tetouan,93000.0,Y,2,Y,Mortgage
4238,A00000214,Yahya Farissi,EE630475,50,,3 Rue Al Massira,Marrakech,40000.0,N,5,Y,Own
4239,A00002152,Hajar Radi,F112246,28,Bachelor,37 Boulevard Hlioua,Oujda,60010.0,N,6,Y,Rent
4240,A00002642,Ahmed Mansour,AB769626,56,MD,20 Lotissement Al Qods,Sale,11000.0,N,5,Y,Own
4241,A00007791,Adam El Idrissi,ZG371880,50,Bachelor,3 Boulevard Salam,Guercif,37000.0,Y,2,Y,Mortgage
4242,A00007623,Kaoutar Bachri,JK481610,56,Bachelor,30 Rue Mohammed V,Agadir,80000.0,Y,6,N,Rent
4243,A00002306,Jamila Dadi,JA589909,27,Bachelor,45 Lotissement Hlioua,Guelmim,81000.0,Y,4,Y,Mortgage
4244,A00007065,Adam Banoune,BJ256492,64,Bachelor,37 Rue Al Houda,Casablanca,20220.0,N,7,Y,Own
4245,A00009329,Mohammed Amine Skalli,X309994,40,Masters,44 Lotissement Al Houda,Lahdar,,Y,2,Y,Rent
4246,A00009914,Youssef Fadili,SA583886,25,High School,46 Rue Hlioua,Nador,62000.0,Y,3,Y,Mortgage
4247,A00009002,Noha Mansar,AB566037,63,Bachelor,23 Rue Centrale,Sale,11000.0,Y,3,Y,Mortgage
4248,A00006746,Hajar Tazi,L340078,51,Masters,4 Boulevard Mohammed V,Tetouan,93000.0,N,5,Y,Mortgage
4249,A00006444,Khadija Amrani,AB545138,38,Bachelor,40 Lotissement Salam,Sale,11000.0,Y,5,Y,Mortgage
4250,A00007675,Rachida Farissi,CC108269,47,Masters,24 Boulevard Al Houda,Fes,30000.0,Y,6,Y,Rent
4251,A00001659,Mohammed Amine Tahiri,VA976860,31,College,17 Residence Salam,Midelt,54350.0,Y,6,Y,Own
4252,A00009400,Rania Dadi,X877441,49,High School,42 Lotissement El Fadl,Farkhana,,N,7,Y,Own
4253,A00005448,Hiba Ouazzani,JK656507,48,College,42 Residence Al Massira,Agadir,80000.0,N,2,Y,Own
4254,A00003230,Taha Alaoui,L701200,40,Bachelor,8 Lotissement El Fadl,Tetouan,93000.0,N,6,Y,Rent
4255,A00003427,Hassan Benchikh,SA499816,59,Bachelor,17 Avenue El Fadl,Nador,62000.0,Y,6,Y,Mortgage
4256,A00001419,Hamza Farissi,X456195,31,College,21 Hay Hlioua,Chichaoua,,Y,3,Y,Mortgage
4257,A00008687,Youssef Ouazzani,KB264541,35,MD,39 Rue Salam,Tanger,90053.0,N,7,Y,Own
4258,A00000858,Aziza Eddoughmi,CC161129,56,MD,22 Boulevard Salam,Fes,30000.0,N,2,Y,Rent
4259,A00000068,Mohamed Alaoui,KB531702,60,High School,23 Residence Al Massira,Tanger,90053.0,Y,7,N,Rent
4260,A00000253,Salma Amrani,Y943472,57,High School,47 Lotissement Hassan II,El Kelaa des Sraghna,43000.0,Y,2,Y,Mortgage
4261,A00007986,Youssef Amrani,G813920,53,MD,47 Rue Mohammed V,Kenitra,14110.0,Y,3,Y,Mortgage
4262,A00003803,Ahmed Banoune,HH511733,60,MD,34 Avenue Hlioua,Safi,46000.0,Y,5,Y,Mortgage
4263,A00005518,Fatima Ezzahra  Oufkir,EE258760,36,High School,31 Hay Bernoussi,Marrakech,40000.0,Y,4,Y,Own
4264,A00004322,Meryem Alaoui,G515822,59,,3 Boulevard Mohammed V,Kenitra,14110.0,Y,7,N,Mortgage
4265,A00002206,Meryem Skalli,KB553023,49,College,6 Avenue Bernoussi,Tanger,90053.0,N,3,Y,Mortgage
4266,A00001551,Noha Benali,JK652380,59,College,17 Rue Al Qods,Agadir,80000.0,Y,3,Y,Own
4267,A00007104,Khaoula Dadi,JK996356,36,Bachelor,47 Avenue El Fadl,Agadir,80000.0,N,2,N,Own
4268,A00003161,Yahya Benali,BJ875436,35,PhD,44 Avenue Hlioua,Casablanca,20220.0,Y,7,N,Own
4269,A00005955,Fatima Ezzahra  Berrada,X631867,31,High School,37 Residence Mohammed V,Igli,,Y,4,Y,Own
4270,A00008693,Mohammed Amine Bachri,P865979,33,MD,27 Avenue Hassan II,Ouarzazate,45000.0,Y,3,Y,Mortgage
4271,A00001400,Hajar El Yousfi,AB409176,52,Bachelor,27 Boulevard Centrale,Sale,11000.0,N,2,Y,Mortgage
4272,A00006622,Rania Amine,AG291185,48,Masters,32 Lotissement Al Qods,Rabat,11025.0,Y,2,Y,Rent
4273,A00008095,Kawtar Bate,G989973,34,Bachelor,44 Hay Centrale,Kenitra,14110.0,Y,4,Y,Rent
4274,A00008777,Mohamed Bachri,X352840,44,Bachelor,38 Lotissement Bernoussi,Bouarfa,,N,4,Y,Own
4275,A00007918,Hamza Bennani,AG429615,49,Bachelor,4 Boulevard Al Massira,Rabat,11025.0,Y,3,Y,Rent
4276,A00009158,Fatima Ezzahra  Banoune,CC310836,52,Bachelor,35 Lotissement El Fadl,Fes,30000.0,N,2,Y,Mortgage
4277,A00008844,Rania Jamal,G562271,51,,37 Hay Salam,Kenitra,14110.0,N,5,Y,Mortgage
4278,A00006188,Noha Benali,CC208091,36,,15 Residence Salam,Fes,30000.0,Y,3,Y,Own
4279,A00003482,Fatima Ezzahra  Skalli,CC210247,62,Bachelor,19 Rue Zerktouni,Fes,30000.0,Y,3,Y,Mortgage
4280,A00007927,Amine Bennani,KB321266,57,Bachelor,7 Boulevard Al Massira,Tanger,90053.0,Y,2,Y,Mortgage
4281,A00008347,Hiba Oufkir,X530739,58,MD,46 Residence Centrale,Had Kourt,,Y,7,Y,Rent
4282,A00005081,Jamila Bennani,N943411,52,Bachelor,44 Rue Mohammed V,Essaouira,44000.0,Y,2,Y,Own
4283,A00004247,Kawtar Banoune,X557179,47,Bachelor,45 Lotissement Hlioua,Bouizakarne,,Y,4,Y,Mortgage
4284,A00009869,Jamila Barghoud,X660198,47,High School,6 Residence Al Qods,Zemamra,,Y,5,Y,Mortgage
4285,A00001420,Hajar El Yousfi,X520386,27,Bachelor,16 Rue El Fadl,Smimou,,N,7,Y,Mortgage
4286,A00005781,Noha Metouali,KB702781,29,MD,26 Residence Salam,Tanger,90053.0,N,6,N,Rent
4287,A00007968,Adam Skalli,EE587481,57,Bachelor,1 Boulevard El Fadl,Marrakech,40000.0,Y,3,Y,Own
4288,A00003656,Adam Salhi,X647725,34,Bachelor,30 Lotissement Zerktouni,Chbanat,,Y,2,Y,Rent
4289,A00006842,Zineb Farissi,CC930012,40,Bachelor,27 Hay Centrale,Fes,30000.0,N,3,Y,Mortgage
4290,A00000169,Rania Oufkir,GK403674,35,High School,34 Avenue El Fadl,Sidi Kacem,16000.0,Y,6,Y,Own
4291,A00008106,Youssef Farissi,SA850670,50,MD,34 Boulevard Hlioua,Nador,62000.0,N,5,Y,Mortgage
4292,A00005435,Rania Oufkir,AB933513,44,Bachelor,5 Boulevard Al Massira,Sale,11000.0,Y,5,Y,Rent
4293,A00000157,Omar Mansar,AB518217,56,Masters,13 Hay El Fadl,Sale,11000.0,N,2,Y,Own
4294,A00001340,Kawtar Amrani,VA957861,56,High School,22 Residence Zerktouni,Midelt,54350.0,Y,6,N,Rent
4295,A00005067,Hassan Bate,AB389573,51,MD,6 Hay El Fadl,Sale,11000.0,Y,4,N,Mortgage
4296,A00009241,Amine Fadili,G932600,39,College,13 Hay Hlioua,Kenitra,14110.0,Y,6,Y,Own
4297,A00001549,Salma Ouazzani,X699756,39,High School,41 Hay Bernoussi,Mechra Bel Ksiri,,Y,6,N,Mortgage
4298,A00006435,Kawtar Benchikh,G896061,46,Masters,25 Lotissement Zerktouni,Kenitra,14110.0,Y,5,Y,Rent
4299,A00000565,Othmane Dadi,AG792425,43,MD,19 Avenue Mohammed V,Rabat,11025.0,Y,3,Y,Own
4300,A00005436,Mohammed Amine Benali,L177410,29,Bachelor,3 Lotissement Zerktouni,Tetouan,93000.0,N,2,Y,Mortgage
4301,A00005585,Adam Bachri,JA595153,34,High School,48 Lotissement Salam,Guelmim,81000.0,Y,7,Y,Rent
4302,A00009974,Aziza El Idrissi,X474927,25,Bachelor,25 Lotissement Hassan II,Souk El Arbaa,,Y,7,Y,Mortgage
4303,A00008331,Fatima Fakhir,HH588836,40,High School,22 Hay Al Massira,Safi,46000.0,N,6,Y,Rent
4304,A00006046,Hiba Jamal,JA258663,34,Bachelor,48 Lotissement Salam,Guelmim,81000.0,Y,7,Y,Rent
4305,A00000346,Aya Metouali,AB981936,36,High School,25 Hay Centrale,Sale,11000.0,Y,6,Y,Rent
4306,A00003758,Meryem Mansour,L617711,30,PhD,13 Residence Al Massira,Tetouan,93000.0,Y,5,Y,Rent
4307,A00003696,Jamila Amrani,AG975342,55,Bachelor,27 Lotissement Zerktouni,Rabat,11025.0,Y,3,Y,Mortgage
4308,A00006410,Youssef Ouazzani,CC711192,59,Masters,1 Lotissement Zerktouni,Fes,30000.0,N,4,Y,Mortgage
4309,A00005928,Youssef Fadili,AB315575,56,Bachelor,31 Avenue Centrale,Sale,11000.0,N,2,Y,Mortgage
4310,A00009067,Malak Eddoughmi,X116088,43,Bachelor,36 Lotissement Salam,Taounate,,Y,6,Y,Rent
4311,A00006865,Fatima Berrada,KB733869,42,Bachelor,25 Lotissement Bernoussi,Tanger,90053.0,Y,3,Y,Mortgage
4312,A00004957,Fatima Ezzahra  Oufkir,VA305885,52,High School,36 Boulevard Hassan II,Midelt,54350.0,Y,6,Y,Mortgage
4313,A00008220,Jamila Amine,G521881,55,Bachelor,33 Hay Bernoussi,Kenitra,14110.0,Y,2,Y,Own
4314,A00004508,Mohamed Fakhir,AG743662,50,Bachelor,39 Lotissement Al Houda,Rabat,11025.0,Y,4,Y,Mortgage
4315,A00001649,Zineb Lahlou,JK334842,28,High School,19 Avenue Al Houda,Agadir,80000.0,Y,5,Y,Own
4316,A00009617,Khadija Bate,L793652,48,Bachelor,1 Rue Al Massira,Tetouan,93000.0,Y,6,Y,Rent
4317,A00009715,Mohamed Farissi,AB803578,52,Masters,13 Hay El Fadl,Sale,11000.0,Y,6,Y,Mortgage
4318,A00006831,Zineb Moufkir ,G324741,38,College,33 Hay Bernoussi,Kenitra,14110.0,Y,5,Y,Rent
4319,A00000712,Youssef Berrada,X848912,46,High School,6 Boulevard El Fadl,,,Y,7,Y,Rent
4320,A00008291,Taha Fadili,CC270436,61,High School,47 Hay Al Qods,Fes,30000.0,Y,6,Y,Rent
4321,A00003144,Malak Ouazzani,AB241251,57,High School,8 Boulevard Centrale,Sale,11000.0,Y,4,Y,Mortgage
4322,A00003265,Hamza Benali,X450424,36,Bachelor,27 Hay Centrale,Youssoufia,,Y,7,Y,Rent
4323,A00006355,Mohammed Amine Mansar,BJ875329,33,,38 Boulevard Al Houda,Casablanca,20220.0,N,4,Y,Mortgage
4324,A00001856,Fatima Tahiri,AG191142,49,High School,33 Hay Bernoussi,Rabat,11025.0,N,7,Y,Mortgage
4325,A00008181,Hajar Lahlou,G418483,60,Bachelor,7 Residence Hassan II,Kenitra,14110.0,Y,2,Y,Own
4326,A00002373,Yahya Metouali,KB935517,62,College,37 Boulevard Centrale,Tanger,90053.0,Y,3,Y,Own
4327,A00001569,Khaoula Skalli,EE319377,55,Bachelor,13 Boulevard El Fadl,Marrakech,40000.0,Y,7,Y,Own
4328,A00006633,Hajar Lahlou,L325160,41,PhD,20 Lotissement Al Houda,Tetouan,93000.0,Y,6,Y,Rent
4329,A00009475,Kawtar Fakhir,EE811635,39,Bachelor,48 Avenue Mohammed V,Marrakech,40000.0,N,2,Y,Own
4330,A00007064,Noha Tahiri,X286209,48,Bachelor,46 Residence El Fadl,,,Y,6,Y,Own
4331,A00001601,Omar El Idrissi,AG732961,61,Bachelor,30 Rue Al Massira,Rabat,11025.0,N,5,Y,Rent
4332,A00000887,Omar Mansour,X768908,50,Bachelor,42 Hay Salam,Dar Ould Zidouh,,Y,4,Y,Mortgage
4333,A00005347,Aya Salhi,X285371,41,College,24 Lotissement El Fadl,Bni Hadifa,,Y,5,Y,Own
4334,A00001095,Salma Metouali,SA516677,50,Bachelor,9 Boulevard Centrale,Nador,62000.0,Y,4,Y,Own
4335,A00005211,Khaoula Fakhir,G147168,46,Bachelor,4 Avenue Al Houda,Kenitra,14110.0,N,6,Y,Mortgage
4336,A00005927,Taha Banoune,X912432,44,Bachelor,9 Avenue Mohammed V,Gueznaia,,Y,6,N,Mortgage
4337,A00003817,Youssef Jamal,X798301,28,Bachelor,38 Residence Bernoussi,Ras El Ma,,N,4,Y,Rent
4338,A00007428,Jamila Kibala,AB640807,64,MD,40 Lotissement Salam,Sale,11000.0,Y,7,Y,Mortgage
4339,A00002596,Mohammed Amine Benali,L747114,52,High School,28 Lotissement Mohammed V,Tetouan,93000.0,N,6,Y,Own
4340,A00005697,Mohamed Salhi,G431816,50,Masters,45 Boulevard Bernoussi,Kenitra,14110.0,N,4,Y,Own
4341,A00003710,Hiba Bennani,L107489,55,Bachelor,43 Avenue Mohammed V,Tetouan,93000.0,Y,3,Y,Own
4342,A00000723,Aziza Dadi,X646636,63,Masters,17 Residence Hlioua,Driouch,,Y,7,N,Mortgage
4343,A00001983,Omar El Fassi,EE973411,45,Bachelor,42 Residence Bernoussi,Marrakech,40000.0,Y,7,Y,Own
4344,A00003468,Jamila Jamal,JK548564,56,Bachelor,42 Residence Al Massira,Agadir,80000.0,Y,6,Y,Own
4345,A00004014,Khaoula El Idrissi,SA814407,51,College,44 Rue Centrale,Nador,62000.0,Y,6,Y,Rent
4346,A00007770,Amine Banoune,X592474,56,Bachelor,41 Hay Zerktouni,Zghanghan,,Y,4,Y,Mortgage
4347,A00008074,Khadija Benali,AG471801,38,Bachelor,26 Residence El Fadl,Rabat,11025.0,Y,6,Y,Own
4348,A00009794,Yahya Metouali,X614271,44,High School,48 Lotissement Al Massira,Ghafsai,,Y,4,Y,Own
4349,A00002788,Taha Banoune,DN647756,38,College,37 Lotissement Salam,Meknes,50010.0,Y,5,Y,Mortgage
4350,A00000760,Youssef Mansour,CC195248,53,Masters,1 Lotissement Zerktouni,Fes,30000.0,N,5,Y,Own
4351,A00008703,Mohamed Fadili,AG434391,43,Bachelor,16 Residence Salam,Rabat,11025.0,Y,6,Y,Rent
4352,A00002449,Hiba Moufkir ,AG206133,40,High School,11 Avenue Al Houda,Rabat,11025.0,N,2,Y,Mortgage
4353,A00000019,Ahmed Benali,DA912472,37,High School,27 Residence Bernoussi,Azrou,53100.0,N,2,Y,Rent
4354,A00003832,Zineb Moufkir ,AG952826,44,Bachelor,38 Lotissement El Fadl,Rabat,11025.0,N,3,Y,Rent
4355,A00004587,Taha Amine,X741375,45,Bachelor,44 Boulevard El Fadl,Ras El Ma,,N,2,N,Mortgage
4356,A00005416,Hajar Benali,X173943,52,Bachelor,1 Lotissement Salam,MideltDakhla,,Y,7,Y,Own
4357,A00000694,Kaoutar Bachri,F906954,62,High School,32 Residence Al Massira,Oujda,60010.0,Y,5,Y,Mortgage
4358,A00005350,Khaoula Farissi,BJ135877,27,Bachelor,40 Residence Centrale,Casablanca,20220.0,Y,7,Y,Rent
4359,A00007687,Rania Bachri,X498833,50,College,3 Hay Al Qods,Missour,,Y,2,Y,Rent
4360,A00008713,Zineb Kibala,BJ972629,54,High School,12 Residence Al Houda,Casablanca,20220.0,Y,6,N,Own
4361,A00001310,Rania Bennani,X595336,32,Bachelor,20 Boulevard Al Massira,Matarka,,Y,5,Y,Own
4362,A00004678,Youssef El Yousfi,DN925220,58,MD,13 Hay Salam,Meknes,50010.0,Y,5,Y,Rent
4363,A00001442,Rania Mansar,KB298162,53,Bachelor,21 Residence Zerktouni,Tanger,90053.0,Y,4,Y,Own
4364,A00006601,Fatima Ezzahra  Berrada,JA733742,64,High School,27 Hay Hassan II,Guelmim,81000.0,Y,4,Y,Mortgage
4365,A00001512,Mohammed Amine Fadili,Z904036,51,Masters,7 Boulevard El Fadl,Taza,35000.0,N,6,Y,Own
4366,A00004670,Ahmed Bate,DA359663,43,Bachelor,20 Lotissement Bernoussi,Azrou,53100.0,Y,7,Y,Own
4367,A00002759,Hajar Dadi,X202047,53,High School,14 Lotissement Bernoussi,Er-Rich,,Y,5,N,Own
4368,A00003714,Hajar Skalli,CC275544,38,PhD,37 Hay Al Houda,Fes,30000.0,N,2,Y,Own
4369,A00003559,Aziza El Fassi,X236177,42,College,13 Boulevard Zerktouni,Touissit,,Y,6,Y,Rent
4370,A00000676,Kaoutar Radi,DN975320,50,High School,44 Hay Bernoussi,Meknes,50010.0,Y,7,Y,Rent
4371,A00004894,Aziza Mansar,EE100995,36,,3 Hay Mohammed V,Marrakech,40000.0,Y,4,Y,Rent
4372,A00002896,Fatima Oufkir,DN294594,39,PhD,44 Rue Al Houda,Meknes,50010.0,Y,5,Y,Mortgage
4373,A00000401,Salma Eddoughmi,DN935963,39,,11 Boulevard El Fadl,Meknes,50010.0,Y,2,Y,Own
4374,A00006742,Salma Lahlou,CC525867,25,High School,22 Lotissement Al Massira,Fes,30000.0,N,3,Y,Own
4375,A00002389,Malak Alaoui,KB345245,54,Bachelor,24 Lotissement Hlioua,Tanger,90053.0,Y,7,Y,Own
4376,A00007984,Rachida Mansar,JK796301,64,Masters,26 Avenue Hassan II,Agadir,80000.0,Y,3,Y,Own
4377,A00007169,Othmane Alaoui,BJ521389,27,Bachelor,36 Boulevard Salam,Casablanca,20220.0,Y,3,Y,Mortgage
4378,A00005491,Fatima Ezzahra  Tazi,X197832,28,Bachelor,13 Residence Mohammed V,Zagora,,N,2,Y,Mortgage
4379,A00000069,Omar Eddoughmi,AB466076,26,Bachelor,30 Rue Hassan II,Sale,11000.0,N,3,Y,Own
4380,A00002068,Hajar Tahiri,AG470057,54,Bachelor,26 Residence Hassan II,Rabat,11025.0,Y,3,Y,Rent
4381,A00009739,Taha Metouali,EE425776,33,Bachelor,28 Avenue Al Qods,Marrakech,40000.0,Y,2,Y,Own
4382,A00004163,Rachida Bachri,JK252462,33,PhD,33 Lotissement Hassan II,Agadir,80000.0,Y,6,Y,Mortgage
4383,A00001202,Hiba Benali,N530726,48,High School,33 Boulevard Mohammed V,Essaouira,44000.0,N,5,Y,Mortgage
4384,A00003740,Kawtar Radi,L280277,64,Bachelor,14 Lotissement Mohammed V,Tetouan,93000.0,Y,2,Y,Mortgage
4385,A00004442,Jamila Radi,EE232622,62,Bachelor,27 Avenue Hassan II,Marrakech,40000.0,N,7,Y,Own
4386,A00008619,Salma Oufkir,F255280,56,High School,40 Residence Salam,Oujda,60010.0,Y,3,Y,Rent
4387,A00005391,Othmane Mansour,F395692,39,Masters,25 Hay El Fadl,Oujda,60010.0,Y,6,Y,Rent
4388,A00005823,Mohamed Moufkir ,L992828,33,Bachelor,1 Boulevard Al Houda,Tetouan,93000.0,Y,6,Y,Mortgage
4389,A00004593,Othmane Metouali,X193778,33,,35 Hay Zerktouni,Driouch,,N,3,Y,Own
4390,A00003564,Omar El Idrissi,L547209,32,College,4 Lotissement El Fadl,Tetouan,93000.0,Y,4,Y,Mortgage
4391,A00006437,Mohamed Banoune,F664841,35,High School,42 Rue Salam,Oujda,60010.0,Y,7,Y,Mortgage
4392,A00009103,Taha Jamal,AG232226,53,College,24 Residence Al Qods,Rabat,11025.0,Y,3,Y,Mortgage
4393,A00001449,Malak Bate,CB755105,45,Bachelor,15 Boulevard Hassan II,Sefrou,31000.0,Y,7,Y,Rent
4394,A00006550,Hassan Metouali,F333166,50,Bachelor,11 Residence Al Massira,Oujda,60010.0,N,7,Y,Own
4395,A00002357,Hassan El Yousfi,KB447691,63,PhD,8 Residence Bernoussi,Tanger,90053.0,Y,6,Y,Own
4396,A00003031,Othmane Banoune,AG789284,63,College,40 Lotissement Al Massira,Rabat,11025.0,N,7,Y,Own
4397,A00006661,Fatima Ezzahra  Tazi,F123323,54,Bachelor,43 Rue El Fadl,Oujda,60010.0,N,7,Y,Rent
4398,A00000793,Khaoula Moufkir ,X611577,30,Bachelor,37 Lotissement Mohammed V,Taounate,,Y,5,Y,Own
4399,A00004470,Fatima Ezzahra  Skalli,CC286144,28,Bachelor,9 Residence Al Massira,Fes,30000.0,Y,6,N,Mortgage
4400,A00006737,Malak Skalli,X565049,57,High School,20 Lotissement Hlioua,Shoul,,Y,5,Y,Own
4401,A00007582,Salma Kibala,JK761383,58,MD,12 Rue Al Houda,Agadir,80000.0,Y,5,Y,Mortgage
4402,A00004963,Aziza Salhi,GK256558,54,Bachelor,46 Hay Centrale,Sidi Kacem,16000.0,Y,3,Y,Own
4403,A00003577,Fatima Ezzahra  Banoune,W410300,49,High School,41 Rue Bernoussi,Settat,26000.0,Y,7,Y,Mortgage
4404,A00003003,Rania Eddoughmi,AG496683,60,PhD,18 Boulevard Hassan II,Rabat,11025.0,Y,2,Y,Rent
4405,A00002369,Hiba Barghoud,CC108063,64,PhD,23 Lotissement El Fadl,Fes,30000.0,Y,6,Y,Mortgage
4406,A00007150,Omar Barghoud,L427883,51,Masters,24 Hay Hlioua,Tetouan,93000.0,N,5,Y,Rent
4407,A00005000,Rania Skalli,GK710460,42,PhD,25 Residence Hlioua,Sidi Kacem,16000.0,Y,5,Y,Rent
4408,A00007256,Rachida Berrada,N887064,53,Bachelor,42 Residence Bernoussi,Essaouira,44000.0,N,5,Y,Rent
4409,A00007304,Aya Jamal,N419427,25,High School,26 Residence Salam,Essaouira,44000.0,Y,7,Y,Mortgage
4410,A00004060,Ahmed Eddoughmi,DN139167,43,High School,10 Boulevard Salam,Meknes,50010.0,N,5,Y,Mortgage
4411,A00005143,Zineb Berrada,G796522,47,PhD,2 Rue Mohammed V,Kenitra,14110.0,Y,4,Y,Own
4412,A00009056,Hiba Tazi,M314043,28,Bachelor,11 Avenue Hlioua,El Jadida,24010.0,Y,4,Y,Own
4413,A00003406,Yahya Salhi,X825379,59,Masters,17 Rue Centrale,,,N,5,Y,Rent
4414,A00000900,Aziza Dadi,X347246,62,Bachelor,19 Boulevard Al Houda,Sidi Jaber,,Y,6,Y,Own
4415,A00002372,Aziza Bennani,X812815,28,PhD,26 Residence Zerktouni,Sidi Allal El Bahraoui,,Y,4,Y,Mortgage
4416,A00001378,Hajar Benchikh,X972080,26,Bachelor,8 Avenue Bernoussi,M'diq,,Y,4,Y,Rent
4417,A00001680,Fatima Ezzahra  Berrada,CC757479,27,High School,6 Lotissement Zerktouni,Fes,30000.0,N,6,Y,Own
4418,A00000675,Khaoula Tazi,GK316087,40,Bachelor,25 Residence Hlioua,Sidi Kacem,16000.0,Y,2,Y,Rent
4419,A00008143,Taha Benali,EE351862,62,Bachelor,47 Rue Centrale,Marrakech,40000.0,Y,6,Y,Own
4420,A00002695,Yahya Bachri,JK299060,38,Masters,33 Residence Al Massira,Agadir,80000.0,Y,4,N,Rent
4421,A00008286,Omar Tahiri,X408216,28,PhD,29 Boulevard Al Houda,Azilal,,Y,3,Y,Own
4422,A00004431,Mohammed Amine Berrada,DN285799,26,Masters,35 Lotissement Mohammed V,Meknes,50010.0,Y,6,Y,Own
4423,A00007313,Khadija Metouali,AG332568,63,College,34 Residence El Fadl,Rabat,11025.0,N,3,Y,Own
4424,A00003287,Rachida Bennani,X245018,52,Bachelor,27 Boulevard Al Qods,Dar El Kebdani,,N,6,Y,Rent
4425,A00008722,Khadija El Idrissi,F742476,31,Bachelor,28 Avenue El Fadl,Oujda,60010.0,Y,6,Y,Rent
4426,A00001825,Kawtar Amine,L625820,61,Masters,41 Lotissement Salam,Tetouan,93000.0,N,4,Y,Own
4427,A00004450,Jamila El Fassi,AG290007,33,High School,47 Hay Mohammed V,Rabat,11025.0,Y,4,Y,Own
4428,A00007287,Rachida Tahiri,X156654,63,College,40 Boulevard Bernoussi,Ait Melloul,,Y,3,Y,Mortgage
4429,A00008314,Kawtar Oufkir,G992203,61,High School,7 Hay Hassan II,Kenitra,14110.0,Y,5,Y,Rent
4430,A00008527,Omar Benchikh,G486633,29,College,27 Residence Al Houda,Kenitra,14110.0,Y,3,Y,Rent
4431,A00007696,Adam Amine,G286717,48,Bachelor,36 Lotissement El Fadl,Kenitra,14110.0,Y,5,N,Mortgage
4432,A00004483,Kaoutar Farissi,JK625396,49,College,38 Avenue Mohammed V,Agadir,80000.0,Y,4,Y,Rent
4433,A00007979,Mohammed Amine Moufkir ,X258893,49,High School,8 Residence Al Houda,Aptos,,Y,7,Y,Rent
4434,A00001424,Malak Barghoud,Z451516,59,Bachelor,48 Lotissement Salam,Taza,35000.0,Y,7,Y,Mortgage
4435,A00007371,Youssef Mansar,HH409484,54,PhD,46 Residence El Fadl,Safi,46000.0,Y,7,Y,Mortgage
4436,A00001232,Youssef Kibala,FB491076,51,Bachelor,5 Avenue El Fadl,Taourirt,65000.0,N,2,Y,Mortgage
4437,A00007529,Taha El Yousfi,G958346,51,MD,16 Residence Al Houda,Kenitra,14110.0,Y,6,Y,Rent
4438,A00008764,Khadija Metouali,AB462937,52,College,25 Avenue El Fadl,Sale,11000.0,Y,7,Y,Mortgage
4439,A00007356,Noha Berrada,BJ903497,42,Bachelor,31 Hay Al Houda,Casablanca,20220.0,Y,6,Y,Own
4440,A00000177,Othmane Eddoughmi,KB248648,54,,47 Rue Bernoussi,Tanger,90053.0,Y,2,N,Rent
4441,A00005225,Amine Skalli,AB928779,39,High School,27 Boulevard Centrale,Sale,11000.0,N,6,Y,Mortgage
4442,A00002786,Mohammed Amine Amine,P514284,57,Masters,14 Boulevard Bernoussi,Ouarzazate,45000.0,Y,2,Y,Rent
4443,A00009693,Omar El Fassi,DN339185,29,Bachelor,21 Residence Al Massira,Meknes,50010.0,Y,7,Y,Mortgage
4444,A00007407,Rania Salhi,M415239,56,Bachelor,38 Hay Salam,El Jadida,24010.0,Y,7,Y,Mortgage
4445,A00003916,Ahmed Mansour,X110456,41,College,24 Residence Al Houda,Tafersit,,Y,3,Y,Mortgage
4446,A00007876,Khadija Mansar,BJ566158,32,Bachelor,9 Boulevard Mohammed V,Casablanca,20220.0,Y,2,N,Own
4447,A00008293,Malak Barghoud,N531596,59,College,21 Avenue Hlioua,Essaouira,44000.0,Y,5,Y,Mortgage
4448,A00003538,Khadija Bennani,CC194453,48,,21 Avenue Zerktouni,Fes,30000.0,Y,4,Y,Rent
4449,A00004765,Jamila Bennani,SA240016,47,Bachelor,24 Lotissement Bernoussi,Nador,62000.0,N,6,N,Mortgage
4450,A00006254,Kawtar Skalli,JK537335,57,High School,48 Lotissement Al Qods,Agadir,80000.0,Y,4,Y,Own
4451,A00001773,Mohammed Amine Skalli,X211419,48,Bachelor,24 Rue Al Massira,Ain Taoujdate,,Y,3,Y,Own
4452,A00003410,Hajar Kibala,BJ418834,39,High School,32 Rue Al Houda,Casablanca,20220.0,N,6,Y,Mortgage
4453,A00003495,Noha Amrani,AB682900,52,College,49 Boulevard Hassan II,Sale,11000.0,Y,4,Y,Own
4454,A00002200,Hajar Tahiri,EE655992,25,College,35 Avenue Mohammed V,Marrakech,40000.0,Y,3,Y,Rent
4455,A00009970,Amine Mansar,AG376255,44,High School,11 Hay Al Massira,Rabat,11025.0,Y,5,Y,Rent
4456,A00004020,Mohammed Amine Fadili,DN437253,44,Masters,40 Lotissement Hlioua,Meknes,50010.0,Y,4,Y,Own
4457,A00002015,Kawtar Mansar,X309907,33,Bachelor,42 Avenue Mohammed V,Khourubga,25000.0,Y,2,Y,Rent
4458,A00001720,Yahya Moufkir ,X924266,42,High School,9 Lotissement Zerktouni,Sidi Smail,,N,4,Y,Own
4459,A00008675,Taha Tazi,X676167,44,High School,17 Avenue Mohammed V,Fquih Ben Salah,,Y,3,Y,Rent
4460,A00008861,Malak Fadili,CB190191,32,PhD,4 Hay Al Massira,Sefrou,31000.0,Y,3,Y,Own
4461,A00001061,Meryem Barghoud,CB717507,54,High School,39 Boulevard Al Houda,Sefrou,31000.0,Y,5,Y,Rent
4462,A00007528,Omar Metouali,X553382,35,College,17 Residence Al Qods,Brikcha,,Y,4,Y,Rent
4463,A00007556,Hassan Eddoughmi,AB381432,42,Bachelor,8 Boulevard Bernoussi,Sale,11000.0,Y,2,N,Mortgage
4464,A00009502,Kaoutar Tahiri,M881213,42,Masters,1 Lotissement Al Qods,El Jadida,24010.0,Y,2,Y,Rent
4465,A00008458,Youssef Farissi,AB329420,45,High School,32 Hay Hlioua,Sale,11000.0,Y,2,Y,Mortgage
4466,A00003326,Khaoula Metouali,X822121,58,Bachelor,35 Avenue Al Qods,El Marsa,,Y,6,Y,Mortgage
4467,A00004945,Zineb Bate,T795685,46,PhD,14 Rue Mohammed V,Mohammedia,28810.0,Y,4,Y,Own
4468,A00008066,Kawtar El Yousfi,T466582,29,Bachelor,42 Residence Salam,Mohammedia,28810.0,N,3,Y,Own
4469,A00009407,Khaoula Berrada,EE366741,34,Bachelor,6 Residence Salam,Marrakech,40000.0,Y,2,Y,Rent
4470,A00004077,Jamila Farissi,L415370,53,Bachelor,19 Rue Hassan II,Tetouan,93000.0,Y,4,Y,Rent
4471,A00008505,Aziza Lahlou,JK211640,59,Masters,23 Lotissement Al Qods,Agadir,80000.0,Y,4,Y,Own
4472,A00005881,Omar Benchikh,G442829,61,High School,29 Boulevard Hassan II,Kenitra,14110.0,N,6,Y,Own
4473,A00009359,Taha Tahiri,AB839756,48,Bachelor,24 Rue Al Qods,Sale,11000.0,Y,4,Y,Own
4474,A00005123,Hassan Kibala,X627040,60,High School,2 Residence Bernoussi,Afso,,N,2,Y,Mortgage
4475,A00002497,Hassan Amine,KB473086,41,Bachelor,11 Rue Hlioua,Tanger,90053.0,Y,2,Y,Rent
4476,A00005309,Aziza Bachri,DN972530,38,Masters,35 Residence Al Massira,Meknes,50010.0,Y,4,Y,Rent
4477,A00005383,Omar Banoune,QA115538,56,Masters,9 Rue Al Houda,Oued Zem,25200.0,N,7,Y,Own
4478,A00008896,Yahya Jamal,X524150,48,Bachelor,8 Residence Al Houda,Aptos,,Y,4,Y,Mortgage
4479,A00000658,Rania Dadi,AB283133,25,,44 Boulevard Mohammed V,Sale,11000.0,Y,7,Y,Rent
4480,A00008748,Hajar Moufkir ,CC840893,47,,26 Hay Hlioua,Fes,30000.0,Y,5,Y,Rent
4481,A00004996,Kaoutar Bachri,EE569976,46,Bachelor,23 Residence Al Massira,Marrakech,40000.0,Y,3,Y,Mortgage
4482,A00004930,Hajar Amrani,KB772629,56,Bachelor,12 Boulevard El Fadl,Tanger,90053.0,Y,7,N,Mortgage
4483,A00001868,Taha Mansour,DN158106,38,Bachelor,39 Residence Hassan II,Meknes,50010.0,N,6,Y,Own
4484,A00001703,Taha Amrani,CC651800,44,High School,22 Residence Hassan II,Fes,30000.0,Y,6,Y,Own
4485,A00009876,Omar Mansour,JA953915,28,Bachelor,28 Avenue Al Houda,Guelmim,81000.0,N,4,Y,Mortgage
4486,A00003774,Omar Mansour,JK153774,42,,20 Avenue El Fadl,Agadir,80000.0,Y,4,Y,Rent
4487,A00005703,Hassan El Yousfi,DN974021,63,High School,38 Hay Al Qods,Meknes,50010.0,Y,2,Y,Own
4488,A00008481,Malak Bennani,BJ320022,25,Masters,6 Rue El Fadl,Casablanca,20220.0,N,2,Y,Rent
4489,A00002920,Khaoula Bachri,G650812,39,Bachelor,45 Rue Hlioua,Kenitra,14110.0,Y,3,Y,Rent
4490,A00004679,Yahya Mansour,N286047,26,College,26 Rue Al Qods,Essaouira,44000.0,N,4,Y,Mortgage
4491,A00002105,Omar Bate,WA350253,40,Bachelor,35 Rue Hlioua,Berrechid,26100.0,N,6,Y,Own
4492,A00009756,Youssef Fadili,EE817521,27,Bachelor,6 Residence Zerktouni,Marrakech,40000.0,Y,3,Y,Rent
4493,A00004883,Kawtar Tazi,DN308175,29,Bachelor,14 Boulevard Mohammed V,Meknes,50010.0,Y,4,Y,Own
4494,A00009637,Adam Salhi,W229314,58,MD,48 Avenue El Fadl,Settat,26000.0,Y,7,Y,Mortgage
4495,A00002983,Mohammed Amine Fadili,P361082,25,,19 Boulevard Hlioua,Ouarzazate,45000.0,N,2,Y,Rent
4496,A00009055,Amine Alaoui,EE138397,32,Bachelor,2 Residence Mohammed V,Marrakech,40000.0,Y,7,Y,Own
4497,A00005065,Adam Bennani,X270340,29,High School,3 Avenue Al Houda,Goulmima,,N,5,Y,Rent
4498,A00008885,Othmane Eddoughmi,M271372,59,Bachelor,49 Residence Zerktouni,El Jadida,24010.0,Y,7,N,Own
4499,A00008028,Mohammed Amine Farissi,N275013,26,College,33 Boulevard Mohammed V,Essaouira,44000.0,Y,3,Y,Rent
4500,A00005780,Adam Jamal,DN206383,31,Bachelor,39 Residence Hassan II,Meknes,50010.0,Y,4,Y,Own
4501,A00008810,Yahya Tazi,AB915124,64,Bachelor,19 Boulevard Al Houda,Sale,11000.0,N,3,Y,Rent
4502,A00006195,Jamila Mansar,X918610,29,Bachelor,25 Hay Al Massira,Assa,,Y,4,N,Rent
4503,A00005092,Hajar El Yousfi,CB992201,35,High School,43 Boulevard Al Qods,Sefrou,31000.0,Y,5,Y,Mortgage
4504,A00006771,Youssef Amine,WA439493,27,MD,6 Lotissement El Fadl,Berrechid,26100.0,Y,7,Y,Rent
4505,A00003092,Hassan Alaoui,X827583,51,Masters,39 Hay Bernoussi,Khemisset,,Y,6,Y,Own
4506,A00003573,Aziza Ouazzani,KB325494,30,PhD,28 Lotissement Hassan II,Tanger,90053.0,N,2,Y,Own
4507,A00007777,Jamila Fadili,X768842,26,Bachelor,26 Boulevard Hlioua,Ouezzane,,Y,4,Y,Rent
4508,A00004562,Aya Dadi,F479224,33,Bachelor,20 Residence Al Qods,Oujda,60010.0,Y,7,Y,Rent
4509,A00006596,Youssef Bennani,X422186,38,Masters,9 Rue Centrale,Imilchil,,N,3,N,Mortgage
4510,A00005239,Othmane Berrada,AG141589,60,PhD,26 Boulevard Al Houda,Rabat,11025.0,Y,3,Y,Own
4511,A00008202,Ahmed Berrada,JK912370,64,Bachelor,22 Residence Mohammed V,Agadir,80000.0,N,4,Y,Mortgage
4512,A00000551,Jamila El Idrissi,BJ687029,37,Masters,26 Hay Hlioua,Casablanca,20220.0,N,3,Y,Mortgage
4513,A00007830,Hassan Metouali,G117496,36,High School,26 Rue Zerktouni,Kenitra,14110.0,Y,5,Y,Rent
4514,A00000002,Taha Mansar,KB605407,38,Bachelor,39 Hay Hassan II,Tanger,90053.0,Y,3,Y,Mortgage
4515,A00008076,Taha Amrani,M512850,56,Masters,1 Lotissement Al Qods,El Jadida,24010.0,Y,2,Y,Mortgage
4516,A00009806,Zineb Fakhir,HH622855,45,Bachelor,23 Avenue Bernoussi,Safi,46000.0,Y,7,Y,Mortgage
4517,A00006366,Yahya Barghoud,L690856,63,Bachelor,27 Residence Mohammed V,Tetouan,93000.0,N,6,N,Own
4518,A00005956,Fatima Skalli,EE212471,53,Bachelor,25 Boulevard Centrale,Marrakech,40000.0,Y,6,Y,Rent
4519,A00001000,Kaoutar Fadili,X126446,48,High School,45 Lotissement Hlioua,Bouizakarne,,N,3,Y,Mortgage
4520,A00001785,Youssef Banoune,KB602521,48,Bachelor,4 Lotissement Hlioua,Tanger,90053.0,Y,7,Y,Own
4521,A00000117,Fatima Ezzahra  Benchikh,X294623,35,High School,33 Boulevard Zerktouni,MideltDakhla,,Y,7,Y,Mortgage
4522,A00006923,Malak Moufkir ,AB236601,42,High School,49 Boulevard Al Qods,Sale,11000.0,Y,3,Y,Mortgage
4523,A00002027,Omar Bennani,F311026,64,High School,28 Rue El Fadl,Oujda,60010.0,Y,5,Y,Own
4524,A00007271,Othmane Fakhir,BJ422536,58,Bachelor,13 Rue Al Qods,Casablanca,20220.0,Y,6,Y,Mortgage
4525,A00001353,Omar Tahiri,AB249476,64,Bachelor,45 Rue Hassan II,Sale,11000.0,Y,6,Y,Rent
4526,A00001334,Rania Ouazzani,X106813,31,Bachelor,35 Avenue Bernoussi,Mellab,,Y,4,N,Own
4527,A00000691,Zineb Tazi,JK789060,41,High School,8 Boulevard Zerktouni,Agadir,80000.0,Y,2,Y,Rent
4528,A00008283,Rania Fakhir,X590488,55,PhD,43 Boulevard Mohammed V,Jerada,,N,6,Y,Own
4529,A00002412,Ahmed Fadili,JK857483,43,High School,8 Avenue Salam,Agadir,80000.0,Y,6,N,Rent
4530,A00002346,Zineb Amrani,X815475,38,Bachelor,32 Hay Hlioua,Ben Taieb,,N,3,Y,Mortgage
4531,A00003973,Zineb Fadili,X510522,26,Bachelor,11 Avenue El Fadl,Tafraout,,Y,2,Y,Own
4532,A00009501,Meryem Banoune,GK712573,29,Bachelor,25 Residence Hlioua,Sidi Kacem,16000.0,Y,7,Y,Mortgage
4533,A00002952,Salma El Fassi,HH791619,49,Bachelor,26 Lotissement Al Houda,Safi,46000.0,N,5,Y,Mortgage
4534,A00007703,Mohammed Amine Salhi,L758453,30,High School,46 Residence Al Massira,Tetouan,93000.0,Y,7,Y,Mortgage
4535,A00007274,Ahmed El Fassi,CC589691,61,Bachelor,48 Lotissement Centrale,Fes,30000.0,Y,2,Y,Rent
4536,A00003692,Rania Dadi,X802084,57,Bachelor,8 Boulevard Zerktouni,Oulmes,,Y,7,Y,Rent
4537,A00003454,Yahya Salhi,AB235760,49,MD,26 Rue Bernoussi,Sale,11000.0,Y,4,Y,Own
4538,A00005337,Hiba Alaoui,LA912602,41,High School,20 Boulevard Bernoussi,Larache,92000.0,Y,7,Y,Rent
4539,A00002210,Fatima Fadili,X134133,50,Bachelor,27 Boulevard Al Qods,Dar El Kebdani,,Y,6,Y,Mortgage
4540,A00006228,Ahmed Bate,X277973,31,Bachelor,30 Residence El Fadl,Ahil,,N,3,Y,Mortgage
4541,A00008521,Omar Kibala,JA950362,63,High School,16 Hay Al Massira,Guelmim,81000.0,Y,6,Y,Own
4542,A00008350,Hamza Farissi,L708834,47,Bachelor,29 Rue Bernoussi,Tetouan,93000.0,Y,5,Y,Own
4543,A00000579,Taha Fadili,X352868,62,Bachelor,34 Residence Centrale,Tafraout,,Y,3,Y,Own
4544,A00006712,Salma Amine,DN450022,30,Masters,21 Boulevard El Fadl,Meknes,50010.0,Y,3,Y,Rent
4545,A00009367,Othmane Mansour,AB608931,43,Masters,9 Avenue Al Massira,Sale,11000.0,Y,3,Y,Own
4546,A00004834,Aziza Moufkir ,M948852,59,High School,1 Lotissement Al Qods,El Jadida,24010.0,Y,4,Y,Own
4547,A00000042,Mohamed Kibala,JK352451,49,MD,39 Residence Al Massira,Agadir,80000.0,Y,5,N,Own
4548,A00007891,Rachida Metouali,JK980538,58,Bachelor,12 Avenue Hlioua,Agadir,80000.0,Y,5,Y,Own
4549,A00008988,Hiba El Fassi,G133643,37,High School,18 Hay Zerktouni,Kenitra,14110.0,Y,5,Y,Rent
4550,A00007231,Zineb El Fassi,AB402468,25,Bachelor,27 Boulevard El Fadl,Sale,11000.0,N,2,Y,Mortgage
4551,A00007038,Jamila Tazi,X459105,39,,31 Lotissement Al Massira,Afso,,Y,3,Y,Rent
4552,A00007237,Othmane Fadili,CC281873,41,High School,2 Avenue Centrale,Fes,30000.0,Y,6,Y,Rent
4553,A00003722,Fatima Mansar,X378298,37,Bachelor,32 Rue Salam,Sidi Slimane,,Y,7,Y,Rent
4554,A00001370,Meryem Ouazzani,G780696,62,Masters,41 Avenue Hlioua,Kenitra,14110.0,N,6,Y,Mortgage
4555,A00000779,Khadija Moufkir ,X430847,38,PhD,42 Hay Al Qods,M'diq,,N,7,Y,Own
4556,A00008356,Mohamed Amrani,L387933,36,Bachelor,46 Residence Al Massira,Tetouan,93000.0,Y,4,N,Own
4557,A00004563,Aya Bate,X221469,61,Bachelor,9 Boulevard Al Houda,Ain Cheggag,,Y,2,Y,Mortgage
4558,A00006482,Noha Salhi,DN218655,26,High School,1 Hay Zerktouni,Meknes,50010.0,Y,5,Y,Rent
4559,A00005472,Zineb Mansour,AB456935,32,Bachelor,35 Avenue Hassan II,Sale,11000.0,Y,7,Y,Rent
4560,A00002945,Malak Fadili,KB367339,27,High School,4 Hay Al Qods,Tanger,90053.0,N,3,Y,Own
4561,A00001854,Adam Farissi,JK318864,59,Bachelor,41 Boulevard Al Qods,Agadir,80000.0,Y,2,Y,Rent
4562,A00005058,Kaoutar Barghoud,DA813281,50,High School,46 Residence Zerktouni,Azrou,53100.0,Y,4,Y,Mortgage
4563,A00004968,Hiba Bate,DN389476,31,College,28 Boulevard Al Houda,Meknes,50010.0,Y,5,Y,Own
4564,A00004222,Omar Fakhir,X546570,27,College,38 Avenue Zerktouni,Zaouiat Ahansal,,Y,7,Y,Own
4565,A00001567,Aya Banoune,N267497,62,Masters,40 Hay Al Massira,Essaouira,44000.0,Y,2,Y,Rent
4566,A00000166,Hamza Kibala,X261140,25,Bachelor,27 Lotissement Centrale,Driouch,,N,4,Y,Mortgage
4567,A00006396,Kawtar El Fassi,DN674984,49,Bachelor,33 Lotissement Salam,Meknes,50010.0,Y,7,Y,Own
4568,A00003939,Hamza Kibala,X799249,40,Bachelor,13 Residence Mohammed V,Zagora,,Y,5,Y,Mortgage
4569,A00004122,Omar Tazi,EE887380,39,PhD,20 Lotissement Bernoussi,Marrakech,40000.0,Y,2,Y,Rent
4570,A00006153,Mohamed Fakhir,M550566,38,High School,18 Boulevard Zerktouni,El Jadida,24010.0,Y,2,Y,Rent
4571,A00008802,Fatima Radi,X125139,62,Bachelor,24 Hay Al Houda,My Yacoub,,N,3,N,Rent
4572,A00004362,Omar El Idrissi,BJ540678,56,High School,40 Lotissement Al Houda,Casablanca,20220.0,N,4,Y,Rent
4573,A00000726,Ahmed Ouazzani,CC290827,37,College,26 Hay Hlioua,Fes,30000.0,N,6,Y,Mortgage
4574,A00004977,Hamza Mansour,AG554017,58,High School,45 Avenue Mohammed V,Rabat,11025.0,Y,5,Y,Mortgage
4575,A00001418,Salma Moufkir ,CC857596,27,College,17 Avenue Salam,Fes,30000.0,N,2,Y,Mortgage
4576,A00008561,Taha Alaoui,G907179,34,College,41 Rue Salam,Kenitra,14110.0,Y,2,Y,Rent
4577,A00006466,Youssef Skalli,JK887846,34,High School,10 Rue Hassan II,Agadir,80000.0,N,2,N,Mortgage
4578,A00001145,Omar Alaoui,AG252718,54,Bachelor,24 Rue Hlioua,Rabat,11025.0,Y,5,Y,Mortgage
4579,A00009607,Adam El Fassi,X482466,40,College,43 Boulevard Mohammed V,Jerada,,Y,4,Y,Mortgage
4580,A00004623,Youssef Mansar,EE171832,38,High School,30 Lotissement Hassan II,Marrakech,40000.0,Y,3,Y,Rent
4581,A00000560,Kaoutar Lahlou,N831548,47,College,2 Lotissement Al Houda,Essaouira,44000.0,Y,4,Y,Rent
4582,A00009070,Amine Amrani,X360682,28,,12 Avenue Hlioua,Khemisset,,Y,3,Y,Own
4583,A00004643,Mohammed Amine Tazi,JK372731,38,,38 Lotissement Salam,Agadir,80000.0,Y,4,Y,Rent
4584,A00002844,Ahmed Amrani,KB861919,41,Masters,20 Hay Al Houda,Tanger,90053.0,Y,7,Y,Mortgage
4585,A00002141,Youssef Bate,F247143,47,Masters,30 Avenue Zerktouni,Oujda,60010.0,Y,3,Y,Mortgage
4586,A00005857,Aziza Banoune,X758491,29,,1 Residence Bernoussi,Bni Hadifa,,Y,3,Y,Mortgage
4587,A00004220,Taha Fakhir,L730850,27,High School,33 Residence Hassan II,Tetouan,93000.0,Y,7,Y,Rent
4588,A00006459,Hiba Banoune,P500225,29,PhD,30 Avenue Bernoussi,Ouarzazate,45000.0,Y,4,Y,Rent
4589,A00009312,Noha Skalli,P316790,61,Bachelor,19 Boulevard Hlioua,Ouarzazate,45000.0,Y,7,Y,Mortgage
4590,A00002518,Youssef Skalli,LC910429,54,High School,26 Rue Centrale,Chefchaouen,91000.0,N,4,Y,Rent
4591,A00001158,Ahmed Radi,CC422527,27,Bachelor,23 Lotissement Al Qods,Fes,30000.0,Y,2,Y,Own
4592,A00007252,Zineb Mansar,AG342327,52,Masters,24 Rue Hassan II,Rabat,11025.0,Y,2,Y,Mortgage
4593,A00009638,Malak Bachri,EE594368,50,High School,25 Boulevard Hassan II,Marrakech,40000.0,Y,3,Y,Rent
4594,A00004920,Aziza Radi,KB455008,40,,25 Residence Al Massira,Tanger,90053.0,Y,3,Y,Mortgage
4595,A00006762,Taha Amine,AG382645,61,High School,24 Lotissement El Fadl,Rabat,11025.0,Y,7,Y,Rent
4596,A00004757,Hamza Dadi,L290164,42,Masters,11 Boulevard Bernoussi,Tetouan,93000.0,Y,2,Y,Own
4597,A00009984,Youssef Skalli,CC382591,60,,24 Lotissement Al Houda,Fes,30000.0,Y,4,Y,Mortgage
4598,A00005475,Mohammed Amine Dadi,X905435,32,High School,4 Hay Bernoussi,Khourubga,25000.0,Y,6,N,Mortgage
4599,A00007946,Youssef Bachri,AB463121,57,Masters,29 Lotissement Hlioua,Sale,11000.0,N,5,Y,Mortgage
4600,A00008218,Salma Bennani,BJ190537,47,High School,12 Lotissement Mohammed V,Casablanca,20220.0,N,6,Y,Own
4601,A00002119,Hassan Barghoud,X562976,37,Bachelor,31 Lotissement Zerktouni,Bab Berred,,Y,5,Y,Rent
4602,A00002201,Kaoutar Fakhir,DA118225,37,Masters,26 Boulevard Salam,Azrou,53100.0,Y,5,Y,Own
4603,A00009113,Khaoula Fadili,AG601142,48,Bachelor,2 Residence Bernoussi,Rabat,11025.0,Y,2,Y,Rent
4604,A00004500,Aziza Kibala,AG512887,45,High School,49 Hay Salam,Rabat,11025.0,Y,5,Y,Mortgage
4605,A00003015,Othmane Metouali,KB351576,32,Masters,29 Boulevard Al Qods,Tanger,90053.0,Y,4,Y,Mortgage
4606,A00006413,Kawtar Jamal,R380363,60,High School,22 Boulevard Al Houda,El Hoceima,32000.0,Y,7,Y,Mortgage
4607,A00007093,Yahya El Idrissi,X631577,51,PhD,18 Hay Hlioua,Sebt El Guerdane,,Y,2,Y,Own
4608,A00006045,Amine Salhi,EE784422,40,College,25 Boulevard Hassan II,Marrakech,40000.0,Y,6,Y,Mortgage
4609,A00000182,Hassan Bennani,BJ975614,36,Bachelor,24 Lotissement El Fadl,Casablanca,20220.0,Y,5,Y,Own
4610,A00001476,Yahya Skalli,AG345102,25,Bachelor,42 Lotissement Al Massira,Rabat,11025.0,Y,7,Y,Rent
4611,A00005947,Malak El Yousfi,X119002,58,Bachelor,8 Hay Al Houda,Ouezzane,,Y,2,Y,Rent
4612,A00002907,Hamza Skalli,AG733468,30,Bachelor,7 Avenue Hlioua,Rabat,11025.0,N,4,Y,Mortgage
4613,A00007607,Jamila Metouali,EE528447,62,Bachelor,39 Lotissement Hassan II,Marrakech,40000.0,Y,5,Y,Rent
4614,A00008622,Amine Bate,HH394112,28,Masters,48 Avenue Mohammed V,Safi,46000.0,N,5,Y,Rent
4615,A00002535,Malak El Yousfi,JK897287,30,Masters,23 Lotissement Centrale,Agadir,80000.0,Y,2,Y,Rent
4616,A00007326,Hamza Eddoughmi,JK343956,51,Bachelor,28 Lotissement Salam,Agadir,80000.0,N,7,Y,Mortgage
4617,A00000336,Youssef Tahiri,L819057,31,Masters,23 Boulevard Al Qods,Tetouan,93000.0,N,7,Y,Rent
4618,A00006897,Hassan Bachri,EE490055,45,Bachelor,32 Rue Centrale,Marrakech,40000.0,N,4,Y,Own
4619,A00003169,Omar Tahiri,X189815,34,Masters,34 Residence Al Houda,Benslimane,,Y,6,Y,Mortgage
4620,A00007037,Zineb Bachri,JK493968,25,High School,18 Avenue El Fadl,Agadir,80000.0,Y,2,Y,Rent
4621,A00009634,Youssef Kibala,X319332,33,Bachelor,33 Hay Salam,Ben Ahmed,,Y,3,Y,Own
4622,A00002974,Hassan Fadili,M756980,51,High School,33 Rue Hassan II,El Jadida,24010.0,Y,2,Y,Mortgage
4623,A00007597,Hajar El Idrissi,X566117,58,High School,43 Boulevard Mohammed V,Jerada,,Y,2,N,Mortgage
4624,A00006603,Jamila Dadi,JK553463,39,,39 Lotissement Bernoussi,Agadir,80000.0,Y,4,N,Rent
4625,A00001461,Salma El Yousfi,I653792,49,High School,24 Residence Mohammed V,Beni Mellal,23000.0,N,6,Y,Mortgage
4626,A00002188,Othmane Dadi,JK577829,63,High School,4 Rue Bernoussi,Agadir,80000.0,N,3,Y,Mortgage
4627,A00000137,Khadija Lahlou,X612756,36,Bachelor,17 Lotissement Al Massira,Figuig,,Y,3,Y,Mortgage
4628,A00008013,Zineb Mansour,BJ543172,62,Bachelor,29 Residence Zerktouni,Casablanca,20220.0,Y,3,N,Rent
4629,A00004048,Noha Metouali,KB946754,25,Bachelor,29 Residence Mohammed V,Tanger,90053.0,N,3,Y,Own
4630,A00009600,Khaoula Benchikh,JF494095,34,College,18 Residence El Fadl,Tan Tan,82000.0,N,3,Y,Mortgage
4631,A00006919,Hiba Tazi,AG931940,38,College,41 Hay Al Qods,Rabat,11025.0,Y,6,Y,Rent
4632,A00002133,Kaoutar Metouali,X251464,26,High School,11 Boulevard El Fadl,Bouznika,,Y,4,Y,Rent
4633,A00007284,Rania Radi,F947398,55,College,40 Rue Mohammed V,Oujda,60010.0,N,7,Y,Own
4634,A00008808,Zineb Tazi,L916969,48,,45 Residence Mohammed V,Tetouan,93000.0,Y,5,Y,Rent
4635,A00002802,Meryem Dadi,JK719861,28,Bachelor,49 Avenue Hassan II,Agadir,80000.0,Y,6,N,Mortgage
4636,A00008453,Adam Salhi,AB162537,57,Bachelor,49 Lotissement Salam,Sale,11000.0,N,5,Y,Mortgage
4637,A00007730,Salma Radi,R702592,27,Bachelor,22 Boulevard Al Houda,El Hoceima,32000.0,Y,2,Y,Mortgage
4638,A00001628,Hiba Tahiri,EE522247,31,,21 Rue Al Qods,Marrakech,40000.0,Y,5,Y,Mortgage
4639,A00002512,Mohammed Amine Amrani,G777327,62,PhD,7 Avenue Zerktouni,Kenitra,14110.0,N,4,Y,Mortgage
4640,A00002705,Ahmed Ouazzani,L594156,37,College,49 Hay Al Qods,Tetouan,93000.0,Y,6,Y,Mortgage
4641,A00007496,Kawtar Eddoughmi,F107302,62,Masters,20 Residence Al Qods,Oujda,60010.0,N,6,Y,Rent
4642,A00000455,Mohamed Tazi,F907487,49,Bachelor,2 Lotissement Al Massira,Oujda,60010.0,Y,3,N,Rent
4643,A00003297,Aziza Banoune,EE840946,61,,10 Hay Salam,Marrakech,40000.0,Y,2,Y,Mortgage
4644,A00003948,Khaoula Amine,BJ292179,47,Bachelor,10 Hay Salam,Casablanca,20220.0,N,5,Y,Mortgage
4645,A00000950,Omar El Idrissi,AB688809,27,High School,29 Boulevard Hlioua,Sale,11000.0,Y,6,Y,Mortgage
4646,A00004232,Youssef Moufkir ,BJ417262,44,High School,17 Boulevard Mohammed V,Casablanca,20220.0,N,3,Y,Rent
4647,A00000307,Youssef Amine,X639664,45,,12 Residence Mohammed V,Kasba Tadla,,Y,2,N,Rent
4648,A00005719,Noha Tazi,G563746,31,Bachelor,37 Boulevard Zerktouni,Kenitra,14110.0,N,6,Y,Mortgage
4649,A00002161,Mohamed Metouali,P447943,29,Bachelor,12 Avenue El Fadl,Ouarzazate,45000.0,N,4,Y,Rent
4650,A00006595,Omar El Idrissi,L677164,49,MD,23 Lotissement Centrale,Tetouan,93000.0,N,5,Y,Own
4651,A00001807,Taha Mansar,BJ957172,56,Bachelor,17 Boulevard Hassan II,Casablanca,20220.0,Y,2,Y,Own
4652,A00007769,Kaoutar Metouali,X179384,25,High School,28 Lotissement Hassan II,Driouch,,Y,2,Y,Rent
4653,A00005526,Zineb Banoune,X834075,42,MD,23 Rue Zerktouni,Ijermaouas,,N,2,Y,Own
4654,A00006156,Hassan Eddoughmi,KB399471,54,High School,48 Lotissement Hassan II,Tanger,90053.0,Y,5,Y,Own
4655,A00008509,Omar Amrani,EE210219,36,Bachelor,30 Hay El Fadl,Marrakech,40000.0,Y,6,Y,Mortgage
4656,A00000673,Omar Skalli,X600492,37,College,43 Rue Zerktouni,Sidi Smail,,Y,2,Y,Mortgage
4657,A00007545,Rachida Bennani,G538848,44,Masters,37 Hay Salam,Kenitra,14110.0,Y,2,N,Rent
4658,A00001969,Jamila Tahiri,X869628,56,Bachelor,41 Avenue Hassan II,Deroua,,Y,3,Y,Rent
4659,A00006894,Rania Tahiri,X836111,53,Bachelor,27 Boulevard Hassan II,Foum Jamaa,,N,5,Y,Own
4660,A00007067,Omar Alaoui,X838537,39,Bachelor,7 Rue Bernoussi,Sidi Aissa,,N,4,Y,Mortgage
4661,A00009305,Rachida Skalli,DN723537,50,Bachelor,39 Lotissement Al Houda,Meknes,50010.0,Y,2,Y,Own
4662,A00005991,Khadija Kibala,AB422588,60,Bachelor,26 Hay Bernoussi,Sale,11000.0,N,7,Y,Rent
4663,A00008400,Hamza Fadili,L612392,59,Bachelor,37 Hay Mohammed V,Tetouan,93000.0,Y,5,Y,Mortgage
4664,A00001657,Youssef Mansar,EA807077,56,High School,18 Residence Al Houda,Ben Guerir,43150.0,Y,3,Y,Rent
4665,A00001985,Omar El Yousfi,N196694,47,High School,42 Hay Al Houda,Essaouira,44000.0,Y,3,Y,Rent
4666,A00003100,Hamza Kibala,KB681925,31,Bachelor,33 Rue Centrale,Tanger,90053.0,Y,4,Y,Mortgage
4667,A00003217,Malak Mansar,X576446,41,High School,25 Rue Al Houda,Sidi Mohamed Lahmar,,N,2,Y,Rent
4668,A00007021,Fatima Ezzahra  Bate,X742098,48,Masters,14 Lotissement El Fadl,Tinjdad,,Y,7,Y,Own
4669,A00009388,Aya Metouali,G811592,41,Bachelor,12 Lotissement El Fadl,Kenitra,14110.0,Y,7,Y,Mortgage
4670,A00001339,Meryem Ouazzani,G462147,47,Bachelor,8 Avenue Zerktouni,Kenitra,14110.0,Y,2,Y,Mortgage
4671,A00002016,Yahya Skalli,EE400732,52,MD,16 Lotissement Zerktouni,Marrakech,40000.0,Y,4,Y,Own
4672,A00007514,Salma Amrani,F550739,34,Bachelor,4 Rue Al Houda,Oujda,60010.0,Y,2,Y,Mortgage
4673,A00002023,Jamila Amrani,EE897071,55,High School,28 Hay Hassan II,Marrakech,40000.0,Y,5,Y,Rent
4674,A00005935,Rania Amrani,EE401073,36,High School,9 Avenue Centrale,Marrakech,40000.0,Y,3,Y,Rent
4675,A00003605,Kaoutar Barghoud,BJ466957,25,Bachelor,4 Lotissement Al Massira,Casablanca,20220.0,Y,3,Y,Own
4676,A00001088,Salma Berrada,JK339642,36,MD,1 Hay Salam,Agadir,80000.0,Y,7,Y,Mortgage
4677,A00009867,Zineb Skalli,X406226,35,High School,2 Boulevard Al Qods,,,Y,7,Y,Own
4678,A00007389,Hiba Lahlou,L954383,47,Bachelor,11 Lotissement Salam,Tetouan,93000.0,Y,2,Y,Mortgage
4679,A00008909,Youssef Alaoui,EE304669,43,PhD,48 Lotissement Salam,Marrakech,40000.0,Y,4,Y,Rent
4680,A00002562,Hiba Tazi,HH775384,64,Masters,28 Avenue Hassan II,Safi,46000.0,N,2,Y,Rent
4681,A00006714,Youssef Bachri,X651678,58,,5 Boulevard Al Houda,Demnate,,N,6,Y,Own
4682,A00009219,Malak Fadili,N923407,29,College,15 Hay Al Houda,Essaouira,44000.0,Y,5,Y,Rent
4683,A00003897,Salma Alaoui,CC678939,31,Bachelor,25 Boulevard Hlioua,Fes,30000.0,Y,4,Y,Own
4684,A00000448,Khadija Banoune,L843153,41,High School,31 Rue Hlioua,Tetouan,93000.0,N,5,N,Rent
4685,A00003120,Hajar Fadili,DN188669,31,College,47 Hay Al Houda,Meknes,50010.0,N,4,Y,Rent
4686,A00004787,Omar Farissi,BJ309131,50,High School,47 Avenue Al Massira,Casablanca,20220.0,N,7,Y,Rent
4687,A00006818,Mohammed Amine Mansar,AB571831,41,PhD,9 Avenue Al Massira,Sale,11000.0,N,3,Y,Mortgage
4688,A00000466,Meryem Banoune,X251186,40,High School,12 Boulevard Bernoussi,Akhfenir,,N,3,Y,Own
4689,A00001928,Hamza El Yousfi,L183504,50,High School,16 Residence Salam,Tetouan,93000.0,Y,6,Y,Mortgage
4690,A00007755,Taha El Fassi,G840726,32,High School,9 Rue Zerktouni,Kenitra,14110.0,Y,4,Y,Own
4691,A00005749,Omar Bate,L522344,64,Bachelor,15 Boulevard Al Qods,Tetouan,93000.0,N,7,Y,Mortgage
4692,A00003226,Zineb Ouazzani,EE846688,55,Bachelor,43 Residence Hlioua,Marrakech,40000.0,Y,2,Y,Rent
4693,A00000057,Hassan Mansar,Y356540,34,Bachelor,25 Residence Hlioua,El Kelaa des Sraghna,43000.0,Y,2,Y,Mortgage
4694,A00005713,Aya Bennani,EE542091,34,High School,11 Lotissement Centrale,Marrakech,40000.0,Y,3,Y,Mortgage
4695,A00009189,Aziza Lahlou,N580955,40,Bachelor,43 Hay Al Qods,Essaouira,44000.0,N,4,Y,Own
4696,A00001660,Khaoula Lahlou,X559700,41,Bachelor,16 Lotissement Al Massira,Zaida,,Y,7,Y,Mortgage
4697,A00009961,Taha Tazi,G663300,46,MD,12 Rue Centrale,Kenitra,14110.0,N,7,Y,Own
4698,A00005091,Amine Fakhir,DN978905,58,Masters,11 Hay Hassan II,Meknes,50010.0,Y,3,Y,Own
4699,A00000968,Fatima Berrada,JK302473,63,High School,23 Lotissement Mohammed V,Agadir,80000.0,N,4,Y,Own
4700,A00001349,Fatima Amine,EE623669,41,College,49 Boulevard El Fadl,Marrakech,40000.0,Y,5,Y,Own
4701,A00006770,Rachida Skalli,LA933515,50,Masters,46 Residence Mohammed V,Larache,92000.0,Y,6,Y,Rent
4702,A00000165,Mohammed Amine Eddoughmi,AG988606,45,High School,49 Hay Mohammed V,Rabat,11025.0,Y,6,Y,Mortgage
4703,A00001765,Khadija Amine,AB232093,33,Bachelor,20 Residence Centrale,Sale,11000.0,N,7,Y,Rent
4704,A00008759,Othmane Oufkir,AG912980,38,Bachelor,20 Rue Al Massira,Rabat,11025.0,Y,4,Y,Mortgage
4705,A00001171,Othmane El Fassi,SA379671,39,High School,1 Rue Zerktouni,Nador,62000.0,Y,7,Y,Rent
4706,A00003497,Aya Tazi,JK853205,26,Bachelor,6 Residence Al Houda,Agadir,80000.0,N,3,Y,Rent
4707,A00002610,Aziza Oufkir,X226184,38,Bachelor,42 Avenue Bernoussi,Imilchil,,N,7,Y,Own
4708,A00008171,Mohamed Mansour,DN781759,62,Bachelor,45 Boulevard Bernoussi,Meknes,50010.0,Y,2,Y,Mortgage
4709,A00005402,Khaoula Bate,AB111648,42,,45 Hay Al Qods,Sale,11000.0,Y,7,Y,Rent
4710,A00005851,Aya Benchikh,CB889305,54,College,33 Lotissement Al Houda,Sefrou,31000.0,N,5,Y,Mortgage
4711,A00009106,Noha Fadili,X532913,26,High School,29 Lotissement Mohammed V,Anergui,,Y,7,Y,Own
4712,A00007595,Mohammed Amine Oufkir,W948580,59,Bachelor,46 Rue Bernoussi,Settat,26000.0,Y,3,Y,Rent
4713,A00003492,Yahya Oufkir,AB724386,42,High School,30 Rue Hassan II,Sale,11000.0,Y,2,Y,Rent
4714,A00009281,Youssef Farissi,SA556553,30,Masters,41 Avenue El Fadl,Nador,62000.0,Y,5,Y,Rent
4715,A00001533,Noha Lahlou,AG771081,35,High School,24 Rue Hassan II,Rabat,11025.0,Y,2,Y,Rent
4716,A00005008,Malak El Yousfi,AB831583,25,High School,40 Lotissement Salam,Sale,11000.0,Y,2,Y,Mortgage
4717,A00007444,Jamila El Fassi,M234789,50,Bachelor,7 Hay Zerktouni,El Jadida,24010.0,Y,5,Y,Mortgage
4718,A00009797,Khadija Kibala,EE465777,37,Bachelor,25 Boulevard Centrale,Marrakech,40000.0,Y,6,Y,Rent
4719,A00008761,Ahmed Benchikh,JK883578,59,Bachelor,26 Residence Hlioua,Agadir,80000.0,Y,2,Y,Mortgage
4720,A00003249,Taha Barghoud,X511293,55,Bachelor,36 Boulevard Al Qods,Matarka,,N,7,Y,Own
4721,A00002010,Mohamed El Yousfi,F667646,55,Bachelor,20 Residence Al Qods,Oujda,60010.0,N,2,Y,Rent
4722,A00003053,Hajar El Yousfi,X863343,51,Bachelor,42 Boulevard Mohammed V,Tounfite,,Y,5,Y,Rent
4723,A00007768,Ahmed Dadi,KB358144,49,High School,22 Rue Centrale,Tanger,90053.0,Y,6,Y,Own
4724,A00002859,Khaoula Kibala,X158873,35,PhD,42 Residence Al Houda,MideltDakhla,,N,6,Y,Mortgage
4725,A00006052,Othmane Berrada,X453729,64,Masters,32 Lotissement Bernoussi,Zaida,,Y,4,N,Own
4726,A00003434,Khaoula Amine,OD235962,48,Bachelor,30 Rue Zerktouni,Dakhla,73000.0,Y,4,Y,Own
4727,A00002111,Amine Moufkir ,X129759,42,High School,10 Residence Zerktouni,Bhalil,,Y,3,Y,Rent
4728,A00007898,Aziza Bennani,R973179,42,Bachelor,42 Boulevard El Fadl,El Hoceima,32000.0,Y,6,Y,Mortgage
4729,A00009049,Jamila Banoune,AB668954,41,Bachelor,10 Hay Hlioua,Sale,11000.0,Y,7,Y,Rent
4730,A00007291,Yahya El Yousfi,KB736437,25,Masters,49 Hay Centrale,Tanger,90053.0,Y,4,Y,Mortgage
4731,A00008723,Aya Berrada,AG670063,35,Bachelor,16 Residence Salam,Rabat,11025.0,N,6,Y,Mortgage
4732,A00004916,Fatima El Fassi,N169412,61,Bachelor,19 Residence Al Qods,Essaouira,44000.0,Y,7,Y,Rent
4733,A00003946,Taha Fadili,DN767892,25,,7 Lotissement Centrale,Meknes,50010.0,N,3,Y,Own
4734,A00007958,Aya El Idrissi,AB570600,25,MD,49 Residence Salam,Sale,11000.0,N,4,Y,Rent
4735,A00006200,Kaoutar El Idrissi,X665827,48,College,8 Boulevard Zerktouni,Oulmes,,Y,2,Y,Own
4736,A00002709,Jamila Farissi,X876657,37,,35 Hay Bernoussi,Sidi Redouane,,Y,4,Y,Own
4737,A00005207,Aya Alaoui,F638379,41,Masters,30 Residence Centrale,Oujda,60010.0,Y,2,Y,Rent
4738,A00002049,Aziza Amrani,X812314,26,Masters,35 Lotissement El Fadl,Ouezzane,,Y,2,Y,Rent
4739,A00000849,Fatima Ezzahra  Bachri,N844877,57,Bachelor,40 Hay El Fadl,Essaouira,44000.0,Y,5,Y,Mortgage
4740,A00007439,Adam Salhi,X158507,25,Bachelor,23 Rue Al Qods,Oulad Ziane,,Y,2,Y,Own
4741,A00005775,Youssef Bachri,X737878,36,,32 Rue Al Massira,Beni Bouayach,,N,6,Y,Mortgage
4742,A00000040,Khaoula Amine,WA693256,33,High School,38 Avenue Salam,Berrechid,26100.0,Y,4,Y,Mortgage
4743,A00007205,Meryem Lahlou,DN371065,44,MD,12 Lotissement Al Qods,Meknes,50010.0,N,4,Y,Rent
4744,A00002005,Rachida Ouazzani,HH413171,55,College,17 Boulevard Salam,Safi,46000.0,N,2,Y,Rent
4745,A00005374,Aziza Oufkir,SA719747,37,Bachelor,1 Rue Zerktouni,Nador,62000.0,Y,4,Y,Rent
4746,A00003011,Rachida Amine,F628473,44,High School,9 Avenue Al Massira,Oujda,60010.0,Y,7,Y,Rent
4747,A00004385,Meryem Barghoud,X325227,54,MD,33 Boulevard Al Houda,Tameslouht,,N,2,N,Rent
4748,A00007355,Ahmed Skalli,CC781827,35,Masters,1 Lotissement Zerktouni,Fes,30000.0,Y,7,Y,Rent
4749,A00008092,Fatima Amine,X768813,29,Masters,35 Rue Salam,Sidi Bouzid,,N,4,Y,Mortgage
4750,A00007635,Jamila Mansar,X524682,29,High School,19 Hay Al Houda,Sidi Mokhtar,,Y,5,Y,Rent
4751,A00009487,Othmane Mansour,DN312021,59,High School,39 Lotissement Mohammed V,Meknes,50010.0,N,4,Y,Own
4752,A00007644,Omar Bate,X835770,54,High School,36 Avenue Hassan II,Beni Ayat,,Y,6,Y,Own
4753,A00002868,Aziza Benali,X888250,36,Bachelor,37 Rue Hassan II,Taza Haut,,N,3,Y,Own
4754,A00001231,Omar Mansar,P138059,27,Masters,15 Avenue Al Massira,Ouarzazate,45000.0,Y,6,Y,Own
4755,A00004248,Fatima Mansar,W205721,48,PhD,43 Residence Al Massira,Settat,26000.0,Y,4,N,Own
4756,A00008990,Omar Amrani,G608659,46,Bachelor,7 Hay El Fadl,Kenitra,14110.0,N,2,N,Rent
4757,A00002273,Hiba Mansar,EE488195,40,High School,43 Hay Salam,Marrakech,40000.0,Y,5,Y,Own
4758,A00000821,Rania Radi,KB338431,52,College,44 Residence Zerktouni,Tanger,90053.0,Y,4,Y,Mortgage
4759,A00004466,Youssef Oufkir,X747725,61,MD,3 Hay Bernoussi,Tazart,,Y,3,N,Own
4760,A00004284,Ahmed El Idrissi,AG811930,53,Bachelor,24 Rue Hlioua,Rabat,11025.0,N,6,Y,Mortgage
4761,A00008563,Taha El Yousfi,BJ955671,43,Bachelor,32 Lotissement Zerktouni,Casablanca,20220.0,Y,2,Y,Own
4762,A00001450,Kawtar Bate,X145785,32,Bachelor,39 Boulevard Al Houda,Tillouguite,,Y,5,Y,Own
4763,A00004396,Hassan Alaoui,X419162,54,Bachelor,22 Lotissement Salam,Imi n'Tanoute,,Y,5,Y,Mortgage
4764,A00004361,Malak Tazi,X498535,58,Bachelor,8 Boulevard Bernoussi,Skhour Rehamna,,Y,2,Y,Rent
4765,A00000615,Youssef Banoune,DN276179,26,,30 Rue Hlioua,Meknes,50010.0,Y,6,Y,Own
4766,A00007758,Aya Farissi,X927788,44,,13 Avenue El Fadl,Ben Ahmed,,Y,4,Y,Mortgage
4767,A00000774,Mohamed Benchikh,X468467,57,Bachelor,31 Boulevard Hassan II,Ain Cheggag,,Y,4,Y,Rent
4768,A00009912,Khaoula Eddoughmi,KB425142,35,College,40 Lotissement Hassan II,Tanger,90053.0,Y,3,Y,Own
4769,A00004537,Rania Alaoui,X496997,57,Bachelor,27 Boulevard Hlioua,Erfoud,,Y,7,Y,Rent
4770,A00009008,Amine Benali,EE113374,47,Bachelor,41 Residence Hassan II,Marrakech,40000.0,Y,7,Y,Rent
4771,A00005843,Kawtar Mansar,VA399419,55,Masters,12 Avenue Hlioua,Midelt,54350.0,Y,3,Y,Rent
4772,A00002493,Hassan Salhi,CC874787,44,,12 Avenue Mohammed V,Fes,30000.0,Y,3,Y,Rent
4773,A00007641,Taha Jamal,BJ822212,31,Masters,36 Residence Salam,Casablanca,20220.0,Y,4,Y,Rent
4774,A00008180,Hassan Oufkir,G710694,63,Masters,12 Boulevard El Fadl,Kenitra,14110.0,N,5,Y,Mortgage
4775,A00004583,Omar Benali,F212713,57,High School,14 Rue Al Massira,Oujda,60010.0,Y,3,Y,Own
4776,A00008022,Youssef Ouazzani,AB883207,38,Bachelor,11 Rue Al Houda,Sale,11000.0,Y,4,Y,Mortgage
4777,A00009619,Salma Tazi,F396454,64,PhD,22 Boulevard Zerktouni,Oujda,60010.0,Y,3,Y,Rent
4778,A00003965,Mohamed Moufkir ,KB950758,40,Masters,31 Boulevard Al Massira,Tanger,90053.0,N,2,Y,Mortgage
4779,A00003887,Omar Tahiri,KB385533,64,Masters,47 Rue Bernoussi,Tanger,90053.0,Y,4,Y,Rent
4780,A00001570,Aziza Berrada,DN977543,39,College,44 Rue Al Houda,Meknes,50010.0,Y,5,Y,Mortgage
4781,A00009908,Omar Dadi,WA230756,51,High School,23 Lotissement Al Qods,Berrechid,26100.0,Y,4,Y,Own
4782,A00005926,Meryem Jamal,W730225,60,High School,2 Lotissement Al Qods,Settat,26000.0,Y,7,Y,Rent
4783,A00001532,Othmane Tazi,X440694,50,Masters,16 Rue Hlioua,Tit Mellil,,N,2,Y,Mortgage
4784,A00005107,Zineb Amine,R556540,38,High School,32 Avenue Hlioua,El Hoceima,32000.0,N,4,N,Own
4785,A00008633,Jamila Benali,KB819835,46,Masters,3 Rue Zerktouni,Tanger,90053.0,Y,4,Y,Own
4786,A00000863,Ahmed Farissi,AB635016,56,Bachelor,9 Avenue Centrale,Sale,11000.0,Y,7,Y,Own
4787,A00009744,Othmane Mansar,DN457775,49,High School,39 Hay El Fadl,Meknes,50010.0,N,6,Y,Own
4788,A00002807,Omar El Fassi,EE299681,47,Bachelor,43 Hay Centrale,Marrakech,40000.0,Y,6,Y,Rent
4789,A00004257,Salma Bennani,L391623,48,Bachelor,35 Boulevard Centrale,Tetouan,93000.0,N,3,Y,Own
4790,A00004913,Ahmed Berrada,L334694,43,MD,14 Boulevard Zerktouni,Tetouan,93000.0,Y,3,Y,Rent
4791,A00004510,Jamila Jamal,F696752,39,MD,36 Avenue Zerktouni,Oujda,60010.0,N,4,Y,Own
4792,A00003333,Noha Tahiri,AB909822,33,Bachelor,43 Hay Mohammed V,Sale,11000.0,Y,6,Y,Rent
4793,A00006692,Mohamed El Idrissi,AG800222,43,PhD,4 Boulevard Centrale,Rabat,11025.0,Y,5,Y,Mortgage
4794,A00000942,Mohammed Amine Ouazzani,X512838,30,Bachelor,31 Rue Centrale,MideltDakhla,,Y,3,Y,Mortgage
4795,A00004653,Rania Salhi,CC547025,52,High School,26 Boulevard Centrale,Fes,30000.0,Y,7,Y,Mortgage
4796,A00000576,Salma Lahlou,CC719920,36,Masters,13 Lotissement Hlioua,Fes,30000.0,Y,3,Y,Rent
4797,A00009307,Salma Tazi,DN744423,28,College,41 Hay Bernoussi,Meknes,50010.0,Y,4,N,Mortgage
4798,A00006263,Jamila Benchikh,L466223,57,High School,36 Hay Centrale,Tetouan,93000.0,Y,6,Y,Own
4799,A00000790,Rachida Oufkir,KB284052,26,Bachelor,31 Lotissement Mohammed V,Tanger,90053.0,Y,5,Y,Rent
4800,A00006754,Omar Dadi,N170857,53,Bachelor,40 Hay El Fadl,Essaouira,44000.0,Y,3,Y,Own
4801,A00003935,Youssef El Fassi,L669012,35,Masters,39 Rue Salam,Tetouan,93000.0,Y,7,Y,Mortgage
4802,A00007583,Youssef Bate,X634976,51,High School,5 Rue Centrale,Zegzel,,Y,4,Y,Own
4803,A00008834,Yahya Lahlou,BJ167754,62,Masters,8 Boulevard El Fadl,Casablanca,20220.0,N,4,Y,Rent
4804,A00006184,Yahya Bennani,G100825,27,Bachelor,28 Rue Hassan II,Kenitra,14110.0,Y,2,Y,Rent
4805,A00007574,Kaoutar Tazi,KB655421,63,Bachelor,28 Residence Salam,Tanger,90053.0,Y,6,Y,Own
4806,A00004057,Ahmed El Fassi,LA666239,42,Masters,20 Boulevard Bernoussi,Larache,92000.0,Y,6,Y,Own
4807,A00002671,Salma Berrada,X352660,31,Bachelor,19 Boulevard Al Houda,Sidi Jaber,,Y,5,Y,Mortgage
4808,A00004307,Salma Kibala,AG178897,39,High School,20 Boulevard Zerktouni,Rabat,11025.0,Y,4,Y,Own
4809,A00001712,Khadija El Yousfi,KB293233,38,Bachelor,20 Avenue Hassan II,Tanger,90053.0,Y,3,Y,Rent
4810,A00009199,Kaoutar El Idrissi,DN962883,39,Masters,11 Rue Hassan II,Meknes,50010.0,Y,6,Y,Own
4811,A00006939,Kaoutar El Idrissi,M175343,36,College,24 Residence Al Qods,El Jadida,24010.0,N,4,Y,Own
4812,A00001347,Khadija Lahlou,DN266819,27,Bachelor,39 Lotissement Al Massira,Meknes,50010.0,Y,2,Y,Mortgage
4813,A00005326,Adam Berrada,AG685079,37,High School,33 Lotissement Al Houda,Rabat,11025.0,N,7,Y,Rent
4814,A00005836,Youssef El Fassi,DN514154,30,High School,29 Residence Hlioua,Meknes,50010.0,Y,7,N,Mortgage
4815,A00009051,Aziza El Fassi,BJ321211,26,Bachelor,49 Avenue Mohammed V,Casablanca,20220.0,Y,6,N,Mortgage
4816,A00003663,Taha Alaoui,EE695976,52,College,27 Rue Al Qods,Marrakech,40000.0,Y,3,Y,Mortgage
4817,A00000308,Adam Tazi,AG561403,64,Masters,22 Lotissement Mohammed V,Rabat,11025.0,Y,7,Y,Own
4818,A00005611,Mohammed Amine Bennani,L413509,30,High School,29 Lotissement Mohammed V,Tetouan,93000.0,Y,7,Y,Mortgage
4819,A00006853,Hamza Benali,EE558029,49,Bachelor,30 Avenue Hlioua,Marrakech,40000.0,Y,5,N,Rent
4820,A00008484,Amine El Yousfi,W714846,34,High School,8 Boulevard Hlioua,Settat,26000.0,N,7,Y,Mortgage
4821,A00001048,Adam Dadi,AB599111,47,Bachelor,45 Hay Al Qods,Sale,11000.0,N,3,N,Rent
4822,A00005286,Zineb Fakhir,L975236,35,,27 Residence Mohammed V,Tetouan,93000.0,Y,6,Y,Mortgage
4823,A00006275,Khaoula Jamal,AG736548,41,College,37 Rue Al Qods,Rabat,11025.0,Y,2,Y,Mortgage
4824,A00004503,Youssef Alaoui,X969943,35,High School,15 Residence Centrale,Ouezzane,,Y,2,Y,Mortgage
4825,A00002478,Mohammed Amine Skalli,L146986,54,High School,31 Hay Zerktouni,Tetouan,93000.0,Y,3,Y,Mortgage
4826,A00006719,Omar Amrani,JA378679,28,Bachelor,19 Avenue Zerktouni,Guelmim,81000.0,Y,5,Y,Mortgage
4827,A00000130,Zineb Berrada,L237676,52,Bachelor,40 Residence Salam,Tetouan,93000.0,Y,4,Y,Own
4828,A00002812,Fatima Ezzahra  Amrani,AB329938,34,Bachelor,20 Residence Centrale,Sale,11000.0,Y,6,Y,Own
4829,A00005351,Hamza Bachri,X802115,37,High School,41 Boulevard Hlioua,Azilal,,Y,7,N,Mortgage
4830,A00000377,Mohamed Mansar,AB192638,45,Bachelor,15 Residence Al Houda,Sale,11000.0,N,6,Y,Rent
4831,A00002383,Meryem Banoune,G133789,25,Bachelor,34 Avenue Bernoussi,Kenitra,14110.0,N,6,Y,Own
4832,A00005924,Meryem Tazi,G212658,54,Bachelor,45 Boulevard Bernoussi,Kenitra,14110.0,Y,5,Y,Own
4833,A00002619,Noha Banoune,KB327052,62,Bachelor,41 Residence Hassan II,Tanger,90053.0,N,3,Y,Rent
4834,A00004656,Omar Benali,G257666,63,Bachelor,48 Boulevard Zerktouni,Kenitra,14110.0,Y,2,Y,Rent
4835,A00008894,Jamila Salhi,N290567,30,College,26 Boulevard Al Massira,Essaouira,44000.0,Y,4,Y,Own
4836,A00006098,Kaoutar Bachri,X695363,25,,3 Avenue Al Houda,Sidi Mohamed Lahmar,,Y,3,Y,Mortgage
4837,A00003064,Kawtar Benali,X926246,33,,8 Avenue Zerktouni,Foum Zguid,,Y,7,Y,Rent
4838,A00006644,Youssef Amine,R304079,64,High School,27 Boulevard Zerktouni,El Hoceima,32000.0,Y,6,Y,Mortgage
4839,A00002645,Omar Tazi,AG314632,37,High School,26 Boulevard Al Houda,Rabat,11025.0,N,2,Y,Mortgage
4840,A00002767,Hassan Kibala,Y501584,63,MD,25 Residence Hlioua,El Kelaa des Sraghna,43000.0,N,5,Y,Rent
4841,A00005966,Rachida Tazi,SH511540,58,Bachelor,49 Boulevard Hlioua,Laayoune,70000.0,N,5,Y,Rent
4842,A00004081,Meryem Moufkir ,X195497,29,MD,21 Hay Hlioua,Chichaoua,,N,2,Y,Mortgage
4843,A00006786,Mohamed Fakhir,BJ903747,59,Bachelor,40 Lotissement Al Houda,Casablanca,20220.0,N,4,Y,Mortgage
4844,A00006251,Khaoula Bachri,X651074,28,Masters,27 Hay Centrale,Youssoufia,,N,5,Y,Own
4845,A00007690,Mohammed Amine Bennani,R951384,32,College,27 Hay Al Houda,El Hoceima,32000.0,N,4,Y,Rent
4846,A00004023,Noha Salhi,AG147766,59,Bachelor,16 Boulevard Salam,Rabat,11025.0,N,6,Y,Rent
4847,A00005149,Zineb Fakhir,DN312746,48,High School,29 Hay Zerktouni,Meknes,50010.0,N,7,Y,Mortgage
4848,A00007094,Yahya Farissi,X278077,33,Bachelor,24 Residence Al Houda,Tafersit,,Y,5,Y,Own
4849,A00002403,Youssef Banoune,CC937894,43,Bachelor,9 Lotissement Al Massira,Fes,30000.0,Y,4,Y,Rent
4850,A00008690,Othmane Tazi,X855972,50,High School,26 Lotissement El Fadl,San Gabriel,,N,3,Y,Own
4851,A00007437,Khadija Farissi,L951938,34,College,35 Boulevard Centrale,Tetouan,93000.0,Y,6,Y,Rent
4852,A00008136,Omar Fadili,N555251,43,Bachelor,9 Lotissement Mohammed V,Essaouira,44000.0,N,4,Y,Rent
4853,A00008752,Taha Barghoud,AG243914,37,Masters,13 Residence Salam,Rabat,11025.0,Y,2,Y,Rent
4854,A00004410,Fatima Ezzahra  Kibala,L581179,38,Bachelor,24 Lotissement Salam,Tetouan,93000.0,Y,5,Y,Rent
4855,A00006787,Noha Tazi,L221167,44,Bachelor,25 Lotissement Salam,Tetouan,93000.0,Y,3,Y,Rent
4856,A00008434,Omar Ouazzani,G472117,28,College,20 Boulevard Salam,Kenitra,14110.0,Y,5,Y,Rent
4857,A00006033,Othmane El Fassi,EE418604,37,High School,27 Rue Al Qods,Marrakech,40000.0,N,3,Y,Rent
4858,A00004018,Hamza El Idrissi,N353074,53,High School,41 Lotissement Centrale,Essaouira,44000.0,Y,3,Y,Mortgage
4859,A00004210,Youssef Salhi,X617611,37,College,43 Residence Salam,Aknoul,,Y,7,Y,Own
4860,A00003506,Kaoutar Mansar,JK590463,61,Bachelor,1 Avenue Bernoussi,Agadir,80000.0,Y,2,Y,Rent
4861,A00006539,Hiba Moufkir ,X798529,53,Bachelor,45 Lotissement Al Massira,Nouaceur,,Y,5,Y,Rent
4862,A00003878,Omar Tazi,KB967518,43,High School,29 Residence Mohammed V,Tanger,90053.0,Y,7,Y,Mortgage
4863,A00003726,Hiba Jamal,N211595,59,Bachelor,36 Boulevard Centrale,Essaouira,44000.0,Y,5,Y,Rent
4864,A00007264,Mohamed Bachri,G169834,52,Bachelor,45 Boulevard Bernoussi,Kenitra,14110.0,N,3,Y,Rent
4865,A00008278,Khadija Banoune,BJ678274,25,Bachelor,27 Residence Mohammed V,Casablanca,20220.0,Y,5,Y,Own
4866,A00006846,Jamila Benali,X117771,59,Bachelor,29 Residence Al Houda,Beni Ensar,,Y,7,Y,Mortgage
4867,A00006063,Aziza Farissi,JA687778,30,MD,42 Lotissement Al Massira,Guelmim,81000.0,Y,6,Y,Own
4868,A00009562,Taha Farissi,AG370449,54,Bachelor,47 Boulevard Bernoussi,Rabat,11025.0,Y,4,Y,Mortgage
4869,A00007121,Taha Berrada,WA988396,50,College,37 Avenue El Fadl,Berrechid,26100.0,Y,2,Y,Own
4870,A00004319,Khadija El Idrissi,X708041,25,Bachelor,38 Boulevard Hlioua,Karia Ba Mohamed,,Y,5,Y,Mortgage
4871,A00009040,Fatima Ezzahra  Banoune,DN581219,40,High School,39 Lotissement Mohammed V,Meknes,50010.0,Y,5,Y,Mortgage
4872,A00002065,Hassan Fadili,AB553871,34,High School,27 Boulevard Centrale,Sale,11000.0,Y,7,Y,Own
4873,A00007860,Noha Banoune,AG448989,47,PhD,13 Avenue Hlioua,Rabat,11025.0,N,2,Y,Mortgage
4874,A00002699,Zineb El Fassi,L685987,53,PhD,36 Residence Al Houda,Tetouan,93000.0,N,5,Y,Mortgage
4875,A00005155,Rachida Berrada,M295361,39,Masters,33 Rue Hassan II,El Jadida,24010.0,N,7,N,Mortgage
4876,A00007161,Amine Dadi,CC240937,36,PhD,3 Rue Hlioua,Fes,30000.0,Y,5,Y,Rent
4877,A00001324,Fatima Ezzahra  Alaoui,L524495,34,High School,11 Boulevard Bernoussi,Tetouan,93000.0,Y,7,Y,Mortgage
4878,A00002908,Hiba Salhi,X254944,40,High School,28 Avenue Al Houda,Kalaat M'Gouna,,Y,5,Y,Rent
4879,A00005276,Hajar Berrada,X410597,63,Bachelor,20 Lotissement Zerktouni,Guemassa,,Y,2,Y,Own
4880,A00007709,Amine Amrani,X704071,49,Bachelor,40 Avenue Al Massira,Ras El Ma,,Y,4,Y,Rent
4881,A00007967,Amine Kibala,EE843962,63,Bachelor,10 Rue El Fadl,Marrakech,40000.0,Y,5,Y,Rent
4882,A00006711,Fatima Ezzahra  Moufkir ,HH231273,56,College,28 Avenue Hassan II,Safi,46000.0,Y,4,Y,Own
4883,A00004447,Khaoula Bennani,L835930,48,Masters,43 Avenue Mohammed V,Tetouan,93000.0,Y,4,Y,Rent
4884,A00006864,Youssef Metouali,F254000,39,College,27 Hay Bernoussi,Oujda,60010.0,Y,4,Y,Rent
4885,A00002410,Jamila Eddoughmi,X436669,48,High School,15 Avenue Hassan II,MideltDakhla,,Y,5,Y,Mortgage
4886,A00008185,Hamza Tazi,R743667,28,MD,27 Lotissement Salam,El Hoceima,32000.0,Y,7,Y,Mortgage
4887,A00002771,Fatima Ezzahra  Benchikh,X305262,34,MD,26 Lotissement Hassan II,Sebaa Aiyoun,,Y,3,Y,Own
4888,A00007188,Adam Mansour,CC261863,53,Bachelor,30 Rue Centrale,Fes,30000.0,Y,2,Y,Own
4889,A00009031,Hajar Moufkir ,X499659,48,High School,7 Boulevard Al Houda,Iksane,,Y,3,Y,Own
4890,A00009004,Hassan Amrani,X392580,43,Bachelor,11 Avenue El Fadl,Tafraout,,N,6,Y,Own
4891,A00006307,Mohammed Amine Salhi,EE709805,49,,12 Lotissement Mohammed V,Marrakech,40000.0,Y,3,Y,Mortgage
4892,A00001116,Khaoula Benchikh,X270231,26,Bachelor,25 Hay Salam,Nouaceur,,Y,5,Y,Own
4893,A00008080,Jamila Benchikh,N346937,49,PhD,42 Residence Bernoussi,Essaouira,44000.0,Y,2,N,Own
4894,A00005235,Taha Amrani,P113634,63,MD,27 Avenue Hassan II,Ouarzazate,45000.0,Y,4,N,Own
4895,A00008733,Hiba Benali,X441075,35,High School,20 Rue Al Qods,Tinjdad,,N,7,Y,Mortgage
4896,A00006702,Noha Radi,CC776642,56,Bachelor,41 Residence Mohammed V,Fes,30000.0,Y,5,Y,Mortgage
4897,A00001576,Aya Bate,X192391,37,MD,36 Lotissement El Fadl,Bouizakarne,,Y,4,Y,Rent
4898,A00003961,Kawtar Jamal,X871676,39,High School,15 Avenue Zerktouni,Imi n'Tanoute,,Y,5,Y,Rent
4899,A00004770,Fatima El Yousfi,CC581004,29,,6 Avenue Salam,Fes,30000.0,Y,7,Y,Own
4900,A00004117,Fatima El Idrissi,G569460,39,Bachelor,49 Hay Al Massira,Kenitra,14110.0,Y,7,Y,Mortgage
4901,A00006974,Amine Radi,L314445,28,Bachelor,37 Hay Mohammed V,Tetouan,93000.0,Y,6,Y,Mortgage
4902,A00007660,Salma Metouali,AG556292,53,High School,16 Boulevard Salam,Rabat,11025.0,Y,4,Y,Mortgage
4903,A00007335,Taha El Yousfi,G959027,40,College,5 Hay Hassan II,Kenitra,14110.0,N,4,Y,Mortgage
4904,A00000630,Hamza Banoune,X700898,28,Masters,6 Boulevard El Fadl,Temara,,Y,6,Y,Own
4905,A00009976,Hiba Mansour,BJ672919,63,Bachelor,12 Residence Al Houda,Casablanca,20220.0,Y,3,Y,Rent
4906,A00009498,Kawtar Banoune,M642079,50,Bachelor,47 Residence Al Qods,El Jadida,24010.0,Y,5,Y,Mortgage
4907,A00002863,Yahya El Yousfi,AG136505,39,College,47 Boulevard Bernoussi,Rabat,11025.0,Y,2,Y,Own
4908,A00007523,Zineb El Idrissi,SH912179,42,Bachelor,49 Boulevard Hlioua,Laayoune,70000.0,Y,7,Y,Mortgage
4909,A00004374,Hassan Fakhir,L382096,35,High School,1 Residence Salam,Tetouan,93000.0,Y,4,Y,Mortgage
4910,A00008709,Ahmed Benali,AB364272,64,Bachelor,5 Rue Mohammed V,Sale,11000.0,Y,4,Y,Own
4911,A00009980,Rachida Oufkir,BJ203822,53,Bachelor,27 Avenue Al Houda,Casablanca,20220.0,N,2,Y,Mortgage
4912,A00006405,Youssef Mansar,DN130488,63,Bachelor,6 Rue Hassan II,Meknes,50010.0,N,7,Y,Own
4913,A00006783,Taha Moufkir ,L529597,60,MD,11 Boulevard Bernoussi,Tetouan,93000.0,N,4,Y,Mortgage
4914,A00003958,Hiba Dadi,F499140,30,Bachelor,48 Boulevard Hlioua,Oujda,60010.0,Y,5,Y,Rent
4915,A00008157,Adam Radi,EE582721,36,Bachelor,11 Boulevard Al Qods,Marrakech,40000.0,Y,6,Y,Rent
4916,A00002485,Adam Berrada,X390023,56,Bachelor,28 Rue Al Massira,Tissa,,N,3,Y,Own
4917,A00001526,Aziza Lahlou,SH298961,47,Bachelor,46 Residence Centrale,Laayoune,70000.0,N,6,Y,Mortgage
4918,A00003801,Rachida Banoune,F192641,46,Bachelor,42 Rue Salam,Oujda,60010.0,Y,2,Y,Rent
4919,A00003777,Khadija Kibala,AB758193,40,Bachelor,20 Rue Hassan II,Sale,11000.0,Y,3,Y,Own
4920,A00000697,Khaoula Tahiri,EE327970,50,College,16 Lotissement Hassan II,Marrakech,40000.0,N,2,Y,Rent
4921,A00001270,Omar Tazi,CC363242,59,High School,18 Hay Salam,Fes,30000.0,Y,6,Y,Rent
4922,A00001219,Zineb Bate,AB332704,48,Bachelor,31 Boulevard Hassan II,Sale,11000.0,Y,7,Y,Own
4923,A00005370,Noha Radi,L127284,58,Bachelor,16 Residence Bernoussi,Tetouan,93000.0,Y,7,N,Own
4924,A00002857,Amine Amine,AG155697,45,Bachelor,35 Avenue Centrale,Rabat,11025.0,N,6,Y,Rent
4925,A00000433,Othmane Tahiri,X759050,39,Bachelor,43 Rue El Fadl,,,Y,2,Y,Mortgage
4926,A00002875,Adam Farissi,X465548,53,Masters,7 Lotissement Centrale,Ribat El Kheir,,Y,2,Y,Own
4927,A00009118,Ahmed Dadi,QA744733,42,,18 Lotissement Hassan II,Oued Zem,25200.0,Y,5,Y,Mortgage
4928,A00004261,Malak El Idrissi,CC992675,28,MD,21 Residence Hlioua,Fes,30000.0,Y,4,Y,Own
4929,A00004725,Omar Tahiri,X883151,51,High School,49 Boulevard Al Qods,Fquih Ben Salah,,Y,3,Y,Mortgage
4930,A00001494,Taha Skalli,AB612745,33,MD,20 Boulevard Hassan II,Sale,11000.0,Y,3,N,Own
4931,A00000216,Zineb Alaoui,G942052,56,Bachelor,27 Residence Al Houda,Kenitra,14110.0,N,6,Y,Mortgage
4932,A00008257,Noha Amrani,X739851,37,Bachelor,15 Hay Hlioua,Belyounech,,Y,7,Y,Rent
4933,A00009455,Aya Barghoud,M514109,39,High School,47 Residence Al Qods,El Jadida,24010.0,Y,6,N,Rent
4934,A00005345,Omar Eddoughmi,EE744250,30,,17 Boulevard Al Qods,Marrakech,40000.0,Y,5,N,Rent
4935,A00007436,Fatima Tahiri,EE915633,31,High School,4 Boulevard Hlioua,Marrakech,40000.0,N,6,Y,Rent
4936,A00003014,Fatima Bennani,JK854320,40,Bachelor,48 Lotissement Hlioua,Agadir,80000.0,N,2,N,Rent
4937,A00003343,Jamila Berrada,X593094,50,Bachelor,24 Rue Al Massira,Ain Taoujdate,,Y,3,Y,Mortgage
4938,A00007940,Hiba Moufkir ,X443663,26,Bachelor,4 Rue Hassan II,Jaadar,,N,5,Y,Own
4939,A00002298,Khadija Lahlou,EE253971,57,Bachelor,2 Boulevard Bernoussi,Marrakech,40000.0,Y,3,Y,Rent
4940,A00008980,Hajar Berrada,X574061,29,Bachelor,31 Lotissement Hassan II,Agoudal,,N,4,Y,Rent
4941,A00007685,Kaoutar Salhi,X145651,54,College,41 Avenue Mohammed V,,,Y,2,Y,Own
4942,A00003850,Ahmed Mansour,M297581,28,Masters,6 Hay Mohammed V,El Jadida,24010.0,Y,2,Y,Mortgage
4943,A00004215,Hamza Bachri,L703424,55,College,45 Residence Hlioua,Tetouan,93000.0,Y,3,Y,Mortgage
4944,A00002125,Jamila Benali,L488599,28,High School,39 Avenue Bernoussi,Tetouan,93000.0,Y,7,Y,Rent
4945,A00007636,Hajar Benchikh,G559796,27,Bachelor,45 Boulevard Hassan II,Kenitra,14110.0,Y,5,Y,Own
4946,A00002473,Meryem Benali,X503208,44,Bachelor,5 Residence Bernoussi,Taliouine,,Y,7,Y,Mortgage
4947,A00006820,Taha Barghoud,G811439,33,Bachelor,26 Rue Zerktouni,Kenitra,14110.0,Y,3,Y,Rent
4948,A00000393,Salma Salhi,AB880643,49,High School,24 Rue Al Qods,Sale,11000.0,Y,2,Y,Mortgage
4949,A00002085,Malak Banoune,AB753330,27,Bachelor,26 Lotissement Hassan II,Sale,11000.0,N,7,Y,Rent
4950,A00004512,Mohammed Amine Farissi,KB744472,41,Masters,29 Boulevard Centrale,Tanger,90053.0,N,7,Y,Mortgage
4951,A00008016,Aziza El Yousfi,X368844,57,MD,36 Residence Hassan II,Zeghanghane,,Y,2,Y,Own
4952,A00004364,Hamza Bate,DN346245,30,High School,14 Residence Hlioua,Meknes,50010.0,N,6,Y,Rent
4953,A00007527,Meryem Benali,X995671,38,Bachelor,10 Boulevard Zerktouni,Boufakrane,,Y,2,Y,Own
4954,A00001932,Rania Bennani,AB997283,60,Bachelor,35 Avenue Hassan II,Sale,11000.0,Y,7,N,Mortgage
4955,A00008849,Zineb El Yousfi,JC269329,31,College,13 Boulevard Al Qods,Taaroudant,83000.0,Y,2,Y,Own
4956,A00004258,Ahmed El Yousfi,BJ941159,47,Bachelor,6 Lotissement Al Houda,Casablanca,20220.0,N,3,Y,Own
4957,A00008793,Noha Tazi,KB108190,32,Bachelor,39 Hay Mohammed V,Tanger,90053.0,N,7,N,Rent
4958,A00009358,Meryem Benali,EE798458,42,MD,6 Boulevard Centrale,Marrakech,40000.0,N,7,Y,Rent
4959,A00003316,Youssef Amrani,T538012,25,Bachelor,45 Boulevard Al Massira,Mohammedia,28810.0,Y,4,Y,Mortgage
4960,A00006488,Khaoula Fakhir,X114496,60,High School,35 Hay Al Houda,Nzalat,,Y,4,Y,Mortgage
4961,A00009068,Zineb Tahiri,X832155,42,Bachelor,7 Rue El Fadl,Imzouren,,Y,3,Y,Mortgage
4962,A00000413,Hiba Kibala,KB315677,35,Bachelor,20 Boulevard Bernoussi,Tanger,90053.0,Y,7,Y,Rent
4963,A00006776,Aya Kibala,X393622,35,High School,28 Rue Al Massira,Tissa,,Y,3,Y,Rent
4964,A00002738,Kaoutar Fadili,X999198,44,College,39 Rue Al Massira,Bni Ansar,,N,2,Y,Mortgage
4965,A00009226,Omar Mansar,DN911747,38,High School,2 Avenue Zerktouni,Meknes,50010.0,N,4,Y,Mortgage
4966,A00000426,Amine Ouazzani,AG107064,25,Masters,9 Hay El Fadl,Rabat,11025.0,Y,4,Y,Own
4967,A00002362,Rachida Tazi,JA607705,51,Masters,28 Avenue Al Houda,Guelmim,81000.0,Y,2,Y,Rent
4968,A00003205,Yahya Eddoughmi,AB681906,55,Masters,11 Hay Mohammed V,Sale,11000.0,Y,4,Y,Own
4969,A00009544,Othmane Lahlou,Z321268,26,Bachelor,7 Boulevard El Fadl,Taza,35000.0,Y,6,Y,Mortgage
4970,A00003677,Rania Salhi,R624118,55,High School,18 Boulevard Hassan II,El Hoceima,32000.0,Y,5,Y,Own
4971,A00003036,Hajar Fakhir,DN910693,61,High School,33 Hay El Fadl,Meknes,50010.0,Y,2,N,Mortgage
4972,A00007392,Salma Farissi,X900068,54,Bachelor,5 Boulevard Al Houda,Demnate,,Y,6,Y,Rent
4973,A00004666,Meryem Alaoui,CC609036,41,High School,38 Residence Hlioua,Fes,30000.0,Y,3,Y,Own
4974,A00005893,Salma Banoune,X814646,31,Masters,23 Rue Zerktouni,Ijermaouas,,N,5,Y,Mortgage
4975,A00001344,Rachida Fadili,EE970661,48,Bachelor,29 Avenue Al Qods,Marrakech,40000.0,Y,4,Y,Rent
4976,A00008836,Fatima Ezzahra  Berrada,N521948,63,Masters,40 Lotissement Centrale,Essaouira,44000.0,Y,3,Y,Own
4977,A00003816,Mohamed Alaoui,L704031,61,High School,15 Boulevard Al Massira,Tetouan,93000.0,Y,5,Y,Own
4978,A00009615,Khaoula Berrada,KB601160,27,Bachelor,17 Avenue Al Houda,Tanger,90053.0,N,5,Y,Own
4979,A00001323,Zineb Moufkir ,L313350,33,College,45 Residence Hlioua,Tetouan,93000.0,N,5,N,Mortgage
4980,A00003845,Taha Eddoughmi,EE924526,47,PhD,11 Boulevard Al Qods,Marrakech,40000.0,N,4,Y,Own
4981,A00004406,Mohamed Bennani,L609286,58,High School,33 Residence Hassan II,Tetouan,93000.0,Y,3,Y,Rent
4982,A00001629,Amine Fakhir,CC796852,61,Masters,21 Boulevard Hassan II,Fes,30000.0,Y,7,Y,Mortgage
4983,A00007362,Youssef Jamal,F363204,34,Bachelor,15 Lotissement Al Massira,Oujda,60010.0,N,4,Y,Own
4984,A00004982,Khaoula Bachri,KB926324,45,High School,39 Rue Al Houda,Tanger,90053.0,Y,3,Y,Rent
4985,A00007303,Othmane Amrani,AG255932,39,High School,5 Hay Zerktouni,Rabat,11025.0,N,4,Y,Mortgage
4986,A00002652,Kaoutar El Yousfi,X857473,63,Bachelor,35 Boulevard Salam,Bni Walid,,N,5,Y,Mortgage
4987,A00007118,Amine Jamal,L988751,55,,2 Rue Bernoussi,Tetouan,93000.0,Y,6,Y,Own
4988,A00005783,Mohammed Amine Fadili,G361028,31,Masters,43 Lotissement Bernoussi,Kenitra,14110.0,Y,3,Y,Mortgage
4989,A00004037,Khaoula Metouali,BJ162908,36,Bachelor,8 Hay Salam,Casablanca,20220.0,Y,7,Y,Rent
4990,A00002569,Hassan Benchikh,DN863167,63,High School,3 Residence Mohammed V,Meknes,50010.0,Y,4,Y,Own
4991,A00006401,Yahya Benali,X890244,55,Bachelor,13 Avenue El Fadl,Ben Ahmed,,Y,3,Y,Mortgage
4992,A00002499,Rania Benchikh,X881744,49,Bachelor,33 Avenue Mohammed V,Kalaat M'Gouna,,Y,3,Y,Mortgage
4993,A00001837,Taha El Idrissi,BJ649241,40,College,10 Lotissement Al Qods,Casablanca,20220.0,Y,7,Y,Mortgage
4994,A00000830,Hiba Mansar,AB172138,50,Bachelor,9 Boulevard Al Massira,Sale,11000.0,Y,5,Y,Rent
4995,A00001873,Kaoutar Mansar,L761559,57,Bachelor,11 Lotissement Salam,Tetouan,93000.0,N,3,Y,Mortgage
4996,A00000500,Aziza Amine,BJ602666,33,High School,38 Hay Salam,Casablanca,20220.0,Y,2,Y,Rent
4997,A00001823,Hajar Metouali,X430293,30,Bachelor,47 Lotissement Al Massira,Imsouane,,Y,3,Y,Rent
4998,A00007774,Youssef Mansar,KB587990,43,Masters,37 Boulevard Centrale,Tanger,90053.0,Y,6,Y,Rent
4999,A00001283,Noha Amrani,X166106,27,Bachelor,4 Hay Bernoussi,Imi n'Tanoute,,N,4,Y,Own
5000,A00004101,Noha El Fassi,X725625,62,Bachelor,12 Rue Hlioua,Ras El Ma,,Y,6,Y,Mortgage
5001,A00007701,Fatima Ezzahra  Oufkir,AB272117,36,High School,7 Boulevard Al Qods,Sale,11000.0,Y,2,Y,Rent
5002,A00004331,Hassan Benchikh,DN641488,40,High School,35 Lotissement El Fadl,Meknes,50010.0,N,3,Y,Rent
5003,A00009254,Kawtar Fadili,X676490,29,College,31 Lotissement Al Massira,Afso,,Y,4,Y,Own
5004,A00001767,Khaoula Tazi,X133320,33,Bachelor,19 Lotissement Al Houda,Alnif,,Y,3,Y,Mortgage
5005,A00004836,Kawtar Fadili,JK888828,55,High School,28 Lotissement Hlioua,Agadir,80000.0,Y,7,Y,Rent
5006,A00008651,Rania Skalli,X461157,26,,21 Boulevard Hlioua,Er-Rich,,Y,7,Y,Rent
5007,A00009839,Rachida Eddoughmi,CC161522,36,High School,6 Residence Al Qods,Fes,30000.0,Y,2,Y,Mortgage
5008,A00001957,Kaoutar Amrani,X467508,27,Bachelor,37 Residence Hassan II,Imouzzer Kandar,,N,7,Y,Own
5009,A00000141,Mohammed Amine Amrani,SA786160,47,High School,4 Rue Bernoussi,Nador,62000.0,Y,3,Y,Own
5010,A00004929,Adam Fadili,EE314318,56,College,2 Boulevard Bernoussi,Marrakech,40000.0,Y,3,Y,Own
5011,A00007948,Amine Amine,KB997362,64,College,41 Rue Al Massira,Tanger,90053.0,Y,3,Y,Rent
5012,A00007643,Hassan Barghoud,KB243020,39,College,31 Lotissement Mohammed V,Tanger,90053.0,Y,4,Y,Own
5013,A00009000,Noha Kibala,JF323782,50,PhD,43 Hay Zerktouni,Tan Tan,82000.0,Y,5,Y,Rent
5014,A00009826,Khaoula Amine,N422514,54,Bachelor,11 Hay Mohammed V,Essaouira,44000.0,N,4,Y,Mortgage
5015,A00001154,Kaoutar Alaoui,AB348960,63,High School,37 Residence Al Houda,Sale,11000.0,Y,6,Y,Rent
5016,A00004827,Hiba Tazi,CC305300,62,College,26 Avenue Al Houda,Fes,30000.0,N,6,Y,Rent
5017,A00001590,Aya Radi,BJ938605,53,Bachelor,5 Residence Mohammed V,Casablanca,20220.0,N,5,Y,Rent
5018,A00000544,Meryem Banoune,P990785,62,High School,15 Avenue Al Massira,Ouarzazate,45000.0,Y,3,Y,Mortgage
5019,A00008602,Rania Mansar,W749588,49,College,48 Avenue El Fadl,Settat,26000.0,Y,3,Y,Mortgage
5020,A00001406,Khadija Salhi,QA590436,41,Bachelor,15 Hay Hlioua,Oued Zem,25200.0,N,5,Y,Own
5021,A00002539,Othmane Mansar,BJ714565,33,Bachelor,36 Lotissement Zerktouni,Casablanca,20220.0,N,3,Y,Own
5022,A00008141,Rachida Mansour,N180442,32,High School,19 Lotissement Al Houda,Essaouira,44000.0,Y,5,Y,Mortgage
5023,A00000650,Khadija Bate,BJ663513,58,Bachelor,25 Hay Centrale,Casablanca,20220.0,Y,7,Y,Rent
5024,A00002517,Youssef Metouali,AB189675,30,College,26 Hay Bernoussi,Sale,11000.0,Y,3,Y,Own
5025,A00005680,Khadija Berrada,WA438947,42,Masters,1 Lotissement Salam,Berrechid,26100.0,Y,3,Y,Mortgage
5026,A00001903,Adam Berrada,AG632605,30,MD,29 Avenue Mohammed V,Rabat,11025.0,Y,2,Y,Rent
5027,A00002992,Khadija Lahlou,JA353463,26,Bachelor,18 Residence Centrale,Guelmim,81000.0,N,4,Y,Rent
5028,A00007990,Yahya Mansar,DN797573,50,Bachelor,6 Rue Hassan II,Meknes,50010.0,N,2,Y,Own
5029,A00002466,Ahmed Radi,N227214,39,Bachelor,32 Boulevard Al Qods,Essaouira,44000.0,Y,2,Y,Mortgage
5030,A00001195,Kaoutar Mansour,X479926,44,,24 Lotissement Mohammed V,Aklim,,Y,2,Y,Mortgage
5031,A00008192,Othmane Amine,G804113,31,Bachelor,47 Residence Salam,Kenitra,14110.0,N,3,Y,Mortgage
5032,A00003451,Mohamed Berrada,X592524,53,Bachelor,43 Rue Al Massira,Driouch,,N,3,Y,Mortgage
5033,A00000472,Kaoutar Amrani,X377603,35,Masters,43 Residence Bernoussi,El Marsa,,Y,3,Y,Mortgage
5034,A00002987,Fatima Ezzahra  Fadili,BJ266157,34,Bachelor,22 Hay Al Massira,Casablanca,20220.0,N,3,Y,Rent
5035,A00006168,Fatima Benali,X117572,38,Bachelor,21 Avenue Bernoussi,Oulad Hassoune,,Y,2,N,Own
5036,A00008112,Rania Amine,DN332218,38,,4 Hay Hassan II,Meknes,50010.0,Y,5,Y,Mortgage
5037,A00007780,Fatima Oufkir,CC878261,60,MD,26 Boulevard Mohammed V,Fes,30000.0,N,4,Y,Mortgage
5038,A00002471,Salma El Yousfi,KB435287,57,High School,11 Boulevard Hlioua,Tanger,90053.0,N,7,Y,Rent
5039,A00002707,Rachida Amrani,X988392,43,Bachelor,30 Rue Al Massira,El Menzel,,Y,3,Y,Own
5040,A00001774,Noha Benchikh,X618846,33,Bachelor,11 Rue Hlioua,Sebt El Guerdane,,Y,5,Y,Mortgage
5041,A00008511,Kaoutar Amine,JK438783,34,Bachelor,13 Rue Al Massira,Agadir,80000.0,Y,6,Y,Mortgage
5042,A00002665,Amine Mansar,X396061,41,PhD,44 Boulevard Bernoussi,Ouezzane,,Y,4,Y,Mortgage
5043,A00004521,Salma Moufkir ,AB416684,59,Masters,14 Hay Al Qods,Sale,11000.0,N,7,Y,Rent
5044,A00009596,Omar Amine,X675024,54,Bachelor,49 Residence Hassan II,Atouabet,,N,7,Y,Rent
5045,A00006329,Rania Ouazzani,AB858706,29,High School,11 Residence El Fadl,Sale,11000.0,Y,3,Y,Rent
5046,A00004497,Hamza Mansour,CC764530,58,High School,9 Boulevard Hassan II,Fes,30000.0,Y,4,Y,Rent
5047,A00008025,Noha Benali,X752125,37,PhD,21 Residence Bernoussi,Driouch,,Y,3,Y,Rent
5048,A00008403,Hassan Fakhir,KB411008,26,MD,33 Rue Zerktouni,Tanger,90053.0,Y,7,Y,Rent
5049,A00009850,Khaoula El Idrissi,X574256,39,College,40 Residence Salam,Bab Taza,,Y,6,Y,Mortgage
5050,A00008162,Aya Fakhir,CC860983,59,College,49 Avenue Al Houda,Fes,30000.0,Y,2,N,Own
5051,A00008636,Ahmed Mansour,F657943,31,Bachelor,20 Residence Zerktouni,Oujda,60010.0,N,5,Y,Mortgage
5052,A00001759,Omar Metouali,F223350,48,Bachelor,31 Hay Zerktouni,Oujda,60010.0,Y,2,Y,Rent
5053,A00004727,Kawtar Salhi,X769085,29,,25 Boulevard Al Massira,Sidi Taibi,,Y,5,Y,Own
5054,A00000786,Omar Mansar,X909981,52,Masters,14 Residence Salam,Nouaceur,,Y,3,Y,Mortgage
5055,A00002282,Hamza Barghoud,X298207,36,High School,42 Avenue Bernoussi,Imilchil,,N,3,N,Own
5056,A00001621,Malak Mansar,CC901606,63,PhD,39 Residence Hlioua,Fes,30000.0,Y,3,Y,Mortgage
5057,A00005599,Mohamed Mansar,X739906,48,High School,42 Residence Al Qods,Ain Harrouda,,Y,6,Y,Own
5058,A00004402,Taha Moufkir ,X452010,43,Bachelor,43 Residence Salam,Aknoul,,Y,5,Y,Mortgage
5059,A00008595,Noha El Yousfi,G152323,54,Bachelor,8 Avenue Zerktouni,Kenitra,14110.0,Y,3,Y,Rent
5060,A00009296,Rania Fakhir,JK619531,32,High School,40 Lotissement Al Massira,Agadir,80000.0,N,4,Y,Own
5061,A00006265,Adam El Yousfi,KB423028,58,High School,22 Rue Centrale,Tanger,90053.0,N,4,Y,Own
5062,A00005375,Mohammed Amine Bachri,AG877525,54,College,28 Lotissement Hlioua,Rabat,11025.0,Y,5,Y,Mortgage
5063,A00000883,Kawtar El Yousfi,CC986295,29,Bachelor,43 Avenue Al Houda,Fes,30000.0,Y,2,Y,Mortgage
5064,A00000617,Kaoutar Bachri,X919885,25,Bachelor,44 Boulevard Bernoussi,Ouezzane,,Y,6,Y,Own
5065,A00000036,Omar Mansar,EE383461,44,Bachelor,9 Avenue Centrale,Marrakech,40000.0,Y,3,Y,Rent
5066,A00007294,Omar Banoune,AB104949,47,College,25 Avenue El Fadl,Sale,11000.0,N,3,Y,Rent
5067,A00007438,Youssef Kibala,AB127918,32,Bachelor,35 Hay Bernoussi,Sale,11000.0,N,5,Y,Own
5068,A00006451,Jamila Metouali,P957444,29,Masters,14 Avenue Al Massira,Ouarzazate,45000.0,Y,5,Y,Own
5069,A00004694,Zineb Skalli,DN481956,48,Bachelor,7 Hay Centrale,Meknes,50010.0,N,2,Y,Rent
5070,A00000379,Rania Amrani,R759440,47,High School,32 Avenue Hlioua,El Hoceima,32000.0,Y,4,Y,Own
5071,A00008950,Hassan Tahiri,JK262323,56,College,34 Rue Mohammed V,Agadir,80000.0,N,2,Y,Own
5072,A00004401,Fatima Ezzahra  Mansar,X799689,40,,28 Residence Hassan II,Zaouiat Cheikh,,N,2,Y,Rent
5073,A00002196,Youssef Fadili,X164143,44,Masters,24 Hay Salam,Missour,,N,4,Y,Rent
5074,A00003323,Amine El Fassi,CC889391,35,Bachelor,35 Hay Al Houda,Fes,30000.0,Y,2,Y,Own
5075,A00007870,Khaoula El Idrissi,AB531628,42,High School,18 Avenue Bernoussi,Sale,11000.0,Y,4,Y,Own
5076,A00009846,Yahya Mansar,SA627793,28,High School,31 Avenue Mohammed V,Nador,62000.0,Y,3,Y,Mortgage
5077,A00006007,Jamila Oufkir,JK172120,33,Bachelor,17 Boulevard Hlioua,Agadir,80000.0,N,3,Y,Mortgage
5078,A00006103,Kaoutar Kibala,CC228108,26,Bachelor,19 Residence Hassan II,Fes,30000.0,Y,6,Y,Mortgage
5079,A00005453,Meryem Bate,X831974,36,Bachelor,30 Lotissement Al Massira,Agdz,,Y,5,Y,Mortgage
5080,A00008340,Salma Moufkir ,Z780824,60,Masters,48 Lotissement Salam,Taza,35000.0,Y,2,Y,Mortgage
5081,A00009393,Aya Berrada,L800090,55,Bachelor,24 Hay Hlioua,Tetouan,93000.0,N,3,Y,Own
5082,A00005380,Aya Metouali,HH296660,61,College,38 Avenue Al Houda,Safi,46000.0,Y,7,Y,Rent
5083,A00004835,Ahmed Alaoui,KB959160,39,Bachelor,37 Rue Hlioua,Tanger,90053.0,Y,2,Y,Own
5084,A00006927,Fatima Bachri,X686886,58,MD,35 Boulevard Al Houda,Oued Amlil,,N,6,Y,Own
5085,A00006301,Rachida El Idrissi,BJ602763,52,Bachelor,17 Rue Centrale,Casablanca,20220.0,N,2,Y,Mortgage
5086,A00008068,Kawtar Berrada,DN205995,31,PhD,33 Residence Salam,Meknes,50010.0,Y,4,Y,Own
5087,A00000091,Khadija El Fassi,BJ975968,47,Bachelor,9 Residence Hlioua,Casablanca,20220.0,Y,7,Y,Rent
5088,A00005165,Fatima Ezzahra  Amrani,X875164,29,Bachelor,43 Lotissement Centrale,Oued Amlil,,Y,3,Y,Own
5089,A00005441,Rania Berrada,X205479,29,College,42 Boulevard El Fadl,Ouezzane,,Y,5,Y,Own
5090,A00006696,Meryem Barghoud,X476504,48,Masters,30 Lotissement Al Massira,Agdz,,Y,2,Y,Mortgage
5091,A00003938,Noha Bate,EE464642,41,Masters,21 Avenue El Fadl,Marrakech,40000.0,Y,4,Y,Rent
5092,A00008846,Hamza Barghoud,N819821,31,College,29 Lotissement Mohammed V,Essaouira,44000.0,Y,3,Y,Own
5093,A00007772,Othmane Lahlou,N792833,49,Bachelor,27 Hay Salam,Essaouira,44000.0,Y,2,Y,Mortgage
5094,A00003844,Khadija Mansar,BJ797517,53,Masters,10 Hay Hlioua,Casablanca,20220.0,Y,5,Y,Rent
5095,A00007934,Rachida Dadi,R687948,35,High School,22 Hay Zerktouni,El Hoceima,32000.0,N,4,Y,Mortgage
5096,A00004286,Zineb Alaoui,VA461956,28,College,34 Residence Bernoussi,Midelt,54350.0,Y,4,Y,Own
5097,A00007589,Hajar Tahiri,EE139164,58,High School,25 Boulevard Centrale,Marrakech,40000.0,N,4,Y,Rent
5098,A00005960,Yahya Metouali,X938700,48,PhD,28 Boulevard Salam,Icht,,Y,4,N,Own
5099,A00001211,Salma Alaoui,EE995765,25,High School,46 Hay Centrale,Marrakech,40000.0,Y,6,Y,Own
5100,A00004918,Omar Amrani,X515996,45,Bachelor,11 Rue Hlioua,Sebt El Guerdane,,Y,2,Y,Own
5101,A00004270,Aya Moufkir ,F854934,54,College,14 Boulevard Bernoussi,Oujda,60010.0,N,2,Y,Rent
5102,A00004226,Mohamed Bachri,F666204,53,Bachelor,15 Avenue Al Qods,Oujda,60010.0,Y,7,N,Mortgage
5103,A00002636,Rania Benchikh,AB327820,60,Bachelor,42 Avenue Salam,Sale,11000.0,N,3,Y,Mortgage
5104,A00004287,Kaoutar Amine,F521850,31,College,35 Boulevard Mohammed V,Oujda,60010.0,N,7,N,Mortgage
5105,A00003490,Fatima Ezzahra  Benchikh,AB802862,45,Masters,7 Boulevard Salam,Sale,11000.0,Y,4,N,Rent
5106,A00000528,Jamila Fakhir,X482673,37,Bachelor,8 Lotissement Mohammed V,Boujniba,,Y,2,Y,Mortgage
5107,A00009749,Othmane Dadi,BJ740496,61,PhD,13 Lotissement Bernoussi,Casablanca,20220.0,Y,5,Y,Rent
5108,A00003355,Zineb El Idrissi,DN955265,32,Bachelor,11 Rue Hassan II,Meknes,50010.0,N,4,Y,Mortgage
5109,A00001865,Omar El Fassi,BJ646724,29,Bachelor,17 Boulevard Mohammed V,Casablanca,20220.0,Y,6,Y,Rent
5110,A00009005,Youssef Fadili,X697373,56,High School,26 Boulevard Al Massira,Kehf Nsour,,N,2,Y,Mortgage
5111,A00000256,Fatima Ezzahra  El Idrissi,X526734,64,PhD,22 Lotissement Centrale,El Hajeb,,Y,4,Y,Own
5112,A00005093,Amine El Yousfi,X765896,57,Bachelor,30 Boulevard Al Massira,Sidi Zouine,,N,2,Y,Rent
5113,A00009765,Hajar Dadi,X550975,29,High School,34 Hay Bernoussi,Khourubga,25000.0,Y,6,Y,Rent
5114,A00009029,Hajar Tazi,AB903682,56,Bachelor,6 Hay El Fadl,Sale,11000.0,Y,7,Y,Own
5115,A00003436,Hiba Metouali,AB954563,49,Bachelor,4 Avenue Al Massira,Sale,11000.0,N,3,Y,Rent
5116,A00001474,Amine Skalli,X789727,25,College,17 Avenue Al Massira,Ait M'hamed,,Y,3,Y,Mortgage
5117,A00009246,Omar Lahlou,X592996,46,College,9 Avenue Centrale,Oulad Teima,,Y,6,Y,Rent
5118,A00001434,Kawtar Fadili,X492881,64,High School,5 Avenue Bernoussi,Rhaf Sai,,Y,6,Y,Own
5119,A00000284,Omar Jamal,AB938448,37,Bachelor,13 Hay Al Qods,Sale,11000.0,Y,6,Y,Rent
5120,A00002450,Othmane Metouali,AG794923,28,High School,24 Boulevard Hassan II,Rabat,11025.0,Y,7,Y,Mortgage
5121,A00000431,Meryem Benchikh,F736047,50,Bachelor,9 Avenue Al Massira,Oujda,60010.0,Y,3,Y,Mortgage
5122,A00008534,Hamza Alaoui,L431202,38,Masters,2 Rue Centrale,Tetouan,93000.0,Y,5,Y,Mortgage
5123,A00003397,Omar Banoune,X683584,30,Bachelor,29 Avenue Mohammed V,Ouezzane,,Y,3,Y,Mortgage
5124,A00005767,Taha El Fassi,CC183976,36,Masters,14 Lotissement El Fadl,Fes,30000.0,Y,6,Y,Mortgage
5125,A00007167,Yahya Alaoui,DN731088,49,Masters,28 Hay Hassan II,Meknes,50010.0,N,5,Y,Own
5126,A00006602,Hassan Berrada,BJ297692,33,Bachelor,48 Avenue Al Qods,Casablanca,20220.0,N,6,Y,Own
5127,A00007418,Omar Tahiri,L187270,64,High School,11 Boulevard Bernoussi,Tetouan,93000.0,Y,2,Y,Own
5128,A00004349,Omar Farissi,DN932621,26,High School,20 Residence El Fadl,Meknes,50010.0,Y,3,Y,Own
5129,A00003133,Aya Bennani,EE125765,48,Bachelor,3 Residence Bernoussi,Marrakech,40000.0,Y,5,Y,Own
5130,A00003765,Noha Mansar,BJ459107,39,College,1 Residence Al Massira,Casablanca,20220.0,Y,3,Y,Mortgage
5131,A00003330,Omar Mansour,X867331,60,Masters,27 Hay Hassan II,Tissa,,Y,2,Y,Mortgage
5132,A00004046,Omar Benali,R983523,31,Bachelor,21 Residence Salam,El Hoceima,32000.0,Y,4,Y,Rent
5133,A00008493,Hajar Dadi,DN582462,53,Bachelor,24 Avenue Centrale,Meknes,50010.0,Y,5,Y,Rent
5134,A00005930,Kawtar Mansour,JC432211,28,Bachelor,15 Rue Bernoussi,Taaroudant,83000.0,Y,5,Y,Mortgage
5135,A00000495,Khaoula Mansar,AG898181,44,High School,13 Residence Salam,Rabat,11025.0,Y,5,Y,Rent
5136,A00009589,Malak Bachri,EE846932,50,High School,34 Hay Salam,Marrakech,40000.0,Y,4,Y,Own
5137,A00004463,Omar Lahlou,X501223,47,MD,2 Rue Al Houda,MideltDakhla,,N,5,Y,Mortgage
5138,A00001024,Hassan El Idrissi,SA402997,34,High School,9 Boulevard Centrale,Nador,62000.0,N,5,Y,Rent
5139,A00007630,Mohamed Tahiri,AB843468,55,College,6 Avenue Hlioua,Sale,11000.0,Y,6,Y,Own
5140,A00009415,Khadija Lahlou,JK140997,43,Bachelor,8 Avenue Bernoussi,Agadir,80000.0,Y,4,Y,Rent
5141,A00006704,Fatima Ezzahra  Lahlou,F139066,50,Bachelor,28 Rue El Fadl,Oujda,60010.0,Y,4,Y,Own
5142,A00006845,Yahya Moufkir ,F338606,42,High School,2 Avenue Hlioua,Oujda,60010.0,Y,4,Y,Mortgage
5143,A00008261,Zineb Dadi,EE755424,37,College,11 Residence Salam,Marrakech,40000.0,Y,3,Y,Own
5144,A00007950,Aya Benchikh,KB195458,27,PhD,43 Hay Centrale,Tanger,90053.0,N,5,Y,Rent
5145,A00006733,Amine Berrada,X832223,27,High School,34 Residence Al Houda,Benslimane,,Y,6,Y,Mortgage
5146,A00000817,Noha Barghoud,KB394465,30,Bachelor,46 Rue Al Houda,Tanger,90053.0,Y,4,Y,Rent
5147,A00005983,Zineb Bachri,X401149,25,High School,32 Boulevard Hlioua,Lbir Jdid,,Y,6,Y,Rent
5148,A00008344,Omar Farissi,X113980,33,Masters,43 Rue Salam,Ksar Sghir,,N,5,Y,Mortgage
5149,A00008696,Mohamed El Idrissi,R811699,64,High School,39 Hay Centrale,El Hoceima,32000.0,Y,7,Y,Mortgage
5150,A00008146,Youssef Ouazzani,BJ285577,39,Bachelor,4 Boulevard Bernoussi,Casablanca,20220.0,Y,3,Y,Rent
5151,A00001583,Mohammed Amine Mansar,JK340836,36,Bachelor,23 Rue Bernoussi,Agadir,80000.0,Y,3,Y,Own
5152,A00004123,Kawtar El Idrissi,X676292,25,High School,10 Hay Zerktouni,Krouchen,,Y,5,Y,Mortgage
5153,A00007519,Khadija Barghoud,BJ225836,46,PhD,9 Avenue Hlioua,Casablanca,20220.0,Y,3,Y,Own
5154,A00005367,Ahmed Farissi,DN194379,28,Bachelor,21 Residence Al Massira,Meknes,50010.0,Y,3,Y,Own
5155,A00000556,Noha Fakhir,EE338268,59,PhD,8 Residence Hlioua,Marrakech,40000.0,Y,2,Y,Rent
5156,A00009875,Khaoula Oufkir,KB488532,31,Bachelor,41 Residence Hassan II,Tanger,90053.0,Y,2,Y,Mortgage
5157,A00001185,Salma Mansar,G670619,40,,9 Rue Zerktouni,Kenitra,14110.0,Y,7,Y,Rent
5158,A00003185,Taha Radi,DN611435,61,Bachelor,31 Residence Hassan II,Meknes,50010.0,N,4,Y,Rent
5159,A00002430,Hajar Skalli,CC592557,29,Bachelor,22 Boulevard Salam,Fes,30000.0,Y,4,Y,Rent
5160,A00004755,Jamila Kibala,X574422,43,Masters,29 Hay Al Qods,Karia Ba Mohamed,,N,5,Y,Mortgage
5161,A00002663,Hiba Bachri,EE197110,36,Bachelor,1 Residence Centrale,Marrakech,40000.0,Y,6,Y,Own
5162,A00004861,Salma Benali,JK298771,51,Bachelor,28 Boulevard Al Massira,Agadir,80000.0,N,4,Y,Rent
5163,A00007954,Aziza Alaoui,KB105220,41,Bachelor,11 Lotissement Al Qods,Tanger,90053.0,Y,6,Y,Rent
5164,A00007344,Omar Salhi,BJ485485,51,,27 Avenue Al Houda,Casablanca,20220.0,N,3,Y,Rent
5165,A00002766,Amine Alaoui,F450859,54,High School,31 Hay Zerktouni,Oujda,60010.0,Y,2,Y,Mortgage
5166,A00006277,Malak Amine,X980118,36,Bachelor,15 Residence Al Qods,Khenichet,,Y,3,N,Own
5167,A00001909,Salma Mansar,X824061,32,High School,17 Residence Al Qods,Brikcha,,Y,3,Y,Rent
5168,A00005095,Mohamed Eddoughmi,EE763203,55,Bachelor,38 Avenue Al Massira,Marrakech,40000.0,Y,5,Y,Own
5169,A00008843,Malak Bennani,Y297915,46,Bachelor,6 Hay Al Houda,El Kelaa des Sraghna,43000.0,N,2,N,Own
5170,A00003472,Malak Kibala,GK445851,60,Masters,26 Hay Al Houda,Sidi Kacem,16000.0,Y,2,Y,Mortgage
5171,A00009647,Hajar Mansar,DN374424,25,MD,21 Boulevard El Fadl,Meknes,50010.0,N,3,Y,Own
5172,A00008482,Taha Skalli,R441803,47,Bachelor,16 Rue Hassan II,El Hoceima,32000.0,Y,4,Y,Own
5173,A00003119,Amine Moufkir ,CC864620,43,High School,19 Rue Zerktouni,Fes,30000.0,Y,6,Y,Rent
5174,A00008465,Hamza El Idrissi,F705586,27,High School,11 Boulevard Centrale,Oujda,60010.0,N,4,Y,Rent
5175,A00003982,Omar Dadi,X963278,57,Bachelor,35 Boulevard Mohammed V,Aoulouz,,N,2,Y,Mortgage
5176,A00004639,Meryem El Yousfi,G899840,55,Bachelor,21 Lotissement Al Qods,Kenitra,14110.0,Y,7,N,Rent
5177,A00002589,Hamza Dadi,JK489451,29,Bachelor,40 Avenue Zerktouni,Agadir,80000.0,Y,7,Y,Own
5178,A00005440,Hiba Skalli,AB573032,32,College,49 Boulevard Al Qods,Sale,11000.0,Y,6,Y,Mortgage
5179,A00002340,Fatima Ouazzani,X571362,42,High School,45 Hay Hlioua,Oulmes,,N,2,Y,Rent
5180,A00000218,Fatima Ezzahra  Jamal,P885463,35,High School,39 Avenue Hassan II,Ouarzazate,45000.0,Y,4,Y,Mortgage
5181,A00003627,Amine Berrada,WA874503,29,High School,1 Lotissement Salam,Berrechid,26100.0,Y,3,N,Rent
5182,A00008359,Khaoula Tahiri,X767361,48,MD,25 Hay Bernoussi,Anougal,,N,3,Y,Own
5183,A00001915,Hajar Oufkir,CC238837,58,MD,7 Boulevard Mohammed V,Fes,30000.0,Y,3,Y,Mortgage
5184,A00008410,Youssef Skalli,N850000,63,Bachelor,15 Hay Al Houda,Essaouira,44000.0,Y,6,Y,Own
5185,A00005261,Fatima Amrani,AB588309,42,Bachelor,26 Hay Bernoussi,Sale,11000.0,Y,2,Y,Mortgage
5186,A00001044,Rachida Ouazzani,R713041,47,,14 Rue Centrale,El Hoceima,32000.0,Y,3,Y,Mortgage
5187,A00008604,Meryem Mansar,AG962090,40,Bachelor,48 Residence Bernoussi,Rabat,11025.0,Y,2,Y,Rent
5188,A00002615,Salma Barghoud,P399112,26,High School,26 Hay Zerktouni,Ouarzazate,45000.0,Y,2,Y,Mortgage
5189,A00000685,Adam Metouali,HH517585,63,Bachelor,23 Avenue Bernoussi,Safi,46000.0,N,3,Y,Mortgage
5190,A00001911,Mohamed Fakhir,BJ105503,57,High School,8 Avenue Al Qods,Casablanca,20220.0,Y,2,N,Mortgage
5191,A00007071,Hiba Barghoud,EE711793,28,High School,49 Boulevard Bernoussi,Marrakech,40000.0,N,3,N,Own
5192,A00000348,Omar Radi,X217799,29,High School,33 Hay Salam,Ben Ahmed,,Y,4,Y,Rent
5193,A00001257,Khaoula Skalli,AG555946,53,High School,40 Lotissement Al Massira,Rabat,11025.0,Y,6,Y,Own
5194,A00008787,Taha Banoune,HH280758,53,Bachelor,42 Hay Hassan II,Safi,46000.0,N,4,Y,Rent
5195,A00009314,Salma Skalli,R972440,49,College,36 Hay Centrale,El Hoceima,32000.0,N,7,Y,Mortgage
5196,A00005733,Fatima El Yousfi,JK944907,42,High School,25 Lotissement Mohammed V,Agadir,80000.0,Y,5,Y,Mortgage
5197,A00006609,Kawtar El Fassi,X579185,33,Masters,20 Boulevard Al Massira,Matarka,,Y,6,Y,Rent
5198,A00001960,Hajar Salhi,X769245,29,Bachelor,21 Avenue Centrale,Bni Gorfet,,N,6,Y,Rent
5199,A00005920,Aziza Fakhir,AB598654,50,,17 Residence El Fadl,Sale,11000.0,N,6,Y,Rent
5200,A00008379,Mohamed Bennani,X137755,38,High School,38 Residence Centrale,Tamraght,,N,5,Y,Mortgage
5201,A00002681,Hiba Bate,CC776759,32,High School,21 Hay Al Massira,Fes,30000.0,Y,7,Y,Own
5202,A00004009,Malak Alaoui,JA165125,56,Masters,23 Hay Salam,Guelmim,81000.0,Y,3,N,Rent
5203,A00004411,Zineb Barghoud,G907621,43,College,42 Boulevard Al Qods,Kenitra,14110.0,Y,3,Y,Rent
5204,A00008677,Hiba Farissi,JK720199,63,Bachelor,33 Lotissement Hassan II,Agadir,80000.0,N,2,Y,Own
5205,A00006561,Hajar Mansar,N313733,54,Bachelor,28 Avenue Al Houda,Essaouira,44000.0,Y,5,Y,Own
5206,A00001426,Fatima Benchikh,G814738,50,,33 Residence Mohammed V,Kenitra,14110.0,N,6,Y,Mortgage
5207,A00003237,Meryem Mansar,CC723955,56,High School,7 Lotissement Salam,Fes,30000.0,Y,3,Y,Mortgage
5208,A00000272,Noha Moufkir ,M330707,34,High School,15 Avenue Bernoussi,El Jadida,24010.0,Y,6,Y,Rent
5209,A00007884,Amine Bennani,X915888,26,Masters,10 Residence Hlioua,Ras El Ma,,N,7,Y,Rent
5210,A00006292,Youssef Benali,X631950,44,Bachelor,24 Hay Salam,Missour,,N,6,Y,Mortgage
5211,A00002193,Jamila Jamal,CC456794,55,High School,48 Lotissement Zerktouni,Fes,30000.0,Y,6,Y,Mortgage
5212,A00008750,Zineb El Yousfi,F730028,59,Bachelor,40 Rue Mohammed V,Oujda,60010.0,N,3,Y,Rent
5213,A00002898,Ahmed Tazi,BJ506302,25,Bachelor,29 Residence Al Massira,Casablanca,20220.0,Y,3,Y,Mortgage
5214,A00004238,Jamila Kibala,X754834,50,Bachelor,21 Hay Hlioua,Chichaoua,,Y,3,N,Own
5215,A00002680,Mohamed Jamal,X934545,52,Bachelor,11 Lotissement Salam,Khourubga,25000.0,Y,6,Y,Mortgage
5216,A00001459,Adam Bachri,AG117404,64,Masters,26 Boulevard Al Qods,Rabat,11025.0,Y,2,Y,Mortgage
5217,A00000049,Aya Amrani,AB801148,37,High School,38 Residence Hlioua,Sale,11000.0,Y,4,Y,Own
5218,A00003882,Aya Eddoughmi,AG617363,43,Bachelor,11 Residence Al Massira,Rabat,11025.0,N,7,Y,Mortgage
5219,A00004724,Aziza Mansar,X741287,41,Bachelor,22 Lotissement Salam,Imi n'Tanoute,,N,7,Y,Rent
5220,A00004810,Taha Bennani,AB238423,56,Bachelor,10 Boulevard Centrale,Sale,11000.0,Y,2,Y,Mortgage
5221,A00001941,Taha Kibala,X264858,63,High School,33 Boulevard Bernoussi,Amizmiz,,Y,5,N,Own
5222,A00001918,Rachida Ouazzani,BJ647165,52,High School,34 Boulevard Salam,Casablanca,20220.0,N,4,Y,Rent
5223,A00001959,Kawtar Mansour,G278782,29,High School,2 Hay Mohammed V,Kenitra,14110.0,Y,7,N,Rent
5224,A00001833,Salma El Yousfi,KB188783,41,Bachelor,39 Rue Al Houda,Tanger,90053.0,Y,3,Y,Own
5225,A00007704,Kawtar Benali,R600381,27,Bachelor,23 Rue Al Houda,El Hoceima,32000.0,N,4,Y,Mortgage
5226,A00006432,Hamza Skalli,AG811692,63,High School,41 Hay Al Qods,Rabat,11025.0,Y,7,Y,Rent
5227,A00001584,Fatima Bachri,M124855,39,Bachelor,29 Residence Centrale,El Jadida,24010.0,Y,6,Y,Rent
5228,A00007972,Kaoutar Amine,W322294,30,Bachelor,21 Boulevard Al Houda,Settat,26000.0,N,6,Y,Mortgage
5229,A00009145,Noha El Yousfi,X901256,29,MD,6 Avenue Mohammed V,Khenifra,,Y,2,Y,Mortgage
5230,A00003341,Khaoula Mansour,X613578,52,Bachelor,41 Hay Zerktouni,Zghanghan,,Y,4,Y,Rent
5231,A00002969,Aziza Mansour,EE874762,41,Masters,14 Rue Al Massira,Marrakech,40000.0,Y,7,Y,Rent
5232,A00001906,Fatima Ezzahra  Bachri,CC309428,58,,43 Hay Bernoussi,Fes,30000.0,N,4,Y,Mortgage
5233,A00002570,Yahya Alaoui,CC781443,53,Bachelor,41 Residence Hassan II,Fes,30000.0,Y,7,Y,Rent
5234,A00004619,Adam Berrada,X119674,56,College,36 Boulevard Hassan II,Haj Kaddour,,Y,2,Y,Rent
5235,A00005892,Youssef Eddoughmi,EE973348,27,High School,1 Boulevard El Fadl,Marrakech,40000.0,Y,3,Y,Rent
5236,A00003697,Fatima Mansour,CC661472,57,,41 Residence Al Houda,Fes,30000.0,Y,5,Y,Rent
5237,A00001640,Jamila El Yousfi,CC110334,55,Bachelor,48 Lotissement Centrale,Fes,30000.0,Y,5,Y,Mortgage
5238,A00003033,Aziza El Fassi,KB200631,38,High School,1 Residence Bernoussi,Tanger,90053.0,Y,3,Y,Mortgage
5239,A00007393,Othmane Berrada,G773412,45,Bachelor,20 Boulevard Salam,Kenitra,14110.0,N,6,Y,Rent
5240,A00008490,Ahmed Oufkir,G765179,39,Bachelor,44 Hay Centrale,Kenitra,14110.0,Y,2,Y,Own
5241,A00004830,Meryem El Idrissi,X190384,52,Bachelor,2 Lotissement Bernoussi,Tafraout,,Y,4,Y,Own
5242,A00005801,Hiba Metouali,KB414442,35,,16 Boulevard Hassan II,Tanger,90053.0,Y,2,Y,Own
5243,A00001509,Zineb Eddoughmi,G645374,28,,39 Rue Centrale,Kenitra,14110.0,Y,2,N,Own
5244,A00003994,Adam Bate,KB218044,52,Bachelor,48 Lotissement Hassan II,Tanger,90053.0,N,6,Y,Own
5245,A00004355,Yahya Banoune,L860335,37,High School,12 Boulevard Mohammed V,Tetouan,93000.0,N,5,Y,Mortgage
5246,A00007082,Hassan Moufkir ,AG964675,26,High School,21 Lotissement Mohammed V,Rabat,11025.0,Y,2,Y,Rent
5247,A00003252,Mohammed Amine Salhi,EE134121,59,Bachelor,38 Boulevard Bernoussi,Marrakech,40000.0,Y,5,Y,Own
5248,A00004673,Youssef Alaoui,X430166,42,Bachelor,4 Boulevard Al Houda,Imilchil,,Y,5,Y,Own
5249,A00001705,Youssef Moufkir ,AB336003,64,Bachelor,8 Rue Salam,Sale,11000.0,Y,2,Y,Rent
5250,A00004225,Youssef Salhi,X809197,25,Masters,41 Hay Bernoussi,Mechra Bel Ksiri,,Y,7,Y,Mortgage
5251,A00009064,Rania Salhi,DN156577,55,Bachelor,27 Boulevard Bernoussi,Meknes,50010.0,Y,4,Y,Own
5252,A00008160,Khaoula Eddoughmi,N382936,40,Bachelor,47 Boulevard Zerktouni,Essaouira,44000.0,Y,4,N,Mortgage
5253,A00005343,Hiba Tazi,JK600430,39,MD,7 Avenue Al Houda,Agadir,80000.0,Y,6,Y,Mortgage
5254,A00008571,Fatima Ezzahra  Kibala,BJ702797,48,College,47 Residence El Fadl,Casablanca,20220.0,Y,3,Y,Rent
5255,A00009464,Noha El Idrissi,AG447489,34,Bachelor,46 Hay El Fadl,Rabat,11025.0,Y,4,Y,Mortgage
5256,A00005304,Malak Salhi,DN859302,40,Bachelor,7 Lotissement Centrale,Meknes,50010.0,N,7,Y,Rent
5257,A00008226,Hiba Benali,EE239312,53,Bachelor,15 Avenue Hassan II,Marrakech,40000.0,Y,2,Y,Mortgage
5258,A00008797,Youssef Salhi,AG317943,45,MD,34 Lotissement Hassan II,Rabat,11025.0,N,3,N,Own
5259,A00009889,Hassan Alaoui,AG219035,49,,41 Rue Hlioua,Rabat,11025.0,Y,5,Y,Rent
5260,A00000706,Rachida Tazi,F472003,46,Bachelor,30 Avenue Zerktouni,Oujda,60010.0,Y,6,Y,Mortgage
5261,A00003387,Jamila Amine,X874988,40,High School,47 Rue El Fadl,Foum Jamaa,,Y,2,Y,Mortgage
5262,A00001404,Rania Salhi,JK544920,37,Masters,38 Avenue Centrale,Agadir,80000.0,Y,7,Y,Own
5263,A00003574,Fatima Benchikh,CB993353,35,,4 Hay Al Massira,Sefrou,31000.0,N,6,Y,Rent
5264,A00005249,Noha Lahlou,L762197,41,Bachelor,16 Residence Bernoussi,Tetouan,93000.0,Y,2,Y,Rent
5265,A00004513,Youssef Farissi,L988410,32,Masters,24 Avenue Mohammed V,Tetouan,93000.0,Y,6,Y,Rent
5266,A00009077,Hamza Alaoui,L716873,47,Bachelor,10 Boulevard Al Qods,Tetouan,93000.0,N,5,Y,Rent
5267,A00003728,Hassan Metouali,JK991728,59,Masters,39 Residence Centrale,Agadir,80000.0,Y,6,Y,Own
5268,A00007765,Hamza Jamal,X626228,54,Bachelor,5 Rue Al Houda,Mehdia,,Y,4,Y,Own
5269,A00007134,Kaoutar Amine,X442892,50,Bachelor,22 Lotissement Centrale,El Hajeb,,N,2,Y,Mortgage
5270,A00000088,Zineb Benali,X854365,37,Bachelor,2 Boulevard Al Qods,,,N,4,Y,Own
5271,A00003956,Hiba Berrada,X927190,25,Bachelor,16 Hay Hlioua,Tichla,,Y,6,Y,Rent
5272,A00008864,Hamza Bate,X157753,26,Masters,20 Rue Zerktouni,Waterbury Center,,Y,6,Y,Own
5273,A00006880,Yahya El Fassi,EE152212,59,Bachelor,2 Lotissement Mohammed V,Marrakech,40000.0,N,2,Y,Rent
5274,A00003881,Hamza Kibala,X745285,40,Bachelor,1 Rue Al Houda,Tata,,Y,4,N,Rent
5275,A00008085,Kawtar Benchikh,LA182185,55,High School,30 Boulevard Al Qods,Larache,92000.0,Y,7,Y,Own
5276,A00003674,Malak El Yousfi,DN876974,39,MD,9 Boulevard Hassan II,Meknes,50010.0,Y,2,Y,Mortgage
5277,A00004175,Othmane Kibala,X695954,51,High School,29 Residence Mohammed V,MideltDakhla,,Y,4,Y,Own
5278,A00005292,Mohamed El Idrissi,X729464,56,Bachelor,15 Rue Centrale,Khourubga,25000.0,Y,3,Y,Own
5279,A00003580,Kawtar Berrada,X962790,62,High School,5 Rue Al Houda,Mehdia,,Y,6,Y,Own
5280,A00000947,Kaoutar Tahiri,KB244918,28,Masters,12 Lotissement El Fadl,Tanger,90053.0,Y,7,Y,Mortgage
5281,A00002911,Aya Jamal,BJ390479,36,College,26 Hay Zerktouni,Casablanca,20220.0,Y,6,Y,Rent
5282,A00002116,Khaoula Bennani,X612698,35,Bachelor,26 Boulevard Al Massira,Kehf Nsour,,N,5,Y,Rent
5283,A00003993,Aziza Fadili,G663815,50,Bachelor,7 Hay Hassan II,Kenitra,14110.0,Y,4,Y,Mortgage
5284,A00001702,Aya Bachri,L250931,30,High School,41 Rue El Fadl,Tetouan,93000.0,Y,3,Y,Own
5285,A00005234,Kaoutar Jamal,X798460,29,Bachelor,16 Rue Hassan II,Tata,,Y,7,Y,Rent
5286,A00001295,Khadija Ouazzani,AB658444,31,MD,13 Hay Bernoussi,Sale,11000.0,N,5,Y,Own
5287,A00002582,Noha Tazi,X318874,27,Bachelor,49 Residence Al Houda,Senada,,Y,4,Y,Own
5288,A00006101,Omar Skalli,DN247504,46,High School,39 Lotissement Al Massira,Meknes,50010.0,Y,2,Y,Mortgage
5289,A00004050,Jamila Amrani,DN859019,31,High School,16 Rue El Fadl,Meknes,50010.0,Y,2,Y,Rent
5290,A00008508,Hamza Eddoughmi,JK652362,37,Bachelor,37 Hay Hassan II,Agadir,80000.0,Y,4,N,Mortgage
5291,A00009303,Amine El Idrissi,N963680,43,Bachelor,9 Boulevard Al Massira,Essaouira,44000.0,Y,4,Y,Rent
5292,A00003385,Taha Moufkir ,EE175601,57,MD,30 Lotissement Hassan II,Marrakech,40000.0,N,6,Y,Own
5293,A00008823,Rachida Farissi,X648596,63,High School,47 Hay Hlioua,Ameur,,Y,3,Y,Rent
5294,A00008825,Malak Moufkir ,HH383475,31,Masters,7 Residence Al Houda,Safi,46000.0,Y,2,Y,Mortgage
5295,A00006221,Meryem Benali,HH857038,28,Bachelor,18 Avenue Salam,Safi,46000.0,Y,3,Y,Own
5296,A00000132,Hiba Radi,AG817310,57,Masters,37 Rue Al Qods,Rabat,11025.0,Y,2,Y,Own
5297,A00004698,Mohammed Amine Tazi,M737979,42,High School,29 Residence Centrale,El Jadida,24010.0,Y,3,N,Rent
5298,A00005813,Khaoula Oufkir,X316819,41,Bachelor,20 Lotissement El Fadl,Had Kourt,,Y,6,Y,Own
5299,A00003638,Fatima Ezzahra  Farissi,L661680,58,MD,28 Avenue Al Houda,Tetouan,93000.0,Y,7,Y,Own
5300,A00003416,Aya Oufkir,G371317,30,Bachelor,3 Hay Centrale,Kenitra,14110.0,N,3,Y,Rent
5301,A00007387,Mohammed Amine El Yousfi,AG996477,42,Bachelor,25 Boulevard El Fadl,Rabat,11025.0,Y,6,Y,Own
5302,A00007095,Othmane Tahiri,BJ289257,53,PhD,6 Lotissement Bernoussi,Casablanca,20220.0,Y,5,Y,Own
5303,A00002795,Noha Radi,N933117,51,Masters,27 Hay Salam,Essaouira,44000.0,Y,5,Y,Rent
5304,A00004661,Othmane Bate,X599385,25,MD,36 Avenue Bernoussi,Zeghanghane,,N,4,Y,Own
5305,A00007143,Hajar Amrani,DA325936,30,Bachelor,29 Hay Salam,Azrou,53100.0,Y,7,Y,Mortgage
5306,A00005172,Fatima Mansar,AG108277,51,High School,36 Lotissement Centrale,Rabat,11025.0,Y,5,Y,Own
5307,A00003351,Mohamed Farissi,X180739,37,,1 Hay Mohammed V,Driouch,,Y,3,Y,Mortgage
5308,A00005728,Mohammed Amine Eddoughmi,X217978,53,Bachelor,9 Boulevard Al Houda,Ain Cheggag,,N,4,N,Mortgage
5309,A00004874,Hamza Benchikh,X601253,63,,36 Boulevard Al Massira,Sidi Rahal,,Y,7,Y,Rent
5310,A00003762,Adam Berrada,X812808,31,Bachelor,10 Hay Zerktouni,Ouezzane,,Y,3,Y,Mortgage
5311,A00004147,Ahmed Moufkir ,G582451,63,Bachelor,4 Avenue Al Houda,Kenitra,14110.0,N,5,Y,Rent
5312,A00003094,Ahmed Banoune,X556731,50,Bachelor,10 Rue Hassan II,Charf,,Y,2,Y,Rent
5313,A00002445,Zineb Fadili,X642279,39,Bachelor,14 Hay Hassan II,Jebha,,Y,7,Y,Rent
5314,A00004729,Rania Tazi,EE411743,48,College,4 Residence Bernoussi,Marrakech,40000.0,Y,3,Y,Rent
5315,A00003926,Aya Benchikh,X694648,36,College,30 Lotissement Zerktouni,Chbanat,,Y,3,Y,Own
5316,A00001348,Kawtar Bennani,R697517,27,Bachelor,18 Boulevard Al Qods,El Hoceima,32000.0,Y,2,Y,Rent
5317,A00007807,Adam Barghoud,X964762,30,College,49 Residence Salam,Mediouna,,Y,7,Y,Own
5318,A00009982,Kawtar Tazi,F832244,53,Masters,13 Hay El Fadl,Oujda,60010.0,N,4,Y,Mortgage
5319,A00001146,Khaoula Bachri,BJ625437,58,High School,21 Residence Al Massira,Casablanca,20220.0,N,3,Y,Mortgage
5320,A00000296,Adam Tahiri,X396476,49,,49 Boulevard Al Qods,Fquih Ben Salah,,Y,6,Y,Own
5321,A00001181,Fatima Ezzahra  El Fassi,EE771154,26,Bachelor,34 Hay Salam,Marrakech,40000.0,Y,6,Y,Mortgage
5322,A00005071,Khadija Tahiri,X846553,47,Bachelor,12 Lotissement Al Massira,Mhaya,,Y,7,Y,Rent
5323,A00006575,Aya Alaoui,WA828675,56,High School,16 Lotissement Al Houda,Berrechid,26100.0,N,4,Y,Mortgage
5324,A00001225,Khadija Oufkir,X359015,34,Bachelor,12 Boulevard Bernoussi,Bouizakarne,,Y,2,Y,Mortgage
5325,A00008913,Omar Amine,EE132452,55,High School,3 Rue Al Qods,Marrakech,40000.0,N,3,Y,Mortgage
5326,A00002181,Malak Berrada,CC699326,26,Bachelor,1 Boulevard Centrale,Fes,30000.0,N,3,Y,Mortgage
5327,A00005221,Omar Radi,AB592931,42,Bachelor,45 Boulevard Al Qods,Sale,11000.0,Y,6,Y,Mortgage
5328,A00001791,Kawtar Lahlou,L112972,58,Bachelor,29 Lotissement Mohammed V,Tetouan,93000.0,Y,2,Y,Mortgage
5329,A00005591,Kawtar El Idrissi,G578693,44,College,16 Boulevard Al Massira,Kenitra,14110.0,Y,2,Y,Own
5330,A00002603,Aziza Barghoud,AB589609,39,High School,45 Hay Al Qods,Sale,11000.0,Y,5,Y,Mortgage
5331,A00002550,Aya Salhi,DN726849,46,High School,39 Rue Salam,Meknes,50010.0,Y,2,Y,Own
5332,A00007478,Aziza Amine,BJ553959,31,Bachelor,18 Boulevard Al Houda,Casablanca,20220.0,N,5,Y,Rent
5333,A00005830,Meryem Alaoui,X665064,37,Bachelor,39 Rue Zerktouni,Imouzzer Kandar,,Y,6,Y,Rent
5334,A00000851,Kawtar Salhi,JK401604,28,Bachelor,20 Avenue El Fadl,Agadir,80000.0,Y,7,Y,Rent
5335,A00002808,Amine Ouazzani,L955766,35,College,36 Lotissement El Fadl,Tetouan,93000.0,Y,3,Y,Mortgage
5336,A00005601,Othmane Oufkir,X128959,27,Masters,32 Hay Hlioua,Ben Taieb,,N,5,Y,Rent
5337,A00009019,Meryem Alaoui,CC189383,43,Bachelor,20 Boulevard Bernoussi,Fes,30000.0,Y,7,Y,Mortgage
5338,A00009604,Meryem Tazi,KB950520,59,Bachelor,39 Hay Hassan II,Tanger,90053.0,Y,5,Y,Mortgage
5339,A00009670,Yahya Mansar,CC126375,33,Bachelor,19 Rue Zerktouni,Fes,30000.0,Y,4,Y,Own
5340,A00003234,Omar Barghoud,N944173,60,Bachelor,10 Boulevard Mohammed V,Essaouira,44000.0,N,5,Y,Rent
5341,A00002126,Amine El Fassi,KB471154,42,Bachelor,41 Rue Al Massira,Tanger,90053.0,Y,5,Y,Mortgage
5342,A00006922,Youssef Moufkir ,DN108442,43,,46 Lotissement Al Qods,Meknes,50010.0,Y,2,Y,Rent
5343,A00008784,Salma El Fassi,W857964,32,Masters,43 Residence Al Massira,Settat,26000.0,Y,5,Y,Mortgage
5344,A00000465,Mohamed Mansar,AB990246,34,High School,5 Rue Mohammed V,Sale,11000.0,N,4,Y,Own
5345,A00001260,Omar Alaoui,R470884,61,High School,26 Residence Mohammed V,El Hoceima,32000.0,Y,3,Y,Mortgage
5346,A00008377,Zineb Bennani,KB103099,43,MD,37 Boulevard Centrale,Tanger,90053.0,N,6,Y,Mortgage
5347,A00004092,Taha Salhi,DN372622,56,High School,49 Lotissement Salam,Meknes,50010.0,N,6,N,Own
5348,A00009149,Taha Oufkir,KB264687,32,Masters,40 Rue Hlioua,Tanger,90053.0,Y,5,Y,Rent
5349,A00007080,Noha Salhi,AB259094,53,High School,15 Residence Al Houda,Sale,11000.0,Y,2,Y,Mortgage
5350,A00000543,Othmane El Yousfi,BJ820950,53,High School,49 Avenue Mohammed V,Casablanca,20220.0,Y,4,Y,Mortgage
5351,A00005075,Mohamed Ouazzani,GK500904,41,Bachelor,46 Hay Centrale,Sidi Kacem,16000.0,Y,5,Y,Rent
5352,A00001133,Omar Ouazzani,X137852,53,High School,3 Rue Salam,Chouihia,,Y,3,Y,Rent
5353,A00000077,Othmane Fakhir,X202847,53,Bachelor,42 Boulevard Mohammed V,Ouezzane,,Y,3,Y,Mortgage
5354,A00000090,Kawtar El Yousfi,BJ893845,45,Bachelor,37 Boulevard Mohammed V,Casablanca,20220.0,Y,4,Y,Mortgage
5355,A00003361,Ahmed Oufkir,CC691287,31,Bachelor,42 Avenue El Fadl,Fes,30000.0,Y,3,N,Mortgage
5356,A00005206,Youssef Farissi,BJ660765,38,Masters,6 Lotissement Bernoussi,Casablanca,20220.0,Y,7,Y,Rent
5357,A00001152,Zineb Ouazzani,X426219,31,Masters,20 Rue El Fadl,Sidi Boubker,,Y,2,Y,Mortgage
5358,A00005560,Malak Kibala,AG460890,62,Bachelor,11 Hay Al Massira,Rabat,11025.0,Y,2,Y,Own
5359,A00007522,Jamila Amine,AG814740,38,PhD,14 Boulevard Al Qods,Rabat,11025.0,Y,5,Y,Rent
5360,A00007079,Mohamed Benchikh,X400996,59,Bachelor,28 Hay Al Massira,Sidi Slimane,,Y,3,Y,Mortgage
5361,A00000380,Hassan Kibala,N301835,55,College,7 Avenue Al Qods,Essaouira,44000.0,Y,2,Y,Rent
5362,A00003717,Youssef Barghoud,X454207,62,High School,25 Avenue Al Massira,Ain Dfali,,Y,2,Y,Mortgage
5363,A00004515,Aya Tahiri,DN989777,26,High School,43 Residence Zerktouni,Meknes,50010.0,Y,2,Y,Own
5364,A00001679,Malak Banoune,FB101724,36,Bachelor,22 Avenue El Fadl,Taourirt,65000.0,N,7,N,Mortgage
5365,A00003488,Amine El Yousfi,P951952,49,Bachelor,39 Avenue Hassan II,Ouarzazate,45000.0,Y,7,Y,Rent
5366,A00009247,Fatima Ezzahra  El Yousfi,L727405,56,PhD,34 Lotissement Salam,Tetouan,93000.0,Y,3,Y,Mortgage
5367,A00002700,Hamza El Fassi,G655402,55,PhD,2 Rue Mohammed V,Kenitra,14110.0,N,2,Y,Rent
5368,A00004739,Ahmed Benali,X512399,25,Bachelor,48 Hay Al Houda,Ait Ourir,,Y,6,N,Own
5369,A00003719,Aziza Berrada,L485862,60,Bachelor,23 Lotissement Centrale,Tetouan,93000.0,Y,5,Y,Mortgage
5370,A00009014,Malak Banoune,DN880815,39,High School,8 Boulevard Hassan II,Meknes,50010.0,Y,2,Y,Mortgage
5371,A00005755,Noha Bate,DN242920,26,College,41 Lotissement Salam,Meknes,50010.0,Y,2,Y,Own
5372,A00003320,Othmane Mansour,N849340,56,,40 Lotissement Centrale,Essaouira,44000.0,Y,3,Y,Rent
5373,A00002457,Khadija Mansour,G563321,50,College,21 Lotissement Al Qods,Kenitra,14110.0,N,7,Y,Rent
5374,A00009084,Hiba Fakhir,G812420,47,High School,44 Rue Al Qods,Kenitra,14110.0,Y,6,Y,Own
5375,A00005647,Fatima Benchikh,X735958,53,Bachelor,12 Residence Bernoussi,Ouezzane,,Y,3,N,Rent
5376,A00009016,Noha Bate,X294340,27,High School,7 Hay El Fadl,Asilah,,Y,3,N,Own
5377,A00005117,Rania Radi,Y978135,27,Bachelor,9 Boulevard Bernoussi,El Kelaa des Sraghna,43000.0,N,7,Y,Rent
5378,A00003045,Rachida Berrada,X733798,35,MD,48 Hay Al Houda,Ait Ourir,,Y,6,Y,Own
5379,A00002650,Malak Fakhir,CC901114,36,High School,16 Rue Bernoussi,Fes,30000.0,Y,5,Y,Mortgage
5380,A00009823,Khaoula Fakhir,BJ893930,62,High School,4 Lotissement Al Massira,Casablanca,20220.0,Y,7,Y,Rent
5381,A00008970,Fatima Mansour,AG900141,35,College,38 Residence Hlioua,Rabat,11025.0,N,7,Y,Mortgage
5382,A00004696,Aziza Kibala,X188286,40,MD,10 Boulevard Mohammed V,Zirara,,Y,6,Y,Mortgage
5383,A00004182,Aziza Bate,G910518,56,PhD,16 Residence Hassan II,Kenitra,14110.0,Y,4,Y,Mortgage
5384,A00003804,Yahya Mansour,BJ544578,32,Bachelor,5 Boulevard El Fadl,Casablanca,20220.0,Y,4,Y,Rent
5385,A00008265,Othmane Radi,W296722,42,High School,48 Avenue El Fadl,Settat,26000.0,Y,5,Y,Own
5386,A00003770,Aya Moufkir ,CB843906,32,High School,33 Lotissement Al Houda,Sefrou,31000.0,N,5,Y,Own
5387,A00006215,Hajar Jamal,KB423039,47,Bachelor,30 Residence Mohammed V,Tanger,90053.0,Y,2,N,Own
5388,A00002704,Salma Bate,X950158,62,High School,25 Boulevard Salam,Matarka,,N,5,Y,Mortgage
5389,A00003132,Mohamed Bate,X618132,33,High School,43 Boulevard Mohammed V,Jerada,,Y,3,Y,Rent
5390,A00002861,Jamila Lahlou,X694913,62,Bachelor,4 Rue El Fadl,Ben Ahmed,,Y,5,Y,Own
5391,A00008959,Omar Ouazzani,BJ774639,43,High School,1 Residence Al Massira,Casablanca,20220.0,Y,2,Y,Mortgage
5392,A00004126,Jamila Farissi,L987473,26,High School,15 Hay Mohammed V,Tetouan,93000.0,N,2,Y,Mortgage
5393,A00000278,Fatima Ezzahra  Skalli,WA509733,61,Bachelor,28 Rue Hassan II,Berrechid,26100.0,Y,7,Y,Own
5394,A00000927,Zineb Radi,X266366,44,Bachelor,31 Rue Centrale,MideltDakhla,,N,6,Y,Own
5395,A00005885,Taha Jamal,KB533372,48,College,38 Hay Salam,Tanger,90053.0,N,4,N,Rent
5396,A00002324,Youssef Amrani,BJ337615,37,College,17 Hay Al Qods,Casablanca,20220.0,N,3,Y,Rent
5397,A00009575,Mohamed Radi,AG940569,29,Bachelor,47 Residence Al Massira,Rabat,11025.0,N,2,Y,Rent
5398,A00008600,Rania Farissi,X940949,30,High School,26 Rue Al Qods,Ras El Ma,,Y,7,Y,Rent
5399,A00005724,Aya Fakhir,L699392,26,,27 Residence Hassan II,Tetouan,93000.0,N,7,Y,Own
5400,A00007767,Hamza Banoune,F706874,38,,14 Boulevard Bernoussi,Oujda,60010.0,N,2,Y,Own
5401,A00003549,Othmane Amrani,SA813397,51,High School,13 Rue El Fadl,Nador,62000.0,Y,7,Y,Mortgage
5402,A00004276,Youssef Benchikh,G722467,38,,40 Residence Hassan II,Kenitra,14110.0,Y,6,Y,Rent
5403,A00005243,Youssef Benchikh,JK924228,53,Bachelor,39 Residence Salam,Agadir,80000.0,Y,4,Y,Mortgage
5404,A00006503,Hassan Mansour,X728018,35,Bachelor,30 Boulevard Al Houda,Boulemane,,Y,4,N,Rent
5405,A00009478,Ahmed Mansar,X732184,55,High School,36 Avenue Al Massira,Zerkten,,Y,3,Y,Mortgage
5406,A00008042,Youssef Eddoughmi,JK682649,57,High School,21 Hay Hassan II,Agadir,80000.0,Y,2,N,Rent
5407,A00007671,Rachida Fadili,EE752874,25,High School,36 Residence Salam,Marrakech,40000.0,Y,4,Y,Mortgage
5408,A00006761,Hiba El Fassi,X763713,25,Bachelor,3 Lotissement El Fadl,Moqrisset,,Y,2,Y,Mortgage
5409,A00008585,Amine Farissi,KB985129,62,PhD,39 Hay Mohammed V,Tanger,90053.0,Y,6,Y,Rent
5410,A00002321,Hajar Benchikh,X520451,45,College,5 Hay Al Qods,Taghramt,,Y,7,Y,Mortgage
5411,A00008688,Youssef El Yousfi,AB313245,61,,9 Hay Hassan II,Sale,11000.0,Y,4,Y,Own
5412,A00008996,Fatima Ezzahra  Mansour,L248028,30,Bachelor,2 Rue Centrale,Tetouan,93000.0,Y,7,Y,Mortgage
5413,A00001980,Noha Skalli,JK520361,48,Bachelor,8 Rue Mohammed V,Agadir,80000.0,Y,5,Y,Rent
5414,A00000588,Youssef Ouazzani,X607382,37,College,22 Boulevard El Fadl,Imi n'Tanoute,,N,7,Y,Own
5415,A00006571,Mohamed Lahlou,R388039,48,Bachelor,22 Boulevard Al Houda,El Hoceima,32000.0,N,5,N,Own
5416,A00009474,Rachida Moufkir ,P511683,54,PhD,39 Avenue Hassan II,Ouarzazate,45000.0,Y,6,Y,Own
5417,A00005519,Aziza Eddoughmi,JA565076,37,High School,39 Boulevard Centrale,Guelmim,81000.0,N,6,Y,Rent
5418,A00005772,Salma Amine,F207124,63,High School,47 Hay Zerktouni,Oujda,60010.0,Y,2,Y,Own
5419,A00009672,Khaoula Dadi,AG378143,58,Bachelor,28 Residence Mohammed V,Rabat,11025.0,N,6,Y,Rent
5420,A00001884,Mohammed Amine Benchikh,CC521145,26,Masters,25 Boulevard Hlioua,Fes,30000.0,Y,4,Y,Rent
5421,A00006114,Fatima Jamal,X619594,64,College,28 Hay Mohammed V,Karia,,Y,4,Y,Mortgage
5422,A00005138,Mohamed El Yousfi,X923571,55,High School,8 Residence Al Massira,Imi n'Tanoute,,N,4,Y,Own
5423,A00004043,Jamila Ouazzani,CC883205,59,Bachelor,26 Boulevard Mohammed V,Fes,30000.0,Y,2,Y,Own
5424,A00006250,Rania Benali,L627070,37,Bachelor,33 Hay El Fadl,Tetouan,93000.0,Y,6,Y,Mortgage
5425,A00006587,Mohamed El Fassi,I751596,48,High School,14 Rue El Fadl,Beni Mellal,23000.0,Y,6,Y,Mortgage
5426,A00001801,Ahmed Radi,AB146845,49,Bachelor,2 Residence Al Massira,Sale,11000.0,N,5,Y,Rent
5427,A00009048,Salma Berrada,X344285,44,High School,5 Hay Bernoussi,Bou Ahmed,,Y,2,Y,Own
5428,A00009263,Rachida Berrada,X458157,31,,41 Hay Bernoussi,Mechra Bel Ksiri,,Y,7,Y,Mortgage
5429,A00007325,Hiba Eddoughmi,G491016,26,High School,43 Lotissement Bernoussi,Kenitra,14110.0,Y,5,Y,Mortgage
5430,A00009622,Fatima Ezzahra  Kibala,EA884470,50,College,45 Hay Hlioua,Ben Guerir,43150.0,N,5,Y,Mortgage
5431,A00009448,Khaoula Alaoui,G667460,57,PhD,24 Hay Al Houda,Kenitra,14110.0,Y,3,Y,Rent
5432,A00000026,Omar Bennani,EE314155,50,High School,41 Lotissement Centrale,Marrakech,40000.0,Y,7,Y,Rent
5433,A00008772,Khaoula Ouazzani,X905915,31,High School,27 Hay Al Houda,Selouane,,N,2,Y,Own
5434,A00005012,Mohamed Farissi,AB930604,46,PhD,4 Boulevard Zerktouni,Sale,11000.0,Y,2,Y,Own
5435,A00007663,Youssef Fakhir,N888996,48,Masters,42 Hay Al Houda,Essaouira,44000.0,N,2,Y,Own
5436,A00009420,Adam Dadi,DN180115,33,Bachelor,34 Rue El Fadl,Meknes,50010.0,Y,7,Y,Rent
5437,A00002962,Omar Amrani,AG658115,58,Bachelor,14 Lotissement Hassan II,Rabat,11025.0,N,6,Y,Rent
5438,A00001521,Fatima Ezzahra  Dadi,JK550045,41,MD,9 Hay Al Qods,Agadir,80000.0,Y,3,N,Rent
5439,A00006815,Meryem Fadili,BJ621036,29,Masters,5 Boulevard El Fadl,Casablanca,20220.0,N,5,Y,Mortgage
5440,A00005218,Ahmed Radi,AG906702,61,,19 Boulevard Hlioua,Rabat,11025.0,N,2,N,Mortgage
5441,A00003325,Meryem Jamal,JK194491,56,Bachelor,49 Avenue Hassan II,Agadir,80000.0,Y,7,Y,Own
5442,A00004649,Malak Benali,AB765348,46,Bachelor,40 Residence Salam,Sale,11000.0,Y,2,Y,Mortgage
5443,A00004668,Khaoula Bachri,P955853,52,Bachelor,39 Avenue El Fadl,Ouarzazate,45000.0,N,2,Y,Own
5444,A00005787,Fatima Ezzahra  Fadili,KB313610,62,Bachelor,15 Avenue Bernoussi,Tanger,90053.0,Y,7,Y,Rent
5445,A00001882,Kawtar Eddoughmi,Y191321,57,Bachelor,45 Residence Hassan II,El Kelaa des Sraghna,43000.0,N,7,Y,Own
5446,A00008769,Noha Lahlou,AG112591,25,College,26 Residence Bernoussi,Rabat,11025.0,N,7,Y,Rent
5447,A00001311,Mohammed Amine Fadili,N718045,40,PhD,39 Rue Bernoussi,Essaouira,44000.0,Y,2,Y,Rent
5448,A00005573,Taha Lahlou,JK994636,45,MD,15 Hay Zerktouni,Agadir,80000.0,Y,7,Y,Mortgage
5449,A00003920,Mohamed Lahlou,X828682,59,,12 Residence Bernoussi,Iferni,,Y,5,N,Mortgage
5450,A00000566,Aziza El Idrissi,X632065,49,College,19 Rue Hassan II,Ain El Aouda,,Y,5,Y,Own
5451,A00003432,Mohamed Benali,EE221748,63,High School,49 Boulevard Bernoussi,Marrakech,40000.0,Y,2,Y,Rent
5452,A00009344,Hajar Amrani,X870760,41,Masters,35 Rue Salam,Sidi Bouzid,,N,7,Y,Rent
5453,A00006780,Ahmed Kibala,AG205881,62,High School,16 Boulevard Zerktouni,Rabat,11025.0,N,6,Y,Own
5454,A00005268,Ahmed Jamal,EE628074,64,,2 Residence Mohammed V,Marrakech,40000.0,Y,7,Y,Rent
5455,A00007524,Rachida Lahlou,AB351294,51,High School,20 Boulevard Hassan II,Sale,11000.0,N,3,Y,Mortgage
5456,A00000997,Ahmed Benchikh,G589035,57,,3 Hay Centrale,Kenitra,14110.0,Y,4,N,Own
5457,A00008799,Hiba Bate,JK953629,51,Bachelor,3 Residence Mohammed V,Agadir,80000.0,Y,3,N,Mortgage
5458,A00001068,Fatima Ezzahra  Tahiri,JA277436,29,High School,7 Hay Mohammed V,Guelmim,81000.0,Y,5,Y,Own
5459,A00001818,Hamza Banoune,DN933525,60,Bachelor,31 Lotissement Hassan II,Meknes,50010.0,Y,3,Y,Rent
5460,A00005135,Youssef Amine,BJ436178,60,College,3 Boulevard Al Houda,Casablanca,20220.0,Y,3,Y,Own
5461,A00002741,Hiba Jamal,GK557632,26,Bachelor,25 Residence Hlioua,Sidi Kacem,16000.0,Y,2,Y,Mortgage
5462,A00002255,Kaoutar Benchikh,KB954030,53,High School,23 Avenue Centrale,Tanger,90053.0,N,4,Y,Mortgage
5463,A00003501,Khadija Farissi,X708680,54,Bachelor,47 Hay Zerktouni,Tit Mellil,,N,7,Y,Mortgage
5464,A00001138,Mohamed Barghoud,X987851,61,High School,40 Hay Hassan II,Bouznika,,Y,4,Y,Own
5465,A00001471,Othmane Tahiri,EE484375,58,Bachelor,21 Rue Al Qods,Marrakech,40000.0,N,4,N,Mortgage
5466,A00003839,Rachida El Idrissi,DB447545,58,Bachelor,2 Lotissement Bernoussi,Ifrane,53000.0,Y,7,Y,Own
5467,A00003479,Rania Salhi,N611234,57,High School,28 Avenue Al Massira,Essaouira,44000.0,Y,6,Y,Rent
5468,A00004017,Hassan Metouali,EE706726,58,Bachelor,49 Lotissement Salam,Marrakech,40000.0,Y,5,Y,Mortgage
5469,A00008538,Aziza Farissi,R314430,39,High School,24 Avenue El Fadl,El Hoceima,32000.0,Y,5,Y,Mortgage
5470,A00001908,Rania Alaoui,X137271,32,,29 Boulevard Mohammed V,Sidi Yahya El Gharb,,Y,3,Y,Mortgage
5471,A00003750,Ahmed Radi,L922215,31,Bachelor,26 Lotissement Mohammed V,Tetouan,93000.0,Y,3,Y,Mortgage
5472,A00000297,Fatima Ezzahra  Ouazzani,BJ539883,60,Bachelor,8 Avenue Al Qods,Casablanca,20220.0,Y,6,Y,Rent
5473,A00007872,Mohammed Amine Bate,N168232,37,Bachelor,3 Rue Hlioua,Essaouira,44000.0,Y,3,Y,Mortgage
5474,A00005426,Kawtar Bennani,X800898,31,Bachelor,26 Rue Hassan II,Ihddaden,,Y,3,N,Own
5475,A00004804,Amine Bennani,X960168,64,High School,19 Lotissement Mohammed V,Rissani,,Y,4,Y,Mortgage
5476,A00008468,Malak Fadili,AG782362,58,High School,38 Avenue Mohammed V,Rabat,11025.0,Y,5,Y,Rent
5477,A00007056,Amine Radi,KB938705,53,PhD,29 Boulevard Centrale,Tanger,90053.0,Y,5,Y,Mortgage
5478,A00004347,Rachida Ouazzani,CC364836,60,Masters,39 Residence Hlioua,Fes,30000.0,Y,7,Y,Mortgage
5479,A00005336,Hiba Tazi,X363881,58,Masters,42 Hay Al Massira,Zaouia Annahlia,,Y,6,Y,Rent
5480,A00000178,Hajar Banoune,DN730999,28,Bachelor,2 Boulevard Zerktouni,Meknes,50010.0,Y,2,Y,Mortgage
5481,A00001367,Noha Mansar,DN290684,50,Masters,13 Hay Hassan II,Meknes,50010.0,Y,4,Y,Own
5482,A00005183,Youssef Kibala,N313465,37,High School,44 Boulevard Bernoussi,Essaouira,44000.0,Y,5,Y,Own
5483,A00009308,Youssef Radi,EE840606,50,College,6 Residence Salam,Marrakech,40000.0,Y,3,Y,Rent
5484,A00002553,Malak Benali,X223852,50,High School,16 Lotissement Bernoussi,Bni Hadifa,,N,6,Y,Mortgage
5485,A00009699,Khadija Mansour,JA530155,61,Bachelor,24 Rue Mohammed V,Guelmim,81000.0,Y,5,Y,Rent
5486,A00003544,Fatima Ezzahra  Eddoughmi,X541043,41,High School,4 Lotissement Zerktouni,Tafoughalt,,Y,7,Y,Own
5487,A00008443,Khadija Salhi,X780095,40,Bachelor,41 Avenue Hlioua,,,N,4,Y,Own
5488,A00009532,Aya Lahlou,G507069,60,MD,26 Rue Zerktouni,Kenitra,14110.0,Y,4,Y,Mortgage
5489,A00008516,Taha Banoune,L989989,28,Bachelor,19 Rue Hassan II,Tetouan,93000.0,Y,3,Y,Own
5490,A00005918,Hassan Tahiri,BJ397791,38,High School,5 Residence Mohammed V,Casablanca,20220.0,Y,2,N,Rent
5491,A00009015,Fatima Benchikh,BJ615416,58,Bachelor,14 Hay Hassan II,Casablanca,20220.0,N,4,Y,Mortgage
5492,A00005185,Hassan Lahlou,N241250,45,Bachelor,40 Lotissement Centrale,Essaouira,44000.0,Y,4,Y,Own
5493,A00000686,Ahmed Fakhir,X676908,63,Bachelor,26 Residence Zerktouni,Sidi Allal El Bahraoui,,Y,5,Y,Mortgage
5494,A00003988,Fatima Ezzahra  Berrada,BJ282341,48,Bachelor,44 Lotissement Bernoussi,Casablanca,20220.0,Y,2,Y,Rent
5495,A00009748,Aziza Bate,BJ500082,42,,12 Residence Al Houda,Casablanca,20220.0,Y,6,Y,Mortgage
5496,A00002507,Khadija Banoune,EE792948,44,PhD,39 Lotissement Hassan II,Marrakech,40000.0,N,6,Y,Mortgage
5497,A00001224,Youssef Benali,AB594180,63,MD,25 Hay Centrale,Sale,11000.0,Y,3,Y,Own
5498,A00009570,Aya Benchikh,CB905660,25,Bachelor,48 Avenue Salam,Sefrou,31000.0,Y,4,Y,Own
5499,A00007062,Hiba Ouazzani,AG222130,36,Bachelor,43 Boulevard Al Massira,Rabat,11025.0,Y,6,Y,Mortgage
5500,A00006380,Omar Eddoughmi,X578761,54,High School,25 Hay Al Massira,Assa,,Y,7,Y,Mortgage
5501,A00007602,Kawtar Tazi,HH625888,62,Bachelor,1 Avenue Salam,Safi,46000.0,N,7,Y,Rent
5502,A00009659,Mohamed Ouazzani,N641368,28,Bachelor,40 Hay El Fadl,Essaouira,44000.0,Y,3,Y,Rent
5503,A00007292,Taha Ouazzani,CC498553,32,PhD,15 Lotissement Salam,Fes,30000.0,Y,5,Y,Rent
5504,A00005332,Amine Fadili,X660534,27,Bachelor,12 Boulevard Bernoussi,Akhfenir,,N,7,Y,Mortgage
5505,A00004278,Fatima Ezzahra  Fakhir,CC439105,29,High School,12 Lotissement Mohammed V,Fes,30000.0,N,3,Y,Own
5506,A00004824,Kawtar El Yousfi,KB559712,60,High School,1 Residence Bernoussi,Tanger,90053.0,Y,6,Y,Mortgage
5507,A00005621,Yahya Amrani,X829151,62,High School,5 Residence Al Houda,Ouezzane,,Y,7,Y,Mortgage
5508,A00005637,Aziza Kibala,F615359,49,Bachelor,42 Hay Mohammed V,Oujda,60010.0,N,2,Y,Rent
5509,A00006469,Fatima Ezzahra  Salhi,AG558080,62,High School,29 Avenue Mohammed V,Rabat,11025.0,Y,2,Y,Mortgage
5510,A00000674,Fatima El Yousfi,BJ766375,36,Bachelor,27 Lotissement Mohammed V,Casablanca,20220.0,N,3,Y,Own
5511,A00001293,Khaoula Metouali,AG315484,42,Bachelor,24 Hay Bernoussi,Rabat,11025.0,N,7,Y,Mortgage
5512,A00008168,Youssef Radi,G669174,63,High School,12 Rue Centrale,Kenitra,14110.0,N,7,Y,Mortgage
5513,A00006447,Omar Salhi,X856081,26,Bachelor,27 Hay Al Houda,Selouane,,Y,7,Y,Rent
5514,A00003042,Youssef Lahlou,L746825,26,Masters,31 Avenue Zerktouni,Tetouan,93000.0,N,5,Y,Mortgage
5515,A00004973,Omar Metouali,G356509,43,High School,2 Avenue Hassan II,Kenitra,14110.0,Y,4,Y,Own
5516,A00009147,Aziza Tahiri,X707813,29,Bachelor,3 Avenue Al Houda,Sidi Mohamed Lahmar,,Y,5,Y,Rent
5517,A00007172,Zineb Skalli,L647725,25,High School,39 Hay Mohammed V,Tetouan,93000.0,Y,2,Y,Own
5518,A00007653,Fatima Ezzahra  Moufkir ,DN637847,41,High School,34 Rue El Fadl,Meknes,50010.0,Y,4,Y,Mortgage
5519,A00000549,Amine Amrani,AG401646,52,High School,4 Residence Al Houda,Rabat,11025.0,Y,2,Y,Mortgage
5520,A00009462,Aya El Fassi,KB338449,43,High School,35 Residence Hassan II,Tanger,90053.0,Y,5,Y,Own
5521,A00000325,Rachida Lahlou,AB687227,48,High School,26 Rue Bernoussi,Sale,11000.0,Y,5,Y,Mortgage
5522,A00009197,Amine Tazi,KB768148,29,Bachelor,45 Rue Al Massira,Tanger,90053.0,Y,4,Y,Rent
5523,A00007806,Adam Bachri,KB519230,36,Bachelor,47 Rue Salam,Tanger,90053.0,Y,3,Y,Mortgage
5524,A00001356,Omar Farissi,AG395344,35,PhD,42 Avenue Al Massira,Rabat,11025.0,Y,5,N,Mortgage
5525,A00000563,Noha El Idrissi,X398292,57,Bachelor,5 Boulevard Al Houda,Demnate,,N,5,Y,Rent
5526,A00002128,Taha Kibala,HH164030,32,High School,15 Avenue Bernoussi,Safi,46000.0,N,4,Y,Rent
5527,A00003235,Fatima Ezzahra  Lahlou,X423089,43,High School,33 Residence Al Houda,Agourai,,Y,5,Y,Mortgage
5528,A00000158,Fatima Metouali,KB312112,52,High School,38 Avenue Al Houda,Tanger,90053.0,Y,3,Y,Rent
5529,A00000197,Mohammed Amine Jamal,X547304,31,High School,37 Residence Al Houda,Targuist,,N,4,Y,Rent
5530,A00005283,Hassan El Yousfi,X970550,27,High School,23 Rue Al Qods,Oulad Ziane,,Y,6,Y,Rent
5531,A00001658,Othmane Salhi,X800506,36,High School,42 Residence Al Qods,El Menzel,,Y,6,Y,Rent
5532,A00008099,Omar Metouali,EE373904,42,High School,21 Avenue El Fadl,Marrakech,40000.0,Y,4,Y,Mortgage
5533,A00009266,Yahya El Yousfi,L602011,63,Bachelor,30 Hay Bernoussi,Tetouan,93000.0,Y,4,Y,Own
5534,A00000302,Fatima Ezzahra  Metouali,AB392111,59,MD,49 Rue Hlioua,Sale,11000.0,Y,7,Y,Own
5535,A00007733,Jamila El Fassi,X577530,57,PhD,33 Hay Bernoussi,Ben Taieb,,N,2,Y,Mortgage
5536,A00007279,Salma Bennani,X362797,61,Bachelor,42 Hay Al Massira,Zaouia Annahlia,,Y,3,Y,Own
5537,A00009987,Omar Farissi,X137980,28,Bachelor,20 Lotissement Al Houda,Driouch,,Y,3,Y,Mortgage
5538,A00005037,Zineb Radi,AG655420,40,Masters,8 Rue Salam,Rabat,11025.0,N,3,Y,Mortgage
5539,A00001571,Salma Tazi,BJ452793,54,High School,47 Hay Al Qods,Casablanca,20220.0,Y,2,Y,Rent
5540,A00009269,Salma Mansar,X348560,35,High School,22 Avenue Hlioua,Khourubga,25000.0,Y,4,Y,Own
5541,A00007281,Aya Bennani,BJ894134,55,Bachelor,22 Lotissement Zerktouni,Casablanca,20220.0,Y,6,Y,Mortgage
5542,A00007776,Rania Tahiri,L748214,33,Bachelor,49 Boulevard Bernoussi,Tetouan,93000.0,Y,2,Y,Own
5543,A00001939,Mohammed Amine Farissi,L948992,39,Bachelor,11 Rue Salam,Tetouan,93000.0,Y,2,Y,Mortgage
5544,A00006001,Rania Amine,CC782885,30,Masters,26 Hay Hlioua,Fes,30000.0,Y,5,Y,Own
5545,A00001899,Kawtar Oufkir,DA210403,52,High School,26 Boulevard Salam,Azrou,53100.0,Y,2,Y,Own
5546,A00009211,Ahmed Berrada,L767876,25,High School,31 Rue Hlioua,Tetouan,93000.0,Y,7,Y,Own
5547,A00005192,Noha Farissi,AB309676,30,Masters,2 Residence Al Massira,Sale,11000.0,N,3,Y,Own
5548,A00000899,Hiba Benali,DN130701,55,Bachelor,20 Hay Al Houda,Meknes,50010.0,N,4,Y,Mortgage
5549,A00005873,Hamza Moufkir ,SH826653,30,MD,15 Lotissement Al Houda,Laayoune,70000.0,N,2,Y,Own
5550,A00000199,Kaoutar Skalli,JA118515,62,Bachelor,39 Lotissement Salam,Guelmim,81000.0,Y,6,Y,Rent
5551,A00000698,Omar Mansour,X935541,56,Bachelor,29 Boulevard Centrale,Midar,,Y,6,N,Own
5552,A00007003,Ahmed Lahlou,X895012,60,PhD,10 Residence Hlioua,Ras El Ma,,Y,4,Y,Own
5553,A00006868,Kaoutar Radi,N740129,56,Bachelor,22 Rue Al Massira,Essaouira,44000.0,Y,4,Y,Mortgage
5554,A00008517,Aya Salhi,DN551746,43,Bachelor,8 Boulevard Zerktouni,Meknes,50010.0,Y,3,Y,Own
5555,A00005737,Mohammed Amine Tazi,BJ187429,50,High School,42 Boulevard Salam,Casablanca,20220.0,Y,5,Y,Mortgage
5556,A00006154,Youssef El Idrissi,EE378896,57,High School,11 Lotissement Centrale,Marrakech,40000.0,N,2,Y,Rent
5557,A00003780,Zineb Tahiri,N297113,40,MD,35 Avenue Bernoussi,Essaouira,44000.0,Y,2,Y,Rent
5558,A00003290,Malak Jamal,AB190026,41,PhD,26 Lotissement Salam,Sale,11000.0,Y,6,Y,Rent
5559,A00000550,Hassan Tazi,DN945067,53,MD,2 Residence Al Qods,Meknes,50010.0,N,4,Y,Rent
5560,A00000502,Aya Bennani,EE937224,60,High School,30 Rue Hassan II,Marrakech,40000.0,N,7,Y,Rent
5561,A00009941,Omar Salhi,EE632912,55,Bachelor,28 Avenue Al Houda,Marrakech,40000.0,N,7,Y,Mortgage
5562,A00005339,Jamila Mansour,X593007,47,Bachelor,31 Rue Hlioua,Mellab,,N,4,Y,Rent
5563,A00002484,Adam Banoune,EE355815,26,Bachelor,40 Avenue Hassan II,Marrakech,40000.0,Y,4,N,Own
5564,A00007486,Hassan Mansar,CC262615,50,Bachelor,6 Avenue Salam,Fes,30000.0,Y,6,Y,Mortgage
5565,A00004838,Amine Dadi,M580452,38,Bachelor,7 Lotissement Al Houda,El Jadida,24010.0,Y,3,Y,Rent
5566,A00008018,Jamila Oufkir,GK141796,52,Bachelor,18 Avenue Centrale,Sidi Kacem,16000.0,Y,2,Y,Own
5567,A00004384,Jamila Fadili,DN461379,64,Masters,8 Boulevard Zerktouni,Meknes,50010.0,Y,6,N,Rent
5568,A00006172,Malak Fadili,N374310,32,Bachelor,34 Boulevard Al Houda,Essaouira,44000.0,Y,5,Y,Mortgage
5569,A00006690,Amine El Idrissi,X533706,62,Bachelor,45 Residence Hassan II,Nouaceur,,Y,5,Y,Own
5570,A00005904,Rania Dadi,X744675,57,College,6 Avenue Mohammed V,Khenifra,,Y,3,Y,Rent
5571,A00006833,Youssef Benali,X847618,58,High School,47 Lotissement Hassan II,Massa,,N,5,Y,Own
5572,A00005660,Aya Skalli,L583511,57,High School,42 Lotissement El Fadl,Tetouan,93000.0,N,6,Y,Mortgage
5573,A00006995,Adam Bennani,EA257518,40,,45 Hay Hlioua,Ben Guerir,43150.0,Y,2,Y,Mortgage
5574,A00006519,Yahya Mansour,BJ891853,36,Bachelor,42 Rue Al Qods,Casablanca,20220.0,Y,4,Y,Mortgage
5575,A00001183,Omar Barghoud,KB758480,62,High School,2 Residence Centrale,Tanger,90053.0,Y,7,Y,Mortgage
5576,A00006039,Kaoutar Alaoui,AG956480,50,High School,33 Hay Salam,Rabat,11025.0,Y,2,Y,Rent
5577,A00008532,Mohamed Lahlou,AG473316,42,Bachelor,31 Residence Al Houda,Rabat,11025.0,Y,2,Y,Mortgage
5578,A00007863,Malak Kibala,AG665453,44,Bachelor,46 Hay El Fadl,Rabat,11025.0,Y,2,Y,Rent
5579,A00007055,Salma Salhi,X700867,48,Bachelor,31 Residence Mohammed V,Smara,,Y,2,Y,Own
5580,A00000531,Hajar Bachri,T958671,27,College,21 Hay Zerktouni,Mohammedia,28810.0,Y,5,Y,Mortgage
5581,A00004655,Omar Tazi,EE540767,39,MD,39 Lotissement Hassan II,Marrakech,40000.0,Y,2,Y,Mortgage
5582,A00006289,Omar Alaoui,SH594468,27,High School,16 Lotissement Al Houda,Laayoune,70000.0,Y,3,Y,Rent
5583,A00008313,Zineb Dadi,DN477484,54,PhD,2 Boulevard Zerktouni,Meknes,50010.0,N,5,Y,Mortgage
5584,A00000780,Othmane Skalli,SA984572,62,Masters,4 Rue Bernoussi,Nador,62000.0,Y,5,Y,Own
5585,A00001931,Noha El Fassi,JA763038,58,,15 Residence Centrale,Guelmim,81000.0,Y,2,Y,Rent
5586,A00008385,Hiba Mansar,JK563841,43,High School,46 Residence Al Qods,Agadir,80000.0,Y,5,N,Mortgage
5587,A00001235,Kawtar Moufkir ,AG524029,59,Bachelor,22 Rue Al Houda,Rabat,11025.0,Y,5,Y,Own
5588,A00007175,Ahmed Dadi,EE777845,37,PhD,13 Boulevard El Fadl,Marrakech,40000.0,N,4,Y,Own
5589,A00003999,Hamza Berrada,X562295,26,Bachelor,49 Residence Hassan II,El Marsa,,N,5,Y,Own
5590,A00004731,Khaoula Skalli,EA259116,38,PhD,45 Hay Hlioua,Ben Guerir,43150.0,Y,7,Y,Own
5591,A00006739,Omar Fakhir,KB246778,36,Masters,29 Rue Mohammed V,Tanger,90053.0,Y,5,Y,Own
5592,A00005388,Hamza Bate,N949630,28,Bachelor,8 Residence Hlioua,Essaouira,44000.0,Y,5,Y,Mortgage
5593,A00008539,Kawtar Berrada,N381378,30,Masters,23 Lotissement Bernoussi,Essaouira,44000.0,Y,2,N,Own
5594,A00003735,Zineb Salhi,X936881,27,Bachelor,9 Hay Hassan II,Ayt Youssef Ou Ali,,Y,3,Y,Own
5595,A00006763,Kaoutar Farissi,BJ397026,57,Bachelor,12 Rue Salam,Casablanca,20220.0,Y,6,Y,Rent
5596,A00005412,Othmane Banoune,JK495789,64,Bachelor,45 Boulevard Al Qods,Agadir,80000.0,Y,4,Y,Mortgage
5597,A00003576,Rania Moufkir ,X636128,52,Masters,41 Hay Al Massira,Inezgane,,Y,4,Y,Mortgage
5598,A00009271,Malak Farissi,CC936742,28,High School,39 Residence El Fadl,Fes,30000.0,Y,4,Y,Own
5599,A00007786,Kaoutar Moufkir ,AB345184,28,College,8 Boulevard Bernoussi,Sale,11000.0,Y,6,Y,Rent
5600,A00009095,Salma Dadi,X837777,35,Bachelor,28 Rue Salam,MideltDakhla,,N,6,Y,Mortgage
5601,A00005793,Kawtar El Fassi,AB729664,57,Bachelor,46 Avenue Al Massira,Sale,11000.0,Y,2,N,Own
5602,A00001803,Zineb Amine,X192497,38,High School,42 Boulevard El Fadl,Ouezzane,,Y,6,Y,Own
5603,A00000931,Khadija Benchikh,CC309861,40,Bachelor,35 Residence Hassan II,Fes,30000.0,Y,7,Y,Mortgage
5604,A00009059,Aziza Amrani,BJ920540,29,High School,13 Residence Hlioua,Casablanca,20220.0,Y,4,Y,Mortgage
5605,A00002399,Taha Barghoud,JK750937,45,Masters,5 Avenue El Fadl,Agadir,80000.0,N,6,Y,Rent
5606,A00000552,Mohamed Lahlou,X286502,57,PhD,42 Residence Hassan II,Ain Bni Mathar,,Y,6,N,Mortgage
5607,A00007324,Aziza Mansour,X209789,35,Bachelor,37 Residence Al Massira,Imouzzer,,Y,7,Y,Own
5608,A00008760,Zineb Metouali,G950240,50,Bachelor,44 Rue Al Qods,Kenitra,14110.0,Y,3,N,Own
5609,A00004529,Jamila Berrada,BJ677993,33,,37 Hay Hassan II,Casablanca,20220.0,Y,5,N,Rent
5610,A00006473,Fatima Amine,X583913,30,Bachelor,34 Lotissement Al Massira,Beni Ensar,,N,7,Y,Own
5611,A00001814,Mohamed El Yousfi,X182966,30,High School,44 Hay Salam,Lalla Mimouna,,Y,5,Y,Own
5612,A00004172,Zineb Barghoud,EE860207,36,College,2 Residence Mohammed V,Marrakech,40000.0,Y,4,Y,Mortgage
5613,A00005993,Rania Ouazzani,CC776001,28,Bachelor,14 Lotissement El Fadl,Fes,30000.0,N,5,Y,Rent
5614,A00003653,Youssef Mansour,BJ530511,37,High School,34 Residence Al Qods,Casablanca,20220.0,N,2,Y,Own
5615,A00008642,Kaoutar El Idrissi,N538870,60,Bachelor,9 Boulevard Al Massira,Essaouira,44000.0,Y,4,Y,Mortgage
5616,A00006632,Hassan Fakhir,G449235,31,Bachelor,4 Avenue Al Houda,Kenitra,14110.0,Y,3,Y,Rent
5617,A00007980,Youssef El Idrissi,X448631,54,High School,49 Residence El Fadl,Khemisset,,N,5,Y,Mortgage
5618,A00007334,Ahmed Fadili,X712877,40,MD,37 Residence El Fadl,Oualidia,,Y,2,Y,Mortgage
5619,A00003610,Malak Barghoud,WA896591,38,High School,37 Avenue El Fadl,Berrechid,26100.0,N,6,Y,Mortgage
5620,A00005654,Khadija Barghoud,F857616,45,High School,26 Rue Al Houda,Oujda,60010.0,Y,6,Y,Own
5621,A00002209,Youssef Eddoughmi,AG263014,25,High School,1 Avenue Salam,Rabat,11025.0,Y,7,Y,Own
5622,A00004336,Salma Skalli,CC881608,44,College,29 Avenue El Fadl,Fes,30000.0,Y,2,Y,Own
5623,A00003191,Youssef Mansar,DN187334,51,High School,1 Hay Al Qods,Meknes,50010.0,Y,7,Y,Own
5624,A00009888,Rachida Benali,KB844152,37,Bachelor,29 Boulevard Al Qods,Tanger,90053.0,Y,2,Y,Mortgage
5625,A00008323,Aya El Yousfi,X270486,55,College,33 Hay Al Qods,Zag,,Y,4,Y,Own
5626,A00009960,Mohammed Amine El Idrissi,W345578,31,Masters,28 Boulevard Centrale,Settat,26000.0,Y,4,Y,Rent
5627,A00001816,Hiba Jamal,EE559103,37,Bachelor,27 Rue Al Qods,Marrakech,40000.0,Y,3,Y,Own
5628,A00002361,Taha Barghoud,L985215,61,High School,12 Residence Al Qods,Tetouan,93000.0,N,5,Y,Rent
5629,A00008837,Meryem Eddoughmi,X644920,54,Bachelor,47 Rue Al Houda,Aourir,,Y,3,Y,Mortgage
5630,A00002267,Fatima Farissi,M243498,29,College,34 Hay Al Qods,El Jadida,24010.0,Y,7,Y,Mortgage
5631,A00000370,Omar Farissi,CC409855,32,Bachelor,33 Boulevard Hlioua,Fes,30000.0,Y,3,Y,Own
5632,A00009847,Amine El Idrissi,KB666522,29,High School,44 Boulevard Al Massira,Tanger,90053.0,Y,4,Y,Rent
5633,A00002283,Jamila Eddoughmi,G955665,36,Bachelor,28 Rue Hassan II,Kenitra,14110.0,Y,7,Y,Own
5634,A00000321,Khadija Barghoud,X367291,38,College,15 Boulevard Bernoussi,Skhirat,,Y,6,Y,Own
5635,A00000425,Hassan Amine,EE739786,27,Bachelor,12 Lotissement Zerktouni,Marrakech,40000.0,Y,2,Y,Rent
5636,A00005313,Youssef Benali,BJ988537,34,High School,26 Lotissement Hlioua,Casablanca,20220.0,Y,6,Y,Own
5637,A00002481,Youssef Metouali,X778272,55,Bachelor,35 Hay Bernoussi,Sidi Redouane,,Y,2,Y,Mortgage
5638,A00003357,Hiba Bennani,X229242,48,Masters,43 Boulevard Mohammed V,Jerada,,Y,7,Y,Rent
5639,A00004863,Hamza Lahlou,R714100,44,Masters,2 Hay El Fadl,El Hoceima,32000.0,Y,6,Y,Own
5640,A00006420,Jamila Jamal,X532206,29,Bachelor,35 Lotissement El Fadl,Ouezzane,,Y,5,N,Mortgage
5641,A00007707,Hamza Moufkir ,X215056,48,High School,39 Hay El Fadl,Zagora,,Y,2,Y,Rent
5642,A00003187,Ahmed Tahiri,JK975251,33,Bachelor,32 Residence Mohammed V,Agadir,80000.0,Y,4,Y,Own
5643,A00004397,Kawtar Lahlou,F250044,44,College,15 Avenue Zerktouni,Oujda,60010.0,Y,2,Y,Own
5644,A00001114,Meryem Radi,X447271,42,Bachelor,39 Rue Hassan II,Benslimane,,Y,5,Y,Own
5645,A00008189,Kaoutar Tazi,Z106345,49,,7 Boulevard El Fadl,Taza,35000.0,Y,4,Y,Rent
5646,A00007790,Othmane Eddoughmi,DN607491,53,Masters,49 Rue Hlioua,Meknes,50010.0,Y,6,Y,Mortgage
5647,A00003862,Malak Ouazzani,BJ405825,49,College,23 Boulevard Mohammed V,Casablanca,20220.0,N,4,Y,Mortgage
5648,A00001288,Omar Lahlou,X125041,33,High School,1 Residence Bernoussi,Icht,,Y,3,Y,Mortgage
5649,A00004310,Youssef Mansour,BJ535456,37,Bachelor,9 Hay Al Qods,Casablanca,20220.0,Y,3,Y,Own
5650,A00000217,Salma Tahiri,P184765,44,MD,24 Hay Al Qods,Ouarzazate,45000.0,Y,6,Y,Rent
5651,A00003848,Rania Radi,CC465015,60,Bachelor,29 Hay Al Houda,Fes,30000.0,Y,3,Y,Rent
5652,A00007390,Rania Tahiri,R895912,42,Bachelor,22 Avenue Zerktouni,El Hoceima,32000.0,N,7,Y,Rent
5653,A00004409,Aya Bate,F951290,57,Bachelor,33 Boulevard Zerktouni,Oujda,60010.0,Y,6,Y,Rent
5654,A00007457,Fatima Jamal,X623908,52,Bachelor,14 Residence Salam,Nouaceur,,N,4,Y,Mortgage
5655,A00007010,Jamila Amrani,X833219,53,Bachelor,20 Hay Al Houda,Aguelmous,,Y,6,Y,Own
5656,A00001263,Khaoula Amrani,AG299051,39,High School,20 Hay Bernoussi,Rabat,11025.0,Y,7,Y,Rent
5657,A00006223,Yahya Ouazzani,X297256,63,Bachelor,25 Rue Al Houda,Sidi Mohamed Lahmar,,Y,7,Y,Rent
5658,A00004221,Aya Barghoud,G289054,48,PhD,21 Rue Al Qods,Kenitra,14110.0,Y,6,Y,Own
5659,A00005056,Aya Banoune,P338685,55,Bachelor,32 Rue Hlioua,Ouarzazate,45000.0,N,6,Y,Mortgage
5660,A00005307,Khaoula Oufkir,X686284,61,High School,37 Residence Al Massira,Imouzzer,,Y,3,Y,Mortgage
5661,A00003530,Hassan Salhi,X365986,51,High School,9 Rue Centrale,Ras El Ma,,N,3,Y,Rent
5662,A00004063,Khaoula Bennani,KB514313,53,High School,43 Avenue El Fadl,Tanger,90053.0,Y,5,Y,Rent
5663,A00005196,Aziza Eddoughmi,AG800474,42,Bachelor,46 Hay El Fadl,Rabat,11025.0,Y,4,Y,Rent
5664,A00008060,Youssef Farissi,HH864602,58,College,38 Avenue Al Houda,Safi,46000.0,N,3,Y,Mortgage
5665,A00009877,Youssef Kibala,X457107,53,Bachelor,27 Boulevard Al Qods,Dar El Kebdani,,Y,7,Y,Rent
5666,A00003734,Rania Tazi,EA922774,47,Bachelor,18 Residence Al Houda,Ben Guerir,43150.0,Y,5,Y,Own
5667,A00005763,Hiba El Yousfi,G365364,60,Masters,14 Residence El Fadl,Kenitra,14110.0,N,6,Y,Rent
5668,A00008765,Ahmed Mansour,JK667699,38,High School,45 Boulevard Centrale,Agadir,80000.0,Y,3,Y,Rent
5669,A00001384,Othmane Dadi,AB355453,38,College,39 Lotissement Mohammed V,Sale,11000.0,N,6,Y,Mortgage
5670,A00009957,Othmane Eddoughmi,HH444651,62,High School,49 Lotissement Salam,Safi,46000.0,Y,4,Y,Rent
5671,A00002935,Hiba Bennani,BJ501726,53,College,17 Rue Centrale,Casablanca,20220.0,Y,7,Y,Rent
5672,A00004958,Youssef Eddoughmi,X553780,58,High School,38 Residence Centrale,Tamraght,,Y,6,Y,Own
5673,A00008598,Ahmed Oufkir,G316382,58,Bachelor,34 Avenue Bernoussi,Kenitra,14110.0,Y,3,Y,Mortgage
5674,A00003200,Ahmed Berrada,AB426978,48,Bachelor,47 Rue Zerktouni,Sale,11000.0,Y,6,Y,Mortgage
5675,A00000143,Hiba Fakhir,DN106714,41,Bachelor,39 Hay El Fadl,Meknes,50010.0,Y,4,Y,Mortgage
5676,A00000309,Fatima Mansour,X427515,42,Bachelor,9 Avenue Mohammed V,Gueznaia,,Y,6,Y,Mortgage
5677,A00009212,Hajar Eddoughmi,R831544,43,Bachelor,36 Hay Centrale,El Hoceima,32000.0,Y,6,Y,Mortgage
5678,A00000144,Ahmed Jamal,CB729347,31,Bachelor,43 Boulevard Al Qods,Sefrou,31000.0,Y,5,Y,Own
5679,A00008915,Zineb Fadili,G632093,49,Bachelor,8 Boulevard Al Qods,Kenitra,14110.0,Y,3,Y,Mortgage
5680,A00006764,Rachida Alaoui,BJ264505,38,Masters,33 Residence Hassan II,Casablanca,20220.0,Y,5,Y,Mortgage
5681,A00000740,Aya El Yousfi,X179544,54,Bachelor,23 Lotissement Mohammed V,Taounate,,N,3,Y,Mortgage
5682,A00004519,Omar Eddoughmi,CC330547,38,High School,34 Hay Al Houda,Fes,30000.0,N,2,Y,Own
5683,A00003408,Taha Farissi,KB678771,57,Bachelor,16 Residence Hassan II,Tanger,90053.0,N,6,Y,Mortgage
5684,A00003286,Amine Barghoud,T468162,40,Bachelor,21 Hay Zerktouni,Mohammedia,28810.0,N,7,Y,Rent
5685,A00006573,Omar Moufkir ,KB222191,31,Masters,39 Rue Al Houda,Tanger,90053.0,Y,7,Y,Mortgage
5686,A00009679,Khadija Eddoughmi,EE799164,54,Bachelor,30 Lotissement Hassan II,Marrakech,40000.0,Y,4,Y,Mortgage
5687,A00006749,Salma Fakhir,CC163307,51,College,26 Hay Hlioua,Fes,30000.0,Y,6,Y,Own
5688,A00005166,Fatima Oufkir,X669040,36,Masters,35 Residence Al Massira,Ouezzane,,N,5,Y,Mortgage
5689,A00001921,Mohamed Moufkir ,X685193,63,MD,44 Avenue Centrale,Zoumi,,N,6,Y,Mortgage
5690,A00006124,Khaoula Bate,JA590010,57,Bachelor,15 Residence Centrale,Guelmim,81000.0,Y,6,N,Rent
5691,A00001276,Salma Benchikh,BJ901478,58,Bachelor,9 Hay Al Qods,Casablanca,20220.0,Y,6,Y,Mortgage
5692,A00000701,Hamza Mansar,L478112,49,High School,42 Lotissement El Fadl,Tetouan,93000.0,N,3,Y,Own
5693,A00007228,Hassan Mansour,X312998,30,College,34 Lotissement Al Massira,Beni Ensar,,Y,4,Y,Own
5694,A00009310,Meryem Benchikh,ZG409780,60,High School,25 Boulevard Hassan II,Guercif,37000.0,Y,4,Y,Rent
5695,A00002290,Fatima Bennani,AB944625,61,MD,4 Boulevard Zerktouni,Sale,11000.0,Y,7,Y,Mortgage
5696,A00006431,Youssef Farissi,JK613000,46,High School,42 Rue Mohammed V,Agadir,80000.0,N,5,Y,Own
5697,A00001435,Noha El Yousfi,X746674,40,Masters,20 Hay Al Massira,Skoura,,Y,3,Y,Mortgage
5698,A00005244,Aziza Bate,X692663,46,Bachelor,18 Boulevard Al Qods,Ait Ourir,,Y,6,Y,Rent
5699,A00000497,Yahya Farissi,BJ469145,53,Bachelor,4 Boulevard Mohammed V,Casablanca,20220.0,N,2,Y,Own
5700,A00005011,Meryem Fadili,N565507,57,Bachelor,30 Lotissement Al Houda,Essaouira,44000.0,N,2,Y,Rent
5701,A00006792,Youssef Benali,EE911680,27,Bachelor,19 Lotissement El Fadl,Marrakech,40000.0,N,6,Y,Own
5702,A00004541,Salma Salhi,X926701,39,High School,7 Boulevard Hassan II,Karia Ba Mohamed,,Y,5,Y,Own
5703,A00009577,Taha Amine,HH528014,40,PhD,22 Rue Mohammed V,Safi,46000.0,Y,6,Y,Rent
5704,A00004540,Rania Alaoui,JK498885,28,Masters,30 Rue Hlioua,Agadir,80000.0,Y,3,N,Mortgage
5705,A00001947,Mohammed Amine Banoune,CC235064,32,Bachelor,48 Residence Hassan II,Fes,30000.0,Y,4,Y,Rent
5706,A00005576,Youssef Alaoui,X582558,43,High School,21 Residence Al Massira,Goulmima,,Y,5,Y,Rent
5707,A00004352,Noha Mansar,F939094,26,PhD,20 Residence Al Qods,Oujda,60010.0,Y,4,Y,Mortgage
5708,A00005829,Aya Tahiri,AB965603,59,Bachelor,20 Lotissement Al Qods,Sale,11000.0,Y,7,Y,Own
5709,A00003493,Malak Tazi,X613926,64,High School,42 Lotissement Salam,Oued Laou,,Y,2,Y,Rent
5710,A00000902,Hiba Tazi,R701429,41,High School,36 Avenue Al Qods,El Hoceima,32000.0,N,5,Y,Own
5711,A00006769,Fatima Ezzahra  Banoune,EE765853,46,High School,13 Lotissement Centrale,Marrakech,40000.0,Y,2,Y,Rent
5712,A00000382,Hassan Alaoui,X759686,53,High School,19 Lotissement Bernoussi,Erfoud,,Y,3,Y,Mortgage
5713,A00002443,Fatima Ezzahra  Skalli,N326512,46,,11 Hay Mohammed V,Essaouira,44000.0,Y,3,Y,Own
5714,A00004016,Jamila Benchikh,X913547,40,,14 Residence Mohammed V,Zag,,N,3,Y,Rent
5715,A00003222,Omar Tazi,F806289,49,Bachelor,30 Residence Centrale,Oujda,60010.0,Y,6,Y,Own
5716,A00009273,Hiba Jamal,BJ369718,49,Masters,17 Boulevard Hassan II,Casablanca,20220.0,Y,3,Y,Rent
5717,A00005003,Amine Tazi,AB842262,42,Bachelor,29 Lotissement Hlioua,Sale,11000.0,Y,4,Y,Own
5718,A00006555,Rachida Amine,CC874572,35,High School,20 Boulevard Bernoussi,Fes,30000.0,Y,7,Y,Mortgage
5719,A00002207,Fatima Dadi,JK366047,57,Bachelor,39 Hay Centrale,Agadir,80000.0,N,7,Y,Rent
5720,A00004959,Fatima Moufkir ,X920539,32,High School,31 Lotissement Al Massira,Afso,,N,7,N,Own
5721,A00002330,Omar El Yousfi,KB623233,37,,33 Rue Centrale,Tanger,90053.0,Y,6,Y,Own
5722,A00003380,Kawtar Bachri,BJ369894,63,PhD,32 Residence Al Massira,Casablanca,20220.0,Y,5,Y,Rent
5723,A00007006,Omar Bachri,WA672530,57,College,36 Avenue Bernoussi,Berrechid,26100.0,Y,3,Y,Mortgage
5724,A00004994,Omar Barghoud,L363108,46,High School,13 Residence Centrale,Tetouan,93000.0,Y,6,Y,Own
5725,A00002453,Hamza Barghoud,L860492,55,,47 Lotissement El Fadl,Tetouan,93000.0,Y,4,Y,Own
5726,A00009641,Jamila Radi,G708551,50,High School,8 Rue Al Massira,Kenitra,14110.0,Y,2,Y,Mortgage
5727,A00000814,Mohammed Amine Bachri,X283649,44,High School,21 Avenue Al Qods,Zagora,,Y,3,Y,Mortgage
5728,A00001904,Othmane Dadi,F766083,28,Bachelor,44 Avenue Al Houda,Oujda,60010.0,Y,2,Y,Own
5729,A00008768,Khadija Fakhir,L726406,53,Masters,4 Lotissement El Fadl,Tetouan,93000.0,Y,6,Y,Own
5730,A00009913,Yahya Kibala,X796427,41,Bachelor,11 Avenue Al Massira,Readsboro,,Y,3,Y,Own
5731,A00002577,Fatima Ezzahra  El Fassi,DN971599,29,PhD,20 Avenue Al Houda,Meknes,50010.0,Y,2,Y,Mortgage
5732,A00002830,Malak Farissi,P759353,47,MD,24 Hay Al Qods,Ouarzazate,45000.0,N,3,Y,Own
5733,A00008611,Fatima Metouali,BJ762571,63,College,40 Avenue Hassan II,Casablanca,20220.0,Y,7,Y,Own
5734,A00002995,Salma Berrada,EE278845,28,Masters,2 Boulevard Bernoussi,Marrakech,40000.0,Y,7,Y,Mortgage
5735,A00003537,Youssef Dadi,JC880245,58,Bachelor,13 Boulevard Al Qods,Taaroudant,83000.0,N,4,Y,Rent
5736,A00007603,Jamila Alaoui,JK286470,50,Bachelor,31 Hay Al Massira,Agadir,80000.0,Y,6,Y,Rent
5737,A00002208,Mohamed Amine,VA170909,63,Bachelor,30 Avenue Bernoussi,Midelt,54350.0,Y,7,Y,Mortgage
5738,A00006092,Khadija Amine,X408764,31,High School,1 Avenue Hassan II,Tahla,,Y,3,Y,Mortgage
5739,A00000407,Hajar Benchikh,I876597,48,Bachelor,4 Rue Mohammed V,Beni Mellal,23000.0,Y,5,Y,Mortgage
5740,A00003465,Mohammed Amine Fakhir,KB629478,54,Bachelor,16 Rue Al Qods,Tanger,90053.0,Y,6,Y,Own
5741,A00003688,Salma Bachri,EE753506,27,Masters,1 Rue Bernoussi,Marrakech,40000.0,Y,6,Y,Own
5742,A00007963,Hamza Farissi,X344211,26,PhD,28 Rue Salam,MideltDakhla,,N,5,Y,Mortgage
5743,A00004228,Fatima Alaoui,BJ489209,49,High School,45 Lotissement Al Houda,Casablanca,20220.0,Y,2,Y,Mortgage
5744,A00009819,Taha Moufkir ,AB665461,29,Bachelor,21 Rue Bernoussi,Sale,11000.0,Y,7,Y,Own
5745,A00008866,Youssef Benali,HH666833,48,Masters,6 Avenue Al Houda,Safi,46000.0,Y,3,Y,Mortgage
5746,A00004167,Hajar Amrani,AG451482,58,,2 Rue Al Massira,Rabat,11025.0,N,4,N,Mortgage
5747,A00002060,Malak Jamal,KB328419,47,Bachelor,23 Residence Al Massira,Tanger,90053.0,N,3,N,Rent
5748,A00006793,Aziza Moufkir ,BJ492401,50,Bachelor,41 Avenue El Fadl,Casablanca,20220.0,Y,3,Y,Mortgage
5749,A00007158,Omar El Yousfi,N205333,39,Masters,20 Hay Al Houda,Essaouira,44000.0,Y,7,Y,Own
5750,A00009237,Noha Tahiri,R299009,50,High School,22 Hay Zerktouni,El Hoceima,32000.0,Y,2,Y,Rent
5751,A00007171,Hassan Skalli,L690758,50,MD,31 Hay Bernoussi,Tetouan,93000.0,Y,4,Y,Mortgage
5752,A00008371,Hiba Fadili,DN398004,62,High School,39 Hay Hlioua,Meknes,50010.0,Y,5,Y,Mortgage
5753,A00008494,Fatima Fadili,BJ315203,37,Bachelor,8 Avenue Al Qods,Casablanca,20220.0,Y,6,N,Mortgage
5754,A00007491,Taha Benali,CC834530,58,PhD,27 Hay Centrale,Fes,30000.0,N,4,Y,Rent
5755,A00006796,Rania Jamal,KB104698,26,High School,37 Boulevard Centrale,Tanger,90053.0,N,7,Y,Rent
5756,A00009376,Jamila Farissi,AG842825,27,Bachelor,28 Residence Hlioua,Rabat,11025.0,Y,5,Y,Rent
5757,A00000874,Yahya Radi,JA494804,47,High School,18 Residence Centrale,Guelmim,81000.0,Y,5,Y,Mortgage
5758,A00000032,Omar Eddoughmi,EE230422,37,High School,2 Boulevard Zerktouni,Marrakech,40000.0,Y,7,Y,Mortgage
5759,A00007894,Aya El Yousfi,X419237,47,High School,18 Avenue Al Houda,Ksar El Kebir,,N,3,Y,Mortgage
5760,A00006604,Youssef Dadi,L141559,64,High School,15 Hay Mohammed V,Tetouan,93000.0,Y,6,Y,Own
5761,A00007943,Othmane Bate,X835528,48,Bachelor,47 Avenue Al Qods,Assa,,Y,3,Y,Rent
5762,A00000923,Amine Fakhir,W543801,60,High School,43 Residence Al Massira,Settat,26000.0,Y,6,Y,Own
5763,A00006299,Kawtar Salhi,BJ656227,62,MD,41 Hay Al Houda,Casablanca,20220.0,N,5,Y,Rent
5764,A00006580,Youssef Moufkir ,X999520,47,PhD,24 Residence Centrale,Saadla,,Y,2,Y,Own
5765,A00000840,Mohammed Amine Moufkir ,BJ356559,45,High School,45 Residence Al Massira,Casablanca,20220.0,Y,3,Y,Mortgage
5766,A00005024,Adam El Yousfi,KB243435,37,Bachelor,47 Rue Bernoussi,Tanger,90053.0,Y,4,Y,Rent
5767,A00004860,Mohammed Amine Eddoughmi,X651906,34,Bachelor,16 Lotissement Bernoussi,Bni Hadifa,,Y,3,Y,Rent
5768,A00006900,Hamza Moufkir ,AG430388,43,High School,9 Boulevard Al Houda,Rabat,11025.0,Y,4,Y,Mortgage
5769,A00004817,Youssef Eddoughmi,AG597931,28,Bachelor,9 Lotissement Salam,Rabat,11025.0,Y,5,Y,Own
5770,A00007488,Mohamed Radi,N262537,52,Bachelor,40 Lotissement Mohammed V,Essaouira,44000.0,Y,2,Y,Mortgage
5771,A00006721,Aya Bate,JK675383,40,High School,7 Avenue Al Houda,Agadir,80000.0,Y,4,Y,Mortgage
5772,A00009701,Amine Benchikh,EE228309,62,Masters,16 Lotissement Hassan II,Marrakech,40000.0,Y,6,Y,Mortgage
5773,A00003590,Omar Tazi,FB674717,25,,22 Avenue El Fadl,Taourirt,65000.0,Y,4,Y,Mortgage
5774,A00003821,Amine Kibala,KB849571,32,High School,46 Hay Centrale,Tanger,90053.0,N,3,Y,Mortgage
5775,A00008485,Zineb Benali,DN218798,31,Bachelor,44 Boulevard Mohammed V,Meknes,50010.0,Y,2,Y,Mortgage
5776,A00005275,Hassan Dadi,AG511121,55,College,16 Rue Al Houda,Rabat,11025.0,Y,4,Y,Rent
5777,A00006361,Adam Tahiri,X195437,52,MD,10 Hay Zerktouni,Krouchen,,Y,7,Y,Rent
5778,A00004082,Yahya Mansar,DN818849,32,Bachelor,28 Residence Al Houda,Meknes,50010.0,Y,4,N,Own
5779,A00006671,Youssef Alaoui,AG605365,54,PhD,31 Lotissement Mohammed V,Rabat,11025.0,Y,2,Y,Rent
5780,A00008925,Malak Tahiri,AG819320,35,Bachelor,6 Rue Hassan II,Rabat,11025.0,Y,5,Y,Rent
5781,A00008637,Noha Barghoud,AG773891,42,,14 Lotissement Hassan II,Rabat,11025.0,Y,6,Y,Mortgage
5782,A00008308,Meryem Tazi,N770637,53,High School,39 Rue Al Qods,Essaouira,44000.0,N,3,Y,Mortgage
5783,A00004465,Youssef Fakhir,DN228717,31,College,29 Hay Zerktouni,Meknes,50010.0,Y,2,Y,Own
5784,A00005669,Malak El Idrissi,X452493,34,,25 Hay Hlioua,Khourubga,25000.0,Y,3,Y,Rent
5785,A00009076,Aziza Mansar,X406041,34,Masters,28 Rue Hlioua,Khourubga,25000.0,Y,2,Y,Mortgage
5786,A00009969,Hassan Bachri,X643048,31,High School,45 Boulevard Hlioua,Tinejdad,,N,7,Y,Rent
5787,A00002034,Othmane Metouali,X746157,30,Bachelor,38 Avenue Zerktouni,Gueznaia,,Y,5,N,Rent
5788,A00008543,Kawtar Banoune,AG473377,56,Bachelor,2 Residence Al Houda,Rabat,11025.0,N,4,Y,Mortgage
5789,A00007361,Hassan Radi,G458504,29,High School,30 Lotissement Al Houda,Kenitra,14110.0,Y,5,Y,Mortgage
5790,A00000699,Hiba Mansar,KB641685,38,College,36 Rue Centrale,Tanger,90053.0,Y,2,Y,Mortgage
5791,A00005657,Othmane Tazi,CC319333,56,High School,25 Hay Mohammed V,Fes,30000.0,Y,7,Y,Mortgage
5792,A00007964,Hiba Metouali,SA962453,35,MD,41 Residence Al Houda,Nador,62000.0,Y,2,Y,Mortgage
5793,A00003463,Khadija Alaoui,X634781,30,Bachelor,42 Avenue Al Houda,Ouezzane,,N,7,Y,Mortgage
5794,A00009673,Kaoutar Alaoui,AG920471,32,Bachelor,38 Residence Hlioua,Rabat,11025.0,Y,2,Y,Rent
5795,A00004366,Zineb Bachri,DN539659,44,High School,4 Hay Hassan II,Meknes,50010.0,Y,7,Y,Rent
5796,A00008045,Malak El Fassi,AB427579,33,High School,11 Rue Al Houda,Sale,11000.0,N,7,Y,Own
5797,A00007847,Aziza Skalli,SA747696,54,Bachelor,47 Lotissement Centrale,Nador,62000.0,Y,6,N,Rent
5798,A00006526,Malak El Yousfi,N254263,56,High School,41 Hay Hassan II,Essaouira,44000.0,N,5,Y,Rent
5799,A00002858,Khaoula Jamal,L573232,49,Bachelor,39 Rue Hlioua,Tetouan,93000.0,Y,3,Y,Mortgage
5800,A00004773,Aya Bate,DN406263,34,PhD,40 Avenue Al Qods,Meknes,50010.0,N,5,Y,Mortgage
5801,A00007546,Hiba Tahiri,AG928583,42,Bachelor,24 Hay Bernoussi,Rabat,11025.0,Y,5,Y,Rent
5802,A00008176,Amine Tazi,X131869,51,Bachelor,26 Residence Zerktouni,Sidi Allal El Bahraoui,,Y,6,Y,Mortgage
5803,A00005534,Rania El Fassi,CC844337,50,Bachelor,12 Residence Al Qods,Fes,30000.0,Y,2,Y,Mortgage
5804,A00001282,Fatima Ezzahra  Radi,KB887637,45,High School,23 Rue Al Massira,Tanger,90053.0,Y,7,Y,Mortgage
5805,A00008755,Malak Benchikh,X979279,34,Bachelor,7 Rue El Fadl,Imzouren,,Y,3,Y,Mortgage
5806,A00005253,Omar Ouazzani,DN822386,44,High School,46 Residence Salam,Meknes,50010.0,Y,6,Y,Rent
5807,A00005913,Ahmed Fadili,DN719745,45,Bachelor,28 Boulevard Al Houda,Meknes,50010.0,Y,5,Y,Mortgage
5808,A00001453,Meryem El Yousfi,JK527297,38,Bachelor,42 Rue Mohammed V,Agadir,80000.0,Y,4,Y,Rent
5809,A00007575,Adam Bennani,CC147395,57,,37 Hay El Fadl,Fes,30000.0,Y,4,N,Own
5810,A00008945,Taha Dadi,G238404,43,Bachelor,2 Hay Mohammed V,Kenitra,14110.0,Y,7,Y,Rent
5811,A00003621,Adam El Idrissi,BJ864532,58,Bachelor,41 Avenue El Fadl,Casablanca,20220.0,N,2,Y,Rent
5812,A00002846,Kaoutar Bate,QA249149,57,Bachelor,22 Avenue Salam,Oued Zem,25200.0,Y,4,Y,Mortgage
5813,A00000573,Salma El Yousfi,KB501078,35,Masters,2 Hay Zerktouni,Tanger,90053.0,Y,6,Y,Rent
5814,A00005996,Youssef El Idrissi,FB133436,37,MD,22 Avenue El Fadl,Taourirt,65000.0,Y,5,N,Own
5815,A00000562,Fatima Mansour,F615075,32,Bachelor,45 Residence Salam,Oujda,60010.0,Y,6,Y,Rent
5816,A00002395,Amine Benchikh,X861511,32,,29 Boulevard Mohammed V,Sidi Yahya El Gharb,,Y,5,Y,Rent
5817,A00003539,Rachida Metouali,JK140811,45,College,39 Hay Mohammed V,Agadir,80000.0,Y,2,Y,Rent
5818,A00006585,Mohammed Amine Amrani,X277714,57,Bachelor,25 Hay Bernoussi,Anougal,,N,4,Y,Mortgage
5819,A00007249,Rachida Benchikh,X967711,64,Bachelor,3 Residence Bernoussi,Sidi Bennour,,Y,6,Y,Mortgage
5820,A00005828,Youssef Dadi,JA176887,38,Bachelor,5 Rue Al Houda,Guelmim,81000.0,Y,5,Y,Rent
5821,A00009317,Jamila El Idrissi,X434430,32,Masters,7 Boulevard Al Houda,Iksane,,Y,5,Y,Mortgage
5822,A00001562,Amine Fadili,BJ741060,54,Bachelor,38 Boulevard Mohammed V,Casablanca,20220.0,Y,4,Y,Rent
5823,A00007464,Jamila Berrada,L463578,43,College,44 Rue Al Houda,Tetouan,93000.0,Y,5,N,Rent
5824,A00009128,Kaoutar Banoune,X393716,60,Bachelor,42 Boulevard El Fadl,Ouezzane,,Y,4,N,Rent
5825,A00006129,Taha Jamal,KB724026,26,Bachelor,14 Lotissement Hassan II,Tanger,90053.0,N,6,Y,Rent
5826,A00001128,Aziza Oufkir,BJ247270,53,MD,26 Lotissement Hlioua,Casablanca,20220.0,Y,5,Y,Mortgage
5827,A00000974,Hajar El Idrissi,AG135604,54,Bachelor,34 Hay Al Houda,Rabat,11025.0,Y,3,Y,Own
5828,A00001149,Aya Tahiri,X827896,35,Bachelor,33 Lotissement Centrale,Assa,,Y,3,Y,Mortgage
5829,A00002137,Omar Metouali,AG556896,64,,43 Rue Hassan II,Rabat,11025.0,Y,3,Y,Own
5830,A00006752,Omar Benchikh,X294742,63,Bachelor,19 Lotissement Mohammed V,Ouahat Sidi Brahim,,Y,2,Y,Rent
5831,A00005634,Malak Farissi,F666092,41,Bachelor,4 Rue Al Houda,Oujda,60010.0,Y,6,Y,Mortgage
5832,A00000277,Omar Dadi,X599840,61,Bachelor,44 Residence Bernoussi,Jorf,,N,2,N,Own
5833,A00008183,Taha Radi,X555188,43,High School,37 Lotissement Mohammed V,Taounate,,N,6,Y,Rent
5834,A00005033,Noha Amrani,W434691,44,MD,31 Residence Al Qods,Settat,26000.0,Y,6,Y,Own
5835,A00003294,Yahya Metouali,CC217747,64,High School,6 Residence Al Qods,Fes,30000.0,Y,3,N,Mortgage
5836,A00000400,Rachida Farissi,X499609,60,Bachelor,12 Avenue Hlioua,Khemisset,,Y,3,Y,Mortgage
5837,A00004339,Ahmed Amine,CC579058,60,Bachelor,21 Residence Zerktouni,Fes,30000.0,N,4,Y,Mortgage
5838,A00005049,Kaoutar Benali,AB280193,40,PhD,44 Rue Bernoussi,Sale,11000.0,Y,6,Y,Rent
5839,A00006040,Khadija Bate,X576157,55,College,8 Avenue El Fadl,Zaio,,Y,3,Y,Own
5840,A00000671,Hassan Lahlou,X128521,51,High School,19 Boulevard Centrale,Arekmane,,N,4,Y,Mortgage
5841,A00005137,Amine Benchikh,BJ758611,39,Bachelor,7 Avenue Bernoussi,Casablanca,20220.0,N,2,Y,Rent
5842,A00008309,Omar Kibala,X717451,50,High School,4 Residence Salam,Bzou,,N,3,Y,Mortgage
5843,A00005696,Aziza Benchikh,L513773,33,High School,15 Hay Mohammed V,Tetouan,93000.0,Y,7,Y,Mortgage
5844,A00009832,Amine Oufkir,AG384678,39,Masters,4 Hay Hassan II,Rabat,11025.0,N,2,Y,Own
5845,A00003239,Hajar Mansar,N369061,46,,13 Lotissement Al Houda,Essaouira,44000.0,N,7,Y,Rent
5846,A00005736,Khaoula Moufkir ,DN524132,25,Bachelor,7 Hay Centrale,Meknes,50010.0,N,2,Y,Rent
5847,A00009083,Jamila Jamal,X210945,55,High School,39 Hay Bernoussi,,,Y,2,Y,Own
5848,A00000651,Taha Ouazzani,X116218,61,Bachelor,28 Rue Salam,MideltDakhla,,Y,4,Y,Rent
5849,A00009494,Hassan Bate,X378456,51,Bachelor,5 Residence Bernoussi,M'diq,,Y,3,Y,Own
5850,A00003433,Youssef Amrani,BJ940529,29,College,27 Avenue Al Houda,Casablanca,20220.0,N,4,Y,Mortgage
5851,A00006246,Youssef Jamal,X699192,45,,21 Residence Salam,Sebaa Aiyoun,,Y,5,Y,Rent
5852,A00006647,Khaoula Farissi,G849838,35,Masters,45 Boulevard Hassan II,Kenitra,14110.0,Y,7,Y,Mortgage
5853,A00003371,Yahya Benchikh,KB751004,35,Bachelor,48 Hay Centrale,Tanger,90053.0,N,3,N,Rent
5854,A00004421,Aya Eddoughmi,G403558,25,,44 Avenue Al Houda,Kenitra,14110.0,Y,4,N,Rent
5855,A00005685,Aziza Salhi,X965495,27,College,1 Lotissement Al Massira,M'diq,,Y,2,Y,Rent
5856,A00006817,Noha Kibala,AG432772,36,Bachelor,30 Rue Centrale,Rabat,11025.0,Y,4,Y,Own
5857,A00002890,Kaoutar Fadili,X317119,53,High School,42 Boulevard Mohammed V,Ouezzane,,Y,2,N,Own
5858,A00008993,Zineb Radi,DN954102,34,,1 Residence Bernoussi,Meknes,50010.0,Y,6,Y,Own
5859,A00005086,Jamila Skalli,BJ379182,26,Bachelor,26 Rue Hassan II,Casablanca,20220.0,Y,2,Y,Own
5860,A00007621,Omar Ouazzani,CB250505,39,Bachelor,32 Lotissement Al Houda,Sefrou,31000.0,N,5,N,Rent
5861,A00003923,Omar Benali,EE218571,40,Masters,30 Hay El Fadl,Marrakech,40000.0,Y,2,Y,Own
5862,A00002155,Rania Lahlou,DN296570,34,Masters,16 Boulevard Centrale,Meknes,50010.0,Y,4,N,Rent
5863,A00004511,Rania Benali,CC286073,28,,26 Boulevard Mohammed V,Fes,30000.0,Y,5,N,Own
5864,A00005902,Yahya Bachri,T444606,54,Bachelor,49 Residence Mohammed V,Mohammedia,28810.0,N,2,Y,Mortgage
5865,A00009684,Fatima Tazi,KB552272,62,Bachelor,44 Boulevard Al Massira,Tanger,90053.0,Y,3,Y,Rent
5866,A00003625,Omar Tahiri,AG387101,64,Bachelor,13 Boulevard Al Houda,Rabat,11025.0,Y,6,Y,Mortgage
5867,A00004484,Jamila Oufkir,AG177690,39,,10 Lotissement Mohammed V,Rabat,11025.0,N,7,Y,Own
5868,A00007947,Rania Farissi,CB821352,44,,31 Rue Al Qods,Sefrou,31000.0,Y,6,Y,Own
5869,A00001460,Youssef Lahlou,X690181,58,Bachelor,8 Avenue Zerktouni,Foum Zguid,,N,2,N,Mortgage
5870,A00001013,Malak Benchikh,X185656,27,Bachelor,45 Hay Al Qods,Ras El Ma,,N,6,Y,Own
5871,A00009161,Youssef Lahlou,X534592,32,Bachelor,1 Residence Bernoussi,Icht,,Y,4,N,Rent
5872,A00005306,Noha Bachri,X904424,50,MD,46 Residence El Fadl,,,Y,5,Y,Rent
5873,A00008130,Hiba Metouali,L483444,53,,36 Avenue Hlioua,Tetouan,93000.0,N,3,Y,Mortgage
5874,A00000054,Fatima Ezzahra  Mansour,X300515,35,Bachelor,29 Avenue Mohammed V,Ouezzane,,Y,6,Y,Rent
5875,A00003118,Rania Benali,M928419,32,Bachelor,3 Lotissement Al Massira,El Jadida,24010.0,Y,6,N,Rent
5876,A00008715,Taha El Fassi,L870015,48,Bachelor,36 Avenue Hlioua,Tetouan,93000.0,Y,6,Y,Mortgage
5877,A00001110,Hiba Ouazzani,G964856,35,,14 Residence El Fadl,Kenitra,14110.0,Y,2,Y,Rent
5878,A00003244,Amine Mansour,JK103885,38,Bachelor,27 Boulevard Centrale,Agadir,80000.0,Y,6,Y,Mortgage
5879,A00000736,Rania El Yousfi,DN405824,56,Bachelor,49 Lotissement Salam,Meknes,50010.0,Y,5,Y,Mortgage
5880,A00007030,Malak Alaoui,JK745557,44,Masters,28 Lotissement Hlioua,Agadir,80000.0,N,2,Y,Mortgage
5881,A00001507,Aya Ouazzani,F411448,54,High School,36 Avenue Zerktouni,Oujda,60010.0,Y,4,Y,Mortgage
5882,A00002821,Aziza Bate,JK382337,38,Bachelor,20 Hay Hassan II,Agadir,80000.0,Y,2,Y,Own
5883,A00001355,Omar Farissi,BJ337055,30,College,18 Lotissement Al Houda,Casablanca,20220.0,N,6,Y,Rent
5884,A00000605,Adam Fakhir,AB539841,42,Bachelor,8 Residence Al Massira,Sale,11000.0,Y,4,Y,Own
5885,A00008848,Kawtar El Yousfi,AB966273,26,Bachelor,9 Avenue Centrale,Sale,11000.0,Y,2,Y,Own
5886,A00005929,Kawtar Banoune,X228436,34,Bachelor,27 Hay Al Houda,Selouane,,Y,2,Y,Mortgage
5887,A00001030,Amine Salhi,JK888629,44,Bachelor,24 Boulevard Al Massira,Agadir,80000.0,N,7,Y,Mortgage
5888,A00008495,Mohammed Amine Benali,G102804,61,High School,26 Hay Centrale,Kenitra,14110.0,Y,5,Y,Mortgage
5889,A00009686,Meryem Bate,JK131413,35,High School,15 Hay Zerktouni,Agadir,80000.0,Y,5,N,Rent
5890,A00008756,Meryem Fakhir,BJ888576,63,Bachelor,35 Rue Centrale,Casablanca,20220.0,Y,7,Y,Own
5891,A00005497,Hajar Bate,VA365017,51,High School,17 Residence Salam,Midelt,54350.0,N,4,Y,Mortgage
5892,A00004435,Aziza Skalli,EE816638,53,Bachelor,43 Rue Zerktouni,Marrakech,40000.0,Y,2,N,Rent
5893,A00006334,Aziza Dadi,KB425966,53,Bachelor,30 Residence Al Houda,Tanger,90053.0,N,5,Y,Own
5894,A00007818,Youssef Jamal,X542426,57,Bachelor,14 Residence Centrale,Tamassint,,N,6,N,Rent
5895,A00002117,Fatima Alaoui,X461784,29,MD,32 Rue Al Houda,Oulad Tayeb,,Y,4,Y,Mortgage
5896,A00003996,Zineb Mansour,FB362462,44,Bachelor,22 Avenue El Fadl,Taourirt,65000.0,Y,4,N,Mortgage
5897,A00000635,Hamza Metouali,AB308764,42,Bachelor,19 Lotissement Mohammed V,Sale,11000.0,Y,4,Y,Mortgage
5898,A00005758,Khaoula Tazi,N291064,64,Bachelor,44 Rue Mohammed V,Essaouira,44000.0,Y,6,Y,Own
5899,A00009702,Youssef Banoune,X608169,47,Bachelor,43 Residence Bernoussi,El Marsa,,N,6,Y,Rent
5900,A00001246,Yahya Skalli,JA267464,25,Bachelor,15 Residence Centrale,Guelmim,81000.0,Y,5,Y,Mortgage
5901,A00002855,Omar Salhi,X787709,43,Masters,13 Rue Al Qods,Sebaa Aiyoun,,N,7,Y,Mortgage
5902,A00006870,Fatima Ezzahra  Metouali,DN341195,56,High School,45 Hay Al Qods,Meknes,50010.0,Y,3,Y,Own
5903,A00002145,Jamila Moufkir ,CC147732,31,Bachelor,11 Avenue Mohammed V,Fes,30000.0,Y,6,N,Mortgage
5904,A00007906,Fatima Ezzahra  Tahiri,BJ323207,62,,41 Residence Al Qods,Casablanca,20220.0,Y,2,Y,Mortgage
5905,A00008342,Yahya Barghoud,I661121,58,Bachelor,14 Rue El Fadl,Beni Mellal,23000.0,Y,6,Y,Mortgage
5906,A00002408,Salma Lahlou,X396451,41,Masters,39 Boulevard Al Houda,Tillouguite,,Y,7,Y,Own
5907,A00008892,Amine Moufkir ,X938222,51,Bachelor,40 Avenue Al Massira,Ras El Ma,,Y,7,N,Own
5908,A00009770,Taha Benchikh,JK327778,29,High School,20 Avenue El Fadl,Agadir,80000.0,Y,3,Y,Rent
5909,A00003277,Taha Bennani,AG319998,56,Bachelor,7 Residence Mohammed V,Rabat,11025.0,Y,7,Y,Rent
5910,A00008004,Omar Benali,AB933957,45,College,34 Rue Al Massira,Sale,11000.0,N,7,Y,Rent
5911,A00004256,Ahmed Metouali,DN719178,55,High School,34 Avenue Bernoussi,Meknes,50010.0,Y,7,Y,Mortgage
5912,A00005648,Meryem Kibala,AG406107,38,Bachelor,4 Residence Al Houda,Rabat,11025.0,N,2,N,Mortgage
5913,A00002871,Kaoutar Amine,KB897406,28,Masters,31 Lotissement Mohammed V,Tanger,90053.0,Y,6,Y,Mortgage
5914,A00006840,Meryem Fadili,KB460393,27,,42 Hay Al Qods,Tanger,90053.0,Y,4,Y,Rent
5915,A00007881,Khadija Fakhir,P271005,45,High School,25 Lotissement Bernoussi,Ouarzazate,45000.0,Y,5,N,Mortgage
5916,A00001851,Aziza Barghoud,L458842,30,Bachelor,41 Boulevard Bernoussi,Tetouan,93000.0,Y,7,Y,Own
5917,A00009378,Zineb Mansar,N789633,37,College,48 Rue Mohammed V,Essaouira,44000.0,Y,2,Y,Mortgage
5918,A00002347,Hamza Salhi,AG952975,39,Bachelor,6 Residence Al Qods,Rabat,11025.0,Y,5,Y,Own
5919,A00009614,Omar Tazi,EE973165,44,High School,14 Rue Al Massira,Marrakech,40000.0,Y,6,Y,Rent
5920,A00009833,Aya Berrada,AG910932,58,,37 Avenue Hlioua,Rabat,11025.0,N,7,Y,Mortgage
5921,A00004309,Amine Oufkir,BJ438936,64,PhD,23 Hay Al Qods,Casablanca,20220.0,Y,6,N,Rent
5922,A00006592,Aziza Metouali,KB670668,26,,28 Boulevard Al Massira,Tanger,90053.0,N,6,Y,Mortgage
5923,A00005363,Fatima El Idrissi,BJ603224,61,PhD,41 Residence Al Qods,Casablanca,20220.0,Y,6,Y,Mortgage
5924,A00006089,Meryem Berrada,F229667,62,College,22 Hay Zerktouni,Oujda,60010.0,Y,5,Y,Rent
5925,A00003855,Khadija Alaoui,CB737562,60,Bachelor,15 Boulevard Hassan II,Sefrou,31000.0,Y,6,Y,Mortgage
5926,A00003563,Ahmed Dadi,G581291,48,High School,7 Lotissement Al Qods,Kenitra,14110.0,Y,5,Y,Rent
5927,A00008681,Aziza Farissi,BJ242502,28,MD,38 Boulevard Mohammed V,Casablanca,20220.0,Y,3,Y,Rent
5928,A00002825,Youssef Alaoui,CC612035,50,Bachelor,47 Avenue El Fadl,Fes,30000.0,Y,5,Y,Own
5929,A00006971,Hiba Fakhir,T237167,47,High School,49 Residence Mohammed V,Mohammedia,28810.0,Y,5,Y,Mortgage
5930,A00009905,Kaoutar Fadili,AG918734,55,High School,24 Rue Hassan II,Rabat,11025.0,Y,5,Y,Mortgage
5931,A00002310,Khaoula Alaoui,JK779454,62,High School,29 Lotissement Zerktouni,Agadir,80000.0,Y,2,Y,Rent
5932,A00004460,Zineb Radi,X138711,59,College,8 Avenue Zerktouni,Oukaimeden,,Y,6,Y,Rent
5933,A00005291,Mohamed Jamal,X267858,42,Bachelor,46 Lotissement Hassan II,Asilah,,N,2,Y,Own
5934,A00004468,Rachida Bennani,X695642,52,Bachelor,40 Boulevard Zerktouni,Kehf Nsour,,Y,5,Y,Rent
5935,A00008262,Zineb Alaoui,KB653530,31,Bachelor,4 Lotissement Hlioua,Tanger,90053.0,Y,3,N,Rent
5936,A00006819,Rachida Bachri,JK986262,50,High School,40 Boulevard Bernoussi,Agadir,80000.0,Y,2,Y,Own
5937,A00008817,Ahmed Kibala,G990580,37,College,20 Boulevard Salam,Kenitra,14110.0,Y,5,N,Rent
5938,A00009074,Kawtar Benali,X209316,64,High School,21 Avenue Bernoussi,Oulad Hassoune,,Y,2,Y,Own
5939,A00001531,Adam Skalli,G774957,51,Masters,8 Rue Al Massira,Kenitra,14110.0,N,3,Y,Own
5940,A00003652,Salma Bachri,X167177,27,High School,2 Residence Centrale,Bni Oukil,,Y,4,Y,Rent
5941,A00005578,Aya Salhi,DN782939,41,College,37 Boulevard Hlioua,Meknes,50010.0,Y,3,Y,Mortgage
5942,A00008920,Jamila Farissi,X105595,57,Bachelor,44 Boulevard Salam,Icht,,N,4,Y,Own
5943,A00008660,Kawtar Amrani,DN666410,37,,12 Lotissement Al Qods,Meknes,50010.0,N,5,Y,Own
5944,A00009459,Taha Metouali,X249874,41,Bachelor,1 Lotissement Al Massira,M'diq,,N,6,Y,Own
5945,A00002510,Youssef Fakhir,KB671328,32,College,16 Rue Hlioua,Tanger,90053.0,Y,7,Y,Mortgage
5946,A00003136,Amine Moufkir ,AB881250,62,High School,45 Lotissement Hlioua,Sale,11000.0,Y,3,Y,Rent
5947,A00000770,Omar Moufkir ,X853214,48,Bachelor,41 Residence Hassan II,Sebaa Aiyoun,,Y,5,Y,Mortgage
5948,A00002867,Meryem Lahlou,X668289,59,High School,22 Lotissement Hassan II,Ksar El Majaz,,Y,5,Y,Rent
5949,A00007234,Taha Salhi,AB918759,53,Bachelor,35 Residence El Fadl,Sale,11000.0,Y,3,Y,Mortgage
5950,A00009933,Othmane Bennani,CC304665,30,High School,13 Rue Al Houda,Fes,30000.0,Y,7,Y,Rent
5951,A00006599,Jamila Lahlou,X294600,55,Bachelor,30 Lotissement Salam,Ourika,,Y,4,N,Rent
5952,A00006369,Amine Ouazzani,X386337,59,Masters,33 Lotissement El Fadl,Boujniba,,Y,5,Y,Own
5953,A00006226,Omar Mansour,X213078,49,High School,35 Hay Salam,Moulay Yacoub,,Y,3,N,Rent
5954,A00005048,Hassan Banoune,HH889522,25,PhD,6 Avenue Al Houda,Safi,46000.0,Y,4,Y,Mortgage
5955,A00007601,Omar Bate,BJ785496,32,Bachelor,37 Rue Hlioua,Casablanca,20220.0,N,4,Y,Mortgage
5956,A00007290,Youssef Alaoui,X100954,27,Masters,33 Hay Bernoussi,Ben Taieb,,Y,3,Y,Rent
5957,A00008526,Mohammed Amine Bate,X393834,25,High School,34 Residence Mohammed V,Ighoud,,Y,7,Y,Mortgage
5958,A00009216,Aziza Tahiri,G252844,45,,1 Avenue Centrale,Kenitra,14110.0,Y,4,N,Mortgage
5959,A00003874,Youssef Benchikh,JK698418,37,Bachelor,30 Lotissement Centrale,Agadir,80000.0,N,5,Y,Own
5960,A00001331,Amine Amrani,N524729,39,Bachelor,24 Rue Salam,Essaouira,44000.0,Y,7,Y,Mortgage
5961,A00004864,Hajar Bachri,X580101,31,Bachelor,8 Boulevard Bernoussi,Skhour Rehamna,,Y,3,Y,Mortgage
5962,A00009410,Kaoutar Tahiri,I384846,59,High School,24 Residence Mohammed V,Beni Mellal,23000.0,Y,4,Y,Own
5963,A00007581,Aziza Radi,AB493619,62,College,45 Lotissement Centrale,Sale,11000.0,Y,2,Y,Rent
5964,A00000099,Salma Bachri,W588680,55,Bachelor,21 Boulevard Al Houda,Settat,26000.0,Y,3,Y,Own
5965,A00009942,Hassan Salhi,L370215,64,High School,4 Boulevard El Fadl,Tetouan,93000.0,Y,4,Y,Own
5966,A00004099,Hamza Oufkir,DN292367,60,High School,40 Lotissement Hlioua,Meknes,50010.0,Y,2,Y,Mortgage
5967,A00004035,Amine Amine,DN692436,59,Masters,35 Residence Al Massira,Meknes,50010.0,N,5,Y,Mortgage
5968,A00002320,Taha Kibala,AB595676,44,High School,42 Rue Al Houda,Sale,11000.0,Y,2,Y,Rent
5969,A00005527,Kaoutar Berrada,JK824535,34,Masters,8 Avenue Bernoussi,Agadir,80000.0,Y,3,Y,Mortgage
5970,A00000181,Amine Amrani,X789165,42,Masters,7 Rue El Fadl,Imzouren,,Y,2,Y,Rent
5971,A00001091,Khaoula Ouazzani,WA419454,46,Bachelor,37 Avenue El Fadl,Berrechid,26100.0,Y,4,Y,Own
5972,A00008606,Khadija Eddoughmi,DN980140,62,High School,14 Hay Mohammed V,Meknes,50010.0,N,2,Y,Mortgage
5973,A00002177,Aya Amine,X716662,43,College,44 Residence Al Massira,Temsamane,,Y,2,Y,Rent
5974,A00004332,Aya Fakhir,AG559201,53,Bachelor,24 Lotissement El Fadl,Rabat,11025.0,N,7,Y,Mortgage
5975,A00003622,Hiba Bachri,X175881,37,Bachelor,8 Avenue Zerktouni,Foum Zguid,,Y,4,Y,Rent
5976,A00005855,Hassan Kibala,F221126,37,Masters,19 Lotissement Salam,Oujda,60010.0,N,7,Y,Mortgage
5977,A00000913,Omar El Idrissi,JK444508,53,High School,14 Lotissement El Fadl,Agadir,80000.0,Y,4,Y,Mortgage
5978,A00007794,Khaoula Moufkir ,DN160430,50,College,39 Residence Bernoussi,Meknes,50010.0,Y,5,Y,Rent
5979,A00003885,Fatima Ezzahra  Berrada,HH619384,47,Masters,23 Avenue Bernoussi,Safi,46000.0,N,4,Y,Rent
5980,A00008326,Fatima Oufkir,DN246709,39,High School,23 Residence Zerktouni,Meknes,50010.0,Y,5,Y,Mortgage
5981,A00007568,Othmane Tahiri,X620207,38,High School,49 Boulevard Al Qods,Zaouiat Cheikh,,N,2,Y,Rent
5982,A00000667,Jamila Ouazzani,HH557136,35,College,40 Rue Al Massira,Safi,46000.0,Y,4,Y,Rent
5983,A00002997,Othmane Amrani,BJ534418,42,PhD,42 Boulevard Centrale,Casablanca,20220.0,Y,3,Y,Mortgage
5984,A00007346,Mohamed Mansar,KB276518,57,Bachelor,41 Hay Centrale,Tanger,90053.0,N,3,Y,Mortgage
5985,A00009337,Hassan Dadi,HH710140,51,College,7 Lotissement Hlioua,Safi,46000.0,N,4,Y,Mortgage
5986,A00005015,Kaoutar Benchikh,WA985921,26,Bachelor,42 Residence Bernoussi,Berrechid,26100.0,N,3,Y,Rent
5987,A00008150,Mohammed Amine El Fassi,SH611038,28,Bachelor,4 Boulevard El Fadl,Laayoune,70000.0,Y,7,Y,Own
5988,A00005984,Mohammed Amine Fakhir,X321950,64,,40 Avenue Al Massira,Ras El Ma,,Y,3,N,Mortgage
5989,A00006116,Amine Banoune,AB213943,54,MD,8 Boulevard Bernoussi,Sale,11000.0,Y,5,N,Mortgage
5990,A00001253,Adam Mansour,F456708,49,College,48 Boulevard Hlioua,Oujda,60010.0,Y,6,Y,Rent
5991,A00001153,Yahya El Idrissi,X992093,60,Bachelor,1 Lotissement Hassan II,Khourubga,25000.0,N,2,Y,Mortgage
5992,A00001916,Amine Benali,G731429,30,Masters,45 Boulevard Hassan II,Kenitra,14110.0,Y,6,Y,Own
5993,A00004942,Khadija El Fassi,X606997,52,College,21 Avenue Bernoussi,Oulad Hassoune,,Y,7,Y,Mortgage
5994,A00002156,Khadija Moufkir ,X546964,47,College,35 Lotissement Al Massira,Ain Chkef,,Y,5,Y,Own
5995,A00000066,Rachida Banoune,KB199261,29,Bachelor,46 Rue Al Houda,Tanger,90053.0,Y,7,Y,Own
5996,A00006788,Rania Oufkir,BJ709788,35,College,44 Boulevard Al Houda,Casablanca,20220.0,Y,2,Y,Own
5997,A00008801,Othmane Tazi,Z497524,31,Masters,36 Boulevard Hlioua,Taza,35000.0,Y,4,Y,Rent
5998,A00008392,Fatima Dadi,R351216,42,Masters,23 Rue Al Houda,El Hoceima,32000.0,Y,2,Y,Own
5999,A00005701,Kaoutar Amrani,X433155,48,Bachelor,43 Rue Centrale,Dcheira El Jihadia,,Y,7,Y,Rent
6000,A00003591,Salma Benchikh,GK487597,56,Bachelor,26 Hay Al Houda,Sidi Kacem,16000.0,Y,2,Y,Own
6001,A00000929,Rachida Amine,JK387543,52,Bachelor,17 Rue Al Qods,Agadir,80000.0,Y,4,Y,Mortgage
6002,A00003598,Othmane Mansour,HH479652,51,MD,26 Lotissement Al Houda,Safi,46000.0,Y,2,Y,Mortgage
6003,A00005558,Rania Amine,EE681211,51,College,49 Boulevard El Fadl,Marrakech,40000.0,N,6,Y,Rent
6004,A00004645,Kawtar Fakhir,DN413176,61,College,5 Avenue Zerktouni,Meknes,50010.0,N,4,Y,Mortgage
6005,A00001486,Jamila Tazi,G335160,62,College,3 Avenue Hassan II,Kenitra,14110.0,N,6,Y,Mortgage
6006,A00000522,Youssef Metouali,X958186,47,High School,31 Residence Centrale,Driouch,,Y,2,Y,Rent
6007,A00002718,Kawtar Benali,X605448,49,High School,9 Lotissement Zerktouni,Sidi Smail,,N,3,Y,Rent
6008,A00000403,Aya Benchikh,X931074,58,Bachelor,32 Residence Hlioua,Boujniba,,Y,6,Y,Own
6009,A00009677,Amine Dadi,SA438607,38,Bachelor,12 Lotissement Salam,Nador,62000.0,Y,5,Y,Rent
6010,A00003604,Ahmed Amrani,X605193,33,College,43 Rue Zerktouni,Sidi Smail,,N,3,Y,Rent
6011,A00009062,Hiba Banoune,AG605152,58,Bachelor,44 Avenue Al Qods,Rabat,11025.0,N,2,Y,Mortgage
6012,A00006566,Omar Mansour,X615266,30,Bachelor,37 Avenue Hassan II,Oulmes,,Y,6,Y,Rent
6013,A00004862,Youssef Farissi,G858957,55,Masters,12 Boulevard Bernoussi,Kenitra,14110.0,Y,2,Y,Own
6014,A00005489,Khadija Moufkir ,G389561,57,Masters,12 Hay El Fadl,Kenitra,14110.0,N,3,Y,Mortgage
6015,A00008360,Malak El Fassi,X756051,55,High School,38 Boulevard Hassan II,Azilal,,Y,5,Y,Rent
6016,A00009716,Fatima Ezzahra  Berrada,AB887000,37,High School,34 Residence Salam,Sale,11000.0,Y,4,N,Rent
6017,A00007476,Kaoutar Dadi,JK205898,36,Bachelor,32 Residence Mohammed V,Agadir,80000.0,N,7,Y,Rent
6018,A00003551,Meryem Tazi,X104747,28,Bachelor,41 Hay Hlioua,Rhaf Sai,,Y,6,Y,Mortgage
6019,A00004705,Hajar Bachri,AB422042,50,Bachelor,45 Rue Hassan II,Sale,11000.0,Y,4,Y,Mortgage
6020,A00006753,Omar El Fassi,N962150,54,High School,32 Hay El Fadl,Essaouira,44000.0,N,7,Y,Own
6021,A00003063,Taha Bate,X577384,47,High School,16 Lotissement Al Massira,Ouaouizeght,,Y,7,Y,Own
6022,A00003645,Hajar Eddoughmi,N828340,35,High School,14 Boulevard Al Qods,Essaouira,44000.0,Y,2,Y,Mortgage
6023,A00001655,Amine Eddoughmi,BJ499254,37,Masters,40 Hay Zerktouni,Casablanca,20220.0,N,5,Y,Own
6024,A00008603,Khaoula Radi,SA404470,34,Masters,1 Rue Zerktouni,Nador,62000.0,N,5,Y,Mortgage
6025,A00004822,Youssef El Yousfi,EE231060,44,Bachelor,17 Boulevard Al Qods,Marrakech,40000.0,Y,5,Y,Mortgage
6026,A00007300,Jamila Benchikh,KB858470,48,High School,29 Rue Mohammed V,Tanger,90053.0,Y,6,Y,Own
6027,A00007723,Othmane Salhi,X555232,32,Bachelor,18 Rue Zerktouni,Beni Ensar,,Y,4,Y,Mortgage
6028,A00005650,Fatima Ezzahra  Tazi,AB457788,46,Bachelor,18 Boulevard Salam,Sale,11000.0,N,2,Y,Mortgage
6029,A00008024,Meryem Jamal,X550590,41,Bachelor,26 Hay Centrale,Tsaft,,Y,5,Y,Own
6030,A00001642,Jamila Benali,KB334076,41,College,49 Residence El Fadl,Tanger,90053.0,Y,2,Y,Mortgage
6031,A00001780,Mohammed Amine Fakhir,CC454857,52,Bachelor,40 Hay Hassan II,Fes,30000.0,N,4,Y,Own
6032,A00007316,Rania Farissi,P352087,56,Bachelor,39 Avenue Al Houda,Ouarzazate,45000.0,Y,7,N,Own
6033,A00008233,Rania Skalli,KB373441,45,High School,17 Avenue Mohammed V,Tanger,90053.0,Y,2,Y,Own
6034,A00003359,Meryem Berrada,G848850,32,Bachelor,41 Avenue Hlioua,Kenitra,14110.0,Y,2,Y,Mortgage
6035,A00008735,Aziza Bate,EE276029,63,Bachelor,21 Avenue El Fadl,Marrakech,40000.0,Y,4,Y,Mortgage
6036,A00002424,Mohamed Ouazzani,EE990576,49,Bachelor,10 Boulevard Bernoussi,Marrakech,40000.0,N,4,Y,Mortgage
6037,A00007220,Fatima Bate,X661341,31,Bachelor,2 Lotissement Mohammed V,Sebt Jahjouh,,N,2,Y,Mortgage
6038,A00000707,Kaoutar Tahiri,EE768195,27,Bachelor,8 Boulevard Zerktouni,Marrakech,40000.0,Y,6,Y,Mortgage
6039,A00000759,Youssef Mansar,WA900394,51,Bachelor,16 Lotissement Al Houda,Berrechid,26100.0,Y,2,Y,Rent
6040,A00006193,Ahmed Salhi,L330833,31,Bachelor,24 Boulevard Salam,Tetouan,93000.0,Y,7,Y,Own
6041,A00005487,Khadija Kibala,CC933424,26,High School,49 Avenue Al Houda,Fes,30000.0,N,7,Y,Own
6042,A00008734,Yahya Farissi,L122844,34,College,28 Lotissement El Fadl,Tetouan,93000.0,Y,3,Y,Mortgage
6043,A00003509,Aya Banoune,N456014,26,High School,36 Boulevard Centrale,Essaouira,44000.0,Y,7,Y,Mortgage
6044,A00008850,Mohammed Amine Dadi,X588096,35,College,26 Hay Centrale,Tsaft,,Y,5,Y,Rent
6045,A00008259,Fatima Berrada,X784406,52,Bachelor,17 Lotissement Al Massira,Figuig,,N,7,Y,Mortgage
6046,A00006414,Mohammed Amine Bachri,CC416297,30,Bachelor,15 Rue Bernoussi,Fes,30000.0,Y,3,Y,Own
6047,A00007764,Fatima Ezzahra  Bate,AG759319,33,High School,14 Boulevard Al Qods,Rabat,11025.0,Y,3,Y,Own
6048,A00006171,Adam Amine,KB975565,49,Bachelor,37 Rue Hlioua,Tanger,90053.0,Y,3,Y,Mortgage
6049,A00004458,Khadija Barghoud,BJ997839,25,College,1 Residence Al Massira,Casablanca,20220.0,Y,2,Y,Mortgage
6050,A00008175,Hamza El Yousfi,X497232,30,Bachelor,30 Lotissement Hlioua,Smimou,,Y,5,Y,Mortgage
6051,A00003600,Mohamed Amine,X380265,52,Masters,43 Hay El Fadl,Matarka,,Y,7,N,Own
6052,A00004557,Kawtar Dadi,X421250,32,High School,35 Boulevard Al Massira,Ouezzane,,Y,3,Y,Own
6053,A00005115,Othmane Farissi,X244331,46,MD,2 Avenue Centrale,Ouezzane,,Y,2,Y,Rent
6054,A00000715,Fatima Ezzahra  Salhi,X503775,25,Masters,28 Residence Bernoussi,Sidi Rahal,,N,5,Y,Rent
6055,A00000103,Ahmed Mansar,X554372,62,High School,27 Hay Centrale,Youssoufia,,Y,2,Y,Own
6056,A00008104,Youssef Amrani,DN862836,54,Masters,16 Boulevard Centrale,Meknes,50010.0,Y,2,Y,Mortgage
6057,A00004737,Malak Fadili,F267350,55,Bachelor,11 Residence Al Massira,Oujda,60010.0,N,3,Y,Own
6058,A00004405,Adam Oufkir,KB889439,34,College,35 Boulevard Bernoussi,Tanger,90053.0,Y,4,N,Own
6059,A00006121,Adam Amrani,L130991,47,Bachelor,15 Rue Al Massira,Tetouan,93000.0,Y,4,Y,Own
6060,A00006460,Amine Amrani,X448164,44,Masters,43 Rue Al Massira,Driouch,,Y,7,Y,Rent
6061,A00001940,Amine Mansar,X267845,50,College,31 Lotissement Zerktouni,Bab Berred,,N,5,Y,Own
6062,A00009309,Taha Radi,AB433507,51,High School,48 Hay Bernoussi,Sale,11000.0,Y,5,Y,Own
6063,A00006416,Khadija Eddoughmi,JK416212,29,High School,28 Lotissement Salam,Agadir,80000.0,Y,2,Y,Mortgage
6064,A00004010,Rachida Barghoud,HH533722,56,Bachelor,26 Rue Al Qods,Safi,46000.0,N,3,N,Mortgage
6065,A00006500,Salma Oufkir,CC885510,61,Bachelor,43 Avenue Al Houda,Fes,30000.0,Y,4,Y,Own
6066,A00009291,Zineb Oufkir,JK677897,55,Bachelor,7 Lotissement Al Massira,Agadir,80000.0,Y,7,Y,Own
6067,A00005103,Hiba Amine,BJ696945,52,Bachelor,45 Residence Mohammed V,Casablanca,20220.0,N,5,Y,Rent
6068,A00004818,Aziza Lahlou,X997003,25,Masters,2 Lotissement El Fadl,Mhaya,,N,2,Y,Rent
6069,A00006670,Yahya Amrani,M974776,59,,6 Boulevard Mohammed V,El Jadida,24010.0,Y,5,Y,Own
6070,A00005903,Kaoutar Fakhir,F815615,53,Bachelor,29 Avenue Al Qods,Oujda,60010.0,Y,6,Y,Mortgage
6071,A00000205,Khadija Dadi,AG268163,25,,26 Residence Al Qods,Rabat,11025.0,Y,3,Y,Mortgage
6072,A00005210,Aziza Moufkir ,X928056,32,MD,29 Residence Mohammed V,MideltDakhla,,N,7,Y,Own
6073,A00007567,Aya Alaoui,JK124697,54,Bachelor,29 Lotissement Centrale,Agadir,80000.0,N,4,Y,Mortgage
6074,A00005612,Fatima Skalli,X106312,30,Bachelor,21 Lotissement Centrale,Ameur Seflia,,Y,6,Y,Own
6075,A00004109,Meryem Metouali,AG232380,46,College,34 Hay Al Houda,Rabat,11025.0,Y,2,Y,Rent
6076,A00003901,Omar Fakhir,F927778,56,High School,11 Residence Al Massira,Oujda,60010.0,Y,5,Y,Mortgage
6077,A00007124,Hajar Fakhir,GK832537,36,High School,25 Residence Hlioua,Sidi Kacem,16000.0,Y,4,N,Mortgage
6078,A00003529,Fatima Amrani,G109948,49,Bachelor,41 Rue Salam,Kenitra,14110.0,Y,5,Y,Rent
6079,A00008349,Jamila Kibala,JF714016,59,College,10 Hay Mohammed V,Tan Tan,82000.0,Y,4,N,Mortgage
6080,A00009752,Ahmed Amine,AG472147,33,Bachelor,32 Avenue Bernoussi,Rabat,11025.0,Y,6,Y,Own
6081,A00006732,Khadija Oufkir,G894615,55,High School,34 Avenue Bernoussi,Kenitra,14110.0,Y,5,Y,Own
6082,A00005525,Hajar Bate,LC418142,30,Bachelor,4 Lotissement Bernoussi,Chefchaouen,91000.0,Y,3,Y,Mortgage
6083,A00007985,Kawtar Lahlou,X995412,42,Bachelor,34 Hay Al Massira,Lamrasla,,N,2,Y,Own
6084,A00001900,Noha Ouazzani,P559937,48,Bachelor,30 Avenue Salam,Ouarzazate,45000.0,Y,4,Y,Own
6085,A00007414,Salma Ouazzani,G628151,40,College,44 Hay Centrale,Kenitra,14110.0,Y,5,Y,Own
6086,A00002307,Fatima Tahiri,AB315092,52,College,27 Boulevard El Fadl,Sale,11000.0,Y,3,Y,Mortgage
6087,A00004703,Yahya Benali,X582329,41,,5 Residence Hassan II,Ouezzane,,Y,5,Y,Mortgage
6088,A00000801,Khaoula Dadi,HH138519,54,Bachelor,1 Avenue Salam,Safi,46000.0,Y,7,Y,Mortgage
6089,A00004029,Kawtar Benchikh,X877120,62,High School,23 Rue Mohammed V,Missour,,N,3,Y,Own
6090,A00000888,Mohammed Amine Fakhir,M715746,48,High School,13 Boulevard Centrale,El Jadida,24010.0,N,5,Y,Mortgage
6091,A00005679,Youssef Benchikh,HH748968,62,College,22 Hay Al Massira,Safi,46000.0,Y,3,Y,Own
6092,A00006474,Khadija Tazi,X992302,40,Masters,42 Boulevard Mohammed V,Ouezzane,,N,3,Y,Own
6093,A00000237,Mohammed Amine Amrani,X779674,41,Masters,31 Boulevard Centrale,Aknoul,,N,6,Y,Own
6094,A00009022,Kawtar Banoune,M646705,58,High School,11 Avenue Hlioua,El Jadida,24010.0,Y,7,Y,Mortgage
6095,A00003941,Kaoutar Lahlou,AG488310,27,,15 Lotissement Al Massira,Rabat,11025.0,Y,7,Y,Mortgage
6096,A00004669,Omar Bate,G374546,41,Masters,33 Residence El Fadl,Kenitra,14110.0,Y,2,Y,Own
6097,A00008406,Othmane Oufkir,AG319471,48,MD,18 Rue Al Massira,Rabat,11025.0,Y,5,Y,Mortgage
6098,A00001597,Khaoula Mansour,F426206,53,High School,44 Avenue Hlioua,Oujda,60010.0,Y,4,Y,Mortgage
6099,A00002285,Yahya Mansour,L876098,31,PhD,36 Hay Centrale,Tetouan,93000.0,Y,4,Y,Own
6100,A00001125,Yahya Bennani,AB351126,56,Masters,26 Hay Bernoussi,Sale,11000.0,Y,3,Y,Rent
6101,A00006017,Rania Moufkir ,X302673,52,College,24 Hay Salam,Missour,,N,3,Y,Rent
6102,A00009981,Aya Banoune,EE747793,55,Bachelor,11 Lotissement Centrale,Marrakech,40000.0,Y,6,Y,Rent
6103,A00002204,Meryem Mansar,BJ899545,35,Masters,6 Boulevard Bernoussi,Casablanca,20220.0,N,5,Y,Rent
6104,A00005911,Aziza Moufkir ,G418797,43,Masters,30 Lotissement Al Houda,Kenitra,14110.0,Y,6,Y,Mortgage
6105,A00005278,Noha Benchikh,DN203621,53,High School,17 Avenue Al Qods,Meknes,50010.0,Y,2,Y,Mortgage
6106,A00002904,Hassan Jamal,BJ114263,41,PhD,18 Residence Zerktouni,Casablanca,20220.0,Y,2,Y,Rent
6107,A00001744,Fatima Ezzahra  Farissi,AB330314,45,Bachelor,41 Hay Bernoussi,Sale,11000.0,N,7,Y,Mortgage
6108,A00005346,Amine Lahlou,JK853665,25,Bachelor,6 Boulevard El Fadl,Agadir,80000.0,Y,5,Y,Own
6109,A00005862,Amine Eddoughmi,X962906,26,High School,4 Residence Salam,Bzou,,N,3,Y,Rent
6110,A00006130,Mohamed Bate,CC109096,28,High School,20 Boulevard Bernoussi,Fes,30000.0,Y,6,Y,Own
6111,A00001018,Adam Mansour,JK234879,25,Bachelor,24 Rue Salam,Agadir,80000.0,Y,5,Y,Rent
6112,A00009571,Hiba Moufkir ,CC110397,54,High School,44 Rue Hassan II,Fes,30000.0,N,5,Y,Own
6113,A00001269,Mohamed Amine,F322527,47,Bachelor,35 Hay Centrale,Oujda,60010.0,N,7,Y,Rent
6114,A00005784,Adam Berrada,G856356,50,Bachelor,44 Hay Centrale,Kenitra,14110.0,N,4,Y,Own
6115,A00002490,Aya Kibala,CC416065,32,Bachelor,12 Lotissement Mohammed V,Fes,30000.0,Y,5,Y,Own
6116,A00008131,Jamila Kibala,X143862,38,High School,40 Boulevard Zerktouni,Oulad Mtaa,,Y,7,Y,Rent
6117,A00005588,Rania Tazi,M224656,48,High School,6 Boulevard Mohammed V,El Jadida,24010.0,N,6,Y,Mortgage
6118,A00003783,Youssef El Yousfi,BJ431934,51,Bachelor,13 Residence Hlioua,Casablanca,20220.0,Y,7,Y,Rent
6119,A00007829,Rachida Ouazzani,JF590186,29,Masters,16 Lotissement Al Qods,Tan Tan,82000.0,Y,5,Y,Rent
6120,A00000257,Youssef Kibala,X940261,37,Bachelor,21 Lotissement Mohammed V,,,Y,7,Y,Own
6121,A00001817,Yahya El Yousfi,L629293,60,Bachelor,1 Residence Salam,Tetouan,93000.0,Y,3,Y,Own
6122,A00001223,Fatima Banoune,R105723,54,Bachelor,22 Hay Zerktouni,El Hoceima,32000.0,Y,3,Y,Own
6123,A00001217,Hassan Skalli,G687054,63,High School,12 Rue Centrale,Kenitra,14110.0,Y,5,Y,Mortgage
6124,A00001433,Mohamed Skalli,F120988,42,High School,6 Hay Hassan II,Oujda,60010.0,Y,7,Y,Rent
6125,A00002129,Zineb Bennani,G910451,39,Bachelor,31 Rue Zerktouni,Kenitra,14110.0,N,4,Y,Own
6126,A00008648,Fatima Mansar,W307914,43,PhD,31 Residence Al Qods,Settat,26000.0,Y,2,Y,Mortgage
6127,A00007207,Ahmed Berrada,X937961,59,Bachelor,25 Avenue Al Massira,Ain Dfali,,Y,2,Y,Mortgage
6128,A00003103,Yahya Moufkir ,DN354589,50,College,37 Lotissement Salam,Meknes,50010.0,Y,5,Y,Own
6129,A00002504,Aziza Metouali,T915893,45,High School,24 Residence Al Qods,Mohammedia,28810.0,N,6,Y,Own
6130,A00000012,Meryem Tahiri,AB429910,33,High School,24 Rue Al Qods,Sale,11000.0,Y,6,Y,Own
6131,A00004915,Youssef Salhi,DN830295,45,Bachelor,11 Avenue Al Qods,Meknes,50010.0,Y,3,Y,Own
6132,A00002889,Othmane El Idrissi,EA728769,48,,1 Avenue Al Houda,Ben Guerir,43150.0,N,2,Y,Own
6133,A00007216,Mohamed El Idrissi,AB352902,64,PhD,4 Lotissement Hlioua,Sale,11000.0,N,5,Y,Rent
6134,A00004819,Youssef Kibala,L949453,48,College,22 Residence Hassan II,Tetouan,93000.0,N,2,Y,Own
6135,A00007204,Hamza El Fassi,KB470533,35,Bachelor,20 Boulevard Bernoussi,Tanger,90053.0,Y,2,Y,Mortgage
6136,A00008558,Fatima Bachri,AB123889,29,Bachelor,13 Hay Bernoussi,Sale,11000.0,Y,3,Y,Mortgage
6137,A00007417,Aziza Benali,X561465,47,Masters,5 Residence Al Houda,Ouezzane,,N,3,Y,Mortgage
6138,A00002641,Amine Benali,AB343739,36,,31 Avenue Al Qods,Sale,11000.0,Y,7,Y,Mortgage
6139,A00007727,Hiba Amrani,DN854039,55,PhD,46 Residence Salam,Meknes,50010.0,N,4,Y,Rent
6140,A00007507,Noha Benali,N893772,25,Bachelor,5 Avenue Salam,Essaouira,44000.0,Y,2,Y,Own
6141,A00003833,Fatima Ezzahra  Ouazzani,X945346,60,Masters,39 Boulevard Salam,Izaoumen,,N,4,Y,Mortgage
6142,A00000198,Jamila Tahiri,BJ239484,60,Bachelor,23 Hay Al Massira,Casablanca,20220.0,N,5,Y,Own
6143,A00004832,Aziza Bate,L667259,43,Bachelor,43 Lotissement Al Massira,Tetouan,93000.0,N,2,Y,Mortgage
6144,A00006729,Adam Alaoui,KB956447,52,Bachelor,46 Rue Al Houda,Tanger,90053.0,Y,5,N,Own
6145,A00003057,Ahmed Berrada,DN954981,48,MD,47 Avenue Zerktouni,Meknes,50010.0,Y,2,Y,Rent
6146,A00007957,Jamila Jamal,GK810028,26,College,38 Avenue Salam,Sidi Kacem,16000.0,N,7,N,Rent
6147,A00003860,Mohamed Benali,G424094,37,High School,33 Rue Al Massira,Kenitra,14110.0,N,4,Y,Mortgage
6148,A00006977,Khadija Bate,BJ376321,59,Masters,38 Hay Salam,Casablanca,20220.0,Y,6,Y,Rent
6149,A00004118,Adam Bachri,AB128793,34,,27 Rue Zerktouni,Sale,11000.0,N,5,Y,Own
6150,A00008110,Kawtar Skalli,G918573,33,Bachelor,12 Boulevard Bernoussi,Kenitra,14110.0,Y,2,Y,Rent
6151,A00004896,Mohammed Amine Tazi,P452105,48,Masters,14 Boulevard Bernoussi,Ouarzazate,45000.0,Y,5,Y,Rent
6152,A00000333,Rania Fakhir,HH327937,56,Bachelor,42 Hay Hassan II,Safi,46000.0,Y,5,Y,Rent
6153,A00009830,Adam El Idrissi,L406336,30,,12 Boulevard Hlioua,Tetouan,93000.0,Y,3,Y,Mortgage
6154,A00008742,Salma El Yousfi,CC879632,29,Bachelor,9 Avenue Al Massira,Fes,30000.0,Y,3,N,Rent
6155,A00001502,Youssef Jamal,KB828426,45,Bachelor,45 Avenue Mohammed V,Tanger,90053.0,N,2,N,Mortgage
6156,A00001373,Kawtar Banoune,LC170353,37,High School,12 Lotissement Al Massira,Chefchaouen,91000.0,N,3,Y,Own
6157,A00003301,Mohammed Amine El Fassi,AB845102,55,Masters,11 Avenue Salam,Sale,11000.0,Y,6,Y,Own
6158,A00003426,Omar El Idrissi,F597308,62,High School,5 Lotissement Al Massira,Oujda,60010.0,Y,4,Y,Own
6159,A00003024,Khaoula Farissi,X770140,31,Masters,35 Avenue Salam,Ouezzane,,Y,6,Y,Rent
6160,A00009506,Hassan Oufkir,BJ127369,26,Bachelor,9 Boulevard Mohammed V,Casablanca,20220.0,N,7,Y,Own
6161,A00003868,Fatima Ouazzani,N534421,43,College,39 Rue Bernoussi,Essaouira,44000.0,Y,3,Y,Mortgage
6162,A00005507,Aya El Yousfi,AG304820,49,High School,41 Boulevard Mohammed V,Rabat,11025.0,Y,3,Y,Rent
6163,A00006429,Rachida Eddoughmi,X589831,25,High School,35 Boulevard Al Massira,Ouezzane,,Y,4,Y,Mortgage
6164,A00002365,Hajar Alaoui,KB972134,53,College,26 Residence Centrale,Tanger,90053.0,N,6,Y,Own
6165,A00005796,Fatima Metouali,JA331889,28,High School,38 Lotissement Bernoussi,Guelmim,81000.0,Y,6,Y,Mortgage
6166,A00007058,Mohammed Amine Eddoughmi,KB809459,32,High School,39 Hay Hassan II,Tanger,90053.0,Y,7,Y,Rent
6167,A00007336,Youssef Dadi,G437319,55,High School,42 Boulevard Al Qods,Kenitra,14110.0,N,3,Y,Mortgage
6168,A00003281,Othmane Tahiri,X689856,52,College,2 Boulevard Al Massira,Stehat,,Y,3,N,Mortgage
6169,A00001220,Khadija Dadi,CC816993,46,Bachelor,23 Lotissement Al Qods,Fes,30000.0,Y,6,Y,Rent
6170,A00009683,Hiba El Fassi,N272811,41,High School,21 Avenue Hlioua,Essaouira,44000.0,Y,2,Y,Rent
6171,A00004549,Jamila Kibala,EE558719,41,Bachelor,49 Lotissement Salam,Marrakech,40000.0,Y,4,Y,Mortgage
6172,A00002367,Malak Mansour,L606470,42,Bachelor,26 Lotissement Mohammed V,Tetouan,93000.0,Y,3,Y,Mortgage
6173,A00002662,Hassan El Yousfi,L295019,40,Bachelor,11 Lotissement Bernoussi,Tetouan,93000.0,N,4,N,Own
6174,A00009159,Aziza Bennani,N713761,53,Bachelor,32 Avenue Al Qods,Essaouira,44000.0,Y,5,Y,Rent
6175,A00008361,Omar Mansar,KB421851,50,College,47 Rue Salam,Tanger,90053.0,Y,6,Y,Mortgage
6176,A00007481,Mohammed Amine El Yousfi,BJ576838,47,High School,40 Lotissement Centrale,Casablanca,20220.0,Y,7,N,Rent
6177,A00007500,Taha Eddoughmi,JK328527,30,Bachelor,48 Residence Zerktouni,Agadir,80000.0,Y,3,Y,Own
6178,A00009386,Zineb Ouazzani,BJ738326,26,Bachelor,15 Boulevard Al Houda,Casablanca,20220.0,Y,5,Y,Mortgage
6179,A00002900,Omar Jamal,X258313,28,Masters,9 Residence Al Qods,Nouaceur,,N,5,Y,Mortgage
6180,A00004572,Malak Metouali,X320279,57,Bachelor,42 Residence Centrale,Azemmour,,Y,3,Y,Mortgage
6181,A00004305,Salma Oufkir,P784399,64,High School,17 Boulevard Hlioua,Ouarzazate,45000.0,Y,5,N,Mortgage
6182,A00009432,Omar Benali,CC284433,54,Bachelor,27 Residence Zerktouni,Fes,30000.0,Y,3,Y,Own
6183,A00000263,Khadija Mansar,X612101,32,Bachelor,28 Hay Al Houda,Mrirt,,Y,6,Y,Mortgage
6184,A00007180,Rachida El Yousfi,X563069,60,Bachelor,32 Rue Al Houda,Oulad Tayeb,,N,5,Y,Mortgage
6185,A00009546,Kaoutar Radi,AB689248,49,PhD,46 Lotissement Al Qods,Sale,11000.0,Y,5,Y,Mortgage
6186,A00004272,Malak Fadili,AB893928,35,High School,45 Hay Al Qods,Sale,11000.0,Y,4,Y,Own
6187,A00005741,Youssef Mansar,AB478836,38,High School,43 Lotissement Mohammed V,Sale,11000.0,Y,6,Y,Rent
6188,A00001492,Aziza Benali,X499243,31,Bachelor,36 Avenue Hassan II,Beni Ayat,,Y,2,Y,Own
6189,A00007520,Noha El Fassi,I171398,28,Bachelor,14 Rue El Fadl,Beni Mellal,23000.0,Y,2,Y,Rent
6190,A00001619,Mohammed Amine Amrani,X253652,30,High School,40 Avenue Hlioua,Boumia,,Y,5,Y,Mortgage
6191,A00007910,Youssef Eddoughmi,BJ715287,43,Bachelor,5 Residence Mohammed V,Casablanca,20220.0,Y,2,Y,Own
6192,A00000907,Meryem Radi,G813103,45,High School,18 Hay Zerktouni,Kenitra,14110.0,Y,2,Y,Rent
6193,A00003300,Khaoula El Fassi,X782745,63,Bachelor,8 Lotissement Bernoussi,Hjar Nhal,,Y,2,Y,Mortgage
6194,A00007442,Omar Dadi,G275270,34,Bachelor,45 Boulevard Bernoussi,Kenitra,14110.0,Y,4,Y,Rent
6195,A00007132,Kawtar Fadili,KB441524,45,High School,25 Lotissement Bernoussi,Tanger,90053.0,Y,3,Y,Own
6196,A00007211,Amine Metouali,EE565917,56,High School,29 Residence Bernoussi,Marrakech,40000.0,Y,3,Y,Own
6197,A00009662,Youssef Farissi,X701165,63,Bachelor,43 Rue Salam,Ksar Sghir,,Y,6,Y,Mortgage
6198,A00009154,Amine Bennani,BJ827348,61,,27 Avenue Salam,Casablanca,20220.0,Y,7,Y,Own
6199,A00001905,Kaoutar Benali,X492528,31,,28 Residence Hassan II,Zaouiat Cheikh,,Y,4,Y,Own
6200,A00008880,Omar Tazi,G584381,56,MD,12 Hay El Fadl,Kenitra,14110.0,N,3,Y,Mortgage
6201,A00001252,Youssef Eddoughmi,AG166552,52,Bachelor,34 Avenue Mohammed V,Rabat,11025.0,Y,2,Y,Own
6202,A00008334,Khadija Mansar,JK300765,35,MD,48 Boulevard Salam,Agadir,80000.0,Y,7,Y,Mortgage
6203,A00005022,Fatima Ezzahra  Fadili,X433769,34,College,32 Hay Hlioua,Ben Taieb,,Y,3,Y,Rent
6204,A00004751,Omar Ouazzani,X719512,36,,11 Lotissement Mohammed V,Iksane,,Y,2,Y,Rent
6205,A00003212,Zineb Ouazzani,KB636288,46,Bachelor,45 Avenue Zerktouni,Tanger,90053.0,Y,2,Y,Mortgage
6206,A00006961,Youssef Benchikh,AB700206,39,Masters,12 Lotissement Al Houda,Sale,11000.0,N,3,Y,Mortgage
6207,A00006652,Youssef Fadili,EE469051,40,Masters,47 Hay Hlioua,Marrakech,40000.0,Y,3,Y,Mortgage
6208,A00004403,Mohamed Fadili,G483638,28,College,48 Boulevard Zerktouni,Kenitra,14110.0,N,4,Y,Own
6209,A00005372,Meryem Benali,X286322,26,High School,35 Avenue Al Houda,Oulad Settout,,Y,3,Y,Mortgage
6210,A00009191,Amine Moufkir ,CC298428,57,College,23 Lotissement Al Qods,Fes,30000.0,Y,2,Y,Own
6211,A00008778,Hiba Mansour,P867118,39,Masters,30 Avenue Bernoussi,Ouarzazate,45000.0,Y,4,Y,Mortgage
6212,A00004882,Hamza Bennani,JK134212,40,High School,44 Rue Al Qods,Agadir,80000.0,Y,2,Y,Rent
6213,A00007323,Aya Salhi,P381753,25,High School,43 Hay Al Massira,Ouarzazate,45000.0,Y,3,Y,Mortgage
6214,A00006477,Adam Eddoughmi,JF433593,60,Bachelor,18 Residence El Fadl,Tan Tan,82000.0,N,4,Y,Mortgage
6215,A00002538,Jamila Moufkir ,BJ160085,25,Bachelor,45 Boulevard Hlioua,Casablanca,20220.0,Y,6,Y,Rent
6216,A00006030,Hiba Mansar,BJ422117,46,Bachelor,34 Residence Al Qods,Casablanca,20220.0,Y,7,N,Rent
6217,A00008800,Amine Tahiri,X854622,40,High School,49 Residence Hassan II,Atouabet,,N,3,Y,Rent
6218,A00001971,Khadija Mansour,SH229149,53,Bachelor,15 Residence Al Qods,Laayoune,70000.0,Y,7,Y,Mortgage
6219,A00009028,Mohammed Amine Farissi,X610756,37,High School,3 Hay Al Qods,Missour,,N,3,Y,Rent
6220,A00002801,Othmane El Idrissi,BJ509691,54,Masters,5 Boulevard El Fadl,Casablanca,20220.0,Y,2,Y,Mortgage
6221,A00004768,Noha Metouali,X419790,64,College,36 Hay Centrale,Sidi Ifni,,Y,2,Y,Mortgage
6222,A00000742,Khadija Lahlou,EE309031,29,Masters,16 Lotissement Zerktouni,Marrakech,40000.0,N,6,Y,Mortgage
6223,A00002242,Rachida Radi,JK268119,35,High School,16 Avenue Bernoussi,Agadir,80000.0,Y,4,Y,Mortgage
6224,A00001529,Fatima Ezzahra  Skalli,X460573,27,Bachelor,38 Boulevard Mohammed V,Youssoufia,,N,5,Y,Rent
6225,A00001677,Yahya Amine,AB681196,47,College,15 Avenue El Fadl,Sale,11000.0,Y,6,Y,Rent
6226,A00005577,Aya Tazi,X432514,31,PhD,37 Residence Mohammed V,Ouezzane,,Y,3,Y,Own
6227,A00003415,Rania Fadili,X815367,25,Bachelor,19 Boulevard Centrale,Arekmane,,Y,5,Y,Rent
6228,A00002755,Rachida Farissi,KB888378,27,PhD,16 Residence Hassan II,Tanger,90053.0,Y,3,Y,Rent
6229,A00003250,Youssef Jamal,X974812,33,College,49 Residence Bernoussi,,,N,6,Y,Own
6230,A00003732,Hassan Bate,N593533,29,Bachelor,26 Rue Al Qods,Essaouira,44000.0,N,6,Y,Own
6231,A00008812,Yahya Radi,X941495,28,MD,29 Residence Hassan II,Shoul,,Y,2,Y,Mortgage
6232,A00008584,Aziza Metouali,BJ194382,30,MD,21 Residence Al Massira,Casablanca,20220.0,Y,3,Y,Rent
6233,A00005531,Youssef Banoune,BJ725776,28,High School,27 Avenue Al Houda,Casablanca,20220.0,Y,3,Y,Mortgage
6234,A00009457,Ahmed Banoune,JK570585,25,College,49 Avenue Hassan II,Agadir,80000.0,Y,4,Y,Mortgage
6235,A00003683,Rania Bennani,AG209690,30,High School,8 Rue Salam,Rabat,11025.0,Y,4,N,Own
6236,A00001588,Fatima Ezzahra  Radi,EE909965,30,,48 Rue Bernoussi,Marrakech,40000.0,Y,7,N,Rent
6237,A00005180,Hassan Fadili,BJ776876,57,Masters,37 Lotissement El Fadl,Casablanca,20220.0,Y,4,Y,Mortgage
6238,A00002241,Omar Dadi,KB112585,45,High School,35 Lotissement Al Qods,Tanger,90053.0,Y,5,Y,Rent
6239,A00001421,Yahya Oufkir,X739524,53,Bachelor,17 Lotissement Bernoussi,Boumalne Dades,,Y,7,Y,Own
6240,A00006973,Hamza Banoune,AB773115,57,Bachelor,4 Avenue Al Massira,Sale,11000.0,N,3,Y,Mortgage
6241,A00008653,Othmane Barghoud,CC554552,31,Masters,19 Residence Hassan II,Fes,30000.0,Y,4,N,Own
6242,A00008375,Khadija Tahiri,LA496853,25,High School,46 Residence Mohammed V,Larache,92000.0,N,5,Y,Mortgage
6243,A00001189,Mohamed El Yousfi,CC103832,53,Bachelor,9 Lotissement Al Massira,Fes,30000.0,Y,2,Y,Mortgage
6244,A00005600,Hassan El Idrissi,CC779295,31,Bachelor,39 Residence El Fadl,Fes,30000.0,Y,6,Y,Mortgage
6245,A00009921,Omar Radi,DN176204,52,Bachelor,27 Rue Centrale,Meknes,50010.0,N,7,N,Rent
6246,A00008301,Othmane Jamal,CC738890,32,High School,48 Residence Centrale,Fes,30000.0,N,7,Y,Own
6247,A00006866,Hajar Radi,X290481,55,Bachelor,18 Hay Hlioua,Sebt El Guerdane,,Y,4,Y,Own
6248,A00008991,Youssef Tazi,EE970942,30,High School,4 Residence El Fadl,Marrakech,40000.0,Y,3,Y,Rent
6249,A00008639,Hamza Radi,X680365,55,PhD,44 Hay Salam,Lalla Mimouna,,Y,6,N,Mortgage
6250,A00005510,Hamza Salhi,L580763,47,Masters,4 Lotissement El Fadl,Tetouan,93000.0,N,3,Y,Rent
6251,A00008724,Noha Radi,L767224,40,Bachelor,39 Residence Al Houda,Tetouan,93000.0,Y,3,Y,Mortgage
6252,A00000480,Ahmed Dadi,X148410,38,College,44 Residence Al Massira,Youssoufia,,N,2,Y,Mortgage
6253,A00001289,Ahmed Bate,CC419037,44,Bachelor,38 Residence Hlioua,Fes,30000.0,Y,2,Y,Mortgage
6254,A00002260,Rachida Jamal,X380623,30,Bachelor,42 Residence Al Massira,Chichaoua,,Y,2,N,Rent
6255,A00006122,Omar Benali,G399938,35,High School,3 Avenue Hassan II,Kenitra,14110.0,N,4,Y,Own
6256,A00009485,Aziza Berrada,AB729629,56,High School,6 Lotissement Centrale,Sale,11000.0,Y,4,Y,Mortgage
6257,A00008424,Taha Benali,KB847477,53,Bachelor,47 Rue Salam,Tanger,90053.0,N,4,Y,Mortgage
6258,A00004905,Khadija Banoune,X272404,55,Masters,47 Hay Zerktouni,Tit Mellil,,Y,5,Y,Mortgage
6259,A00000432,Zineb El Yousfi,X627380,28,Bachelor,25 Boulevard Bernoussi,Tarfaya,,Y,5,Y,Mortgage
6260,A00000249,Khadija Tahiri,AG900869,50,Bachelor,20 Rue Centrale,Rabat,11025.0,Y,4,Y,Own
6261,A00006877,Rania Tahiri,X831710,64,Bachelor,7 Lotissement Al Houda,Ain Harrouda,,Y,7,Y,Rent
6262,A00000176,Kawtar El Yousfi,F418932,29,High School,29 Hay Salam,Oujda,60010.0,Y,7,Y,Rent
6263,A00005161,Kawtar Mansar,F480999,34,Bachelor,44 Hay Hlioua,Oujda,60010.0,Y,3,Y,Mortgage
6264,A00009092,Aya Mansour,JK535316,49,Bachelor,13 Avenue Al Houda,Agadir,80000.0,N,6,Y,Rent
6265,A00006617,Salma Tazi,AB267987,61,Masters,46 Lotissement Al Qods,Sale,11000.0,Y,3,Y,Own
6266,A00007978,Jamila Bate,G959256,61,Bachelor,36 Rue El Fadl,Kenitra,14110.0,N,2,Y,Rent
6267,A00005407,Taha Farissi,X838434,52,Masters,35 Hay Bernoussi,Sidi Redouane,,N,2,Y,Own
6268,A00004880,Kawtar Barghoud,JK706685,63,Bachelor,10 Rue Hassan II,Agadir,80000.0,Y,3,Y,Own
6269,A00000978,Meryem Banoune,X235914,29,Bachelor,10 Lotissement Hassan II,Ain Harrouda,,Y,7,Y,Own
6270,A00002245,Kaoutar Skalli,DN202360,44,Bachelor,31 Residence Hassan II,Meknes,50010.0,Y,5,Y,Mortgage
6271,A00000838,Mohammed Amine El Fassi,EE507641,45,High School,34 Rue Al Qods,Marrakech,40000.0,N,3,Y,Rent
6272,A00001664,Kawtar Skalli,BJ899460,61,Bachelor,40 Avenue Hassan II,Casablanca,20220.0,N,7,Y,Own
6273,A00005298,Othmane El Fassi,X316720,61,,47 Rue Al Houda,Aourir,,Y,4,Y,Own
6274,A00008415,Fatima El Idrissi,LC248784,60,Bachelor,7 Lotissement Al Houda,Chefchaouen,91000.0,N,7,Y,Mortgage
6275,A00005898,Malak Jamal,X730205,43,,32 Residence Hlioua,Taounate,,N,3,Y,Mortgage
6276,A00007221,Mohammed Amine El Yousfi,EE326986,63,Masters,30 Residence Al Houda,Marrakech,40000.0,Y,3,Y,Own
6277,A00006202,Youssef Mansar,N499004,55,Bachelor,5 Avenue Al Massira,Essaouira,44000.0,Y,3,N,Own
6278,A00002414,Omar Bachri,F130652,51,Masters,47 Hay Zerktouni,Oujda,60010.0,Y,3,N,Rent
6279,A00009179,Hamza Moufkir ,ZG435654,59,Bachelor,49 Avenue Al Houda,Guercif,37000.0,Y,6,Y,Mortgage
6280,A00004829,Khaoula Bate,KB812352,45,Bachelor,3 Rue Zerktouni,Tanger,90053.0,Y,5,Y,Rent
6281,A00000731,Ahmed Radi,AB372299,56,High School,27 Rue Zerktouni,Sale,11000.0,Y,6,Y,Own
6282,A00002286,Amine El Idrissi,BJ400846,62,Masters,40 Residence Centrale,Casablanca,20220.0,Y,5,N,Mortgage
6283,A00001802,Taha Farissi,N692156,49,Bachelor,30 Boulevard Hlioua,Essaouira,44000.0,N,2,Y,Mortgage
6284,A00009559,Kaoutar Salhi,P930370,46,Bachelor,12 Avenue El Fadl,Ouarzazate,45000.0,Y,4,Y,Mortgage
6285,A00008418,Noha Benchikh,X103604,29,Bachelor,41 Hay Hlioua,Rhaf Sai,,Y,6,Y,Own
6286,A00000147,Rania Kibala,DN930742,48,Bachelor,38 Avenue El Fadl,Meknes,50010.0,Y,5,Y,Rent
6287,A00001155,Malak Ouazzani,KB276472,33,Masters,45 Boulevard Zerktouni,Tanger,90053.0,Y,7,Y,Rent
6288,A00003225,Fatima Lahlou,BJ378987,35,Bachelor,8 Hay Salam,Casablanca,20220.0,Y,6,Y,Rent
6289,A00008067,Adam Salhi,AG460240,50,Masters,6 Rue Hassan II,Rabat,11025.0,N,4,Y,Rent
6290,A00004947,Jamila Fadili,X727578,29,Bachelor,24 Lotissement Salam,Karia Ba Mohamed,,Y,3,Y,Mortgage
6291,A00002163,Kaoutar Skalli,N695191,29,PhD,19 Lotissement Al Houda,Essaouira,44000.0,Y,5,Y,Own
6292,A00009924,Omar Skalli,X799255,39,High School,32 Avenue Salam,Sidi Tiet,,N,3,Y,Mortgage
6293,A00004677,Fatima Ezzahra  Radi,AB478190,45,Bachelor,43 Lotissement Mohammed V,Sale,11000.0,Y,3,Y,Mortgage
6294,A00008420,Ahmed Mansour,KB954517,27,MD,9 Hay Al Massira,Tanger,90053.0,N,7,N,Rent
6295,A00004317,Hamza Bennani,G875090,55,MD,16 Residence Hassan II,Kenitra,14110.0,Y,6,Y,Rent
6296,A00003809,Fatima Ezzahra  Amrani,X438036,46,College,5 Lotissement Zerktouni,,,Y,2,Y,Own
6297,A00009632,Hiba Barghoud,EE485106,48,High School,18 Lotissement Bernoussi,Marrakech,40000.0,Y,3,Y,Own
6298,A00000488,Salma Kibala,CC703756,51,High School,26 Boulevard Mohammed V,Fes,30000.0,Y,6,N,Mortgage
6299,A00006177,Othmane Tahiri,N184179,48,Bachelor,1 Boulevard Salam,Essaouira,44000.0,N,4,N,Rent
6300,A00006411,Fatima Ezzahra  Skalli,X271507,51,Bachelor,33 Residence Al Houda,Agourai,,Y,4,Y,Own
6301,A00007363,Khaoula Ouazzani,CC764227,53,Bachelor,49 Residence Bernoussi,Fes,30000.0,Y,3,Y,Mortgage
6302,A00007022,Othmane Mansar,X489606,46,College,3 Hay Bernoussi,Tazart,,N,5,N,Mortgage
6303,A00007128,Salma Fadili,CC389465,33,Masters,44 Rue Hassan II,Fes,30000.0,Y,4,Y,Mortgage
6304,A00008612,Adam Barghoud,DN504734,57,Bachelor,14 Rue Zerktouni,Meknes,50010.0,Y,3,Y,Rent
6305,A00007854,Hassan Lahlou,JK731818,41,MD,29 Lotissement Zerktouni,Agadir,80000.0,Y,3,Y,Mortgage
6306,A00000436,Kawtar Kibala,L130921,46,High School,33 Hay El Fadl,Tetouan,93000.0,Y,7,Y,Own
6307,A00001893,Ahmed El Fassi,KB510883,47,Masters,38 Hay Salam,Tanger,90053.0,N,3,Y,Rent
6308,A00006734,Malak Fakhir,X185005,62,Bachelor,42 Residence Hassan II,Ain Bni Mathar,,Y,5,N,Rent
6309,A00007042,Yahya Tazi,JC888606,62,Bachelor,7 Boulevard Hlioua,Taaroudant,83000.0,Y,5,N,Own
6310,A00003949,Khadija Bennani,JK894466,55,Bachelor,12 Rue Al Houda,Agadir,80000.0,Y,4,Y,Own
6311,A00006118,Rachida Mansar,JK476326,45,Bachelor,15 Hay Zerktouni,Agadir,80000.0,Y,4,Y,Own
6312,A00008656,Kawtar Salhi,F731186,44,Bachelor,27 Boulevard Hassan II,Oujda,60010.0,N,7,Y,Rent
6313,A00006054,Kawtar Fadili,X398065,62,MD,14 Lotissement Bernoussi,Er-Rich,,Y,5,Y,Rent
6314,A00004487,Hassan El Yousfi,AG910451,44,Bachelor,37 Lotissement Al Qods,Rabat,11025.0,Y,3,Y,Rent
6315,A00006649,Meryem Tahiri,R604089,49,College,14 Rue Centrale,El Hoceima,32000.0,Y,7,Y,Mortgage
6316,A00008404,Kaoutar Alaoui,KB400033,45,Bachelor,46 Avenue Al Massira,Tanger,90053.0,N,4,Y,Own
6317,A00004030,Hajar Fakhir,EE474123,56,College,19 Boulevard Zerktouni,Marrakech,40000.0,N,3,Y,Rent
6318,A00005841,Hajar Eddoughmi,G576159,41,College,12 Rue Centrale,Kenitra,14110.0,Y,2,Y,Mortgage
6319,A00002511,Khaoula Mansour,T574971,28,PhD,14 Rue Mohammed V,Mohammedia,28810.0,Y,4,Y,Own
6320,A00007841,Othmane Fakhir,AG467021,28,Bachelor,16 Hay Zerktouni,Rabat,11025.0,Y,7,Y,Own
6321,A00007050,Jamila El Idrissi,JK430386,45,Bachelor,13 Residence Zerktouni,Agadir,80000.0,Y,4,Y,Own
6322,A00009885,Othmane Benali,W953012,44,Bachelor,46 Residence Al Houda,Settat,26000.0,Y,5,Y,Mortgage
6323,A00009411,Hajar Fadili,L585249,55,High School,21 Boulevard Al Massira,Tetouan,93000.0,Y,3,Y,Rent
6324,A00001484,Kawtar Amrani,BJ709116,55,Bachelor,32 Lotissement Zerktouni,Casablanca,20220.0,Y,2,Y,Own
6325,A00000918,Kawtar Fakhir,EE303867,39,Masters,20 Lotissement Bernoussi,Marrakech,40000.0,N,4,Y,Own
6326,A00005312,Jamila Barghoud,X388530,43,Masters,42 Hay Hlioua,M'Zouda,,Y,5,Y,Mortgage
6327,A00005792,Rania Farissi,X822111,60,Masters,33 Boulevard Al Houda,Tameslouht,,N,2,Y,Own
6328,A00003716,Jamila Bachri,CC294499,59,Bachelor,40 Hay Hassan II,Fes,30000.0,Y,2,Y,Mortgage
6329,A00005279,Khaoula Mansour,KB153969,54,Bachelor,24 Boulevard Salam,Tanger,90053.0,Y,6,Y,Mortgage
6330,A00008853,Malak Amrani,X304091,39,Bachelor,17 Boulevard Centrale,Abadou,,Y,4,Y,Rent
6331,A00003959,Aziza Tahiri,X590273,38,Bachelor,2 Rue Al Houda,MideltDakhla,,Y,7,Y,Own
6332,A00001075,Othmane Salhi,F715562,60,College,9 Avenue Al Massira,Oujda,60010.0,N,7,Y,Rent
6333,A00006443,Rachida Alaoui,X367021,50,High School,44 Boulevard Salam,Icht,,Y,6,Y,Own
6334,A00004573,Mohammed Amine Moufkir ,AG266133,38,Bachelor,40 Rue Mohammed V,Rabat,11025.0,Y,3,Y,Rent
6335,A00003524,Rachida Bachri,KB844339,31,Bachelor,38 Hay Salam,Tanger,90053.0,Y,6,Y,Rent
6336,A00005333,Noha Bate,X492544,28,Bachelor,12 Lotissement Zerktouni,Tarfaya,,Y,2,Y,Rent
6337,A00008960,Kawtar Amrani,X834269,44,Bachelor,44 Lotissement Centrale,Erfoud,,N,5,Y,Own
6338,A00000409,Mohamed Bennani,F662297,63,Bachelor,49 Boulevard Bernoussi,Oujda,60010.0,N,3,Y,Rent
6339,A00000547,Jamila Oufkir,AG167764,38,Bachelor,42 Lotissement Al Massira,Rabat,11025.0,Y,2,Y,Mortgage
6340,A00009811,Yahya Mansour,BJ638593,59,College,12 Lotissement Zerktouni,Casablanca,20220.0,Y,7,N,Own
6341,A00002835,Taha Metouali,AG220162,34,Bachelor,43 Residence Al Qods,Rabat,11025.0,Y,5,Y,Rent
6342,A00008026,Noha Amrani,DN420011,39,High School,2 Avenue Zerktouni,Meknes,50010.0,Y,6,Y,Own
6343,A00004808,Amine El Fassi,AG437311,54,High School,20 Rue Centrale,Rabat,11025.0,N,6,Y,Rent
6344,A00009861,Aya Tahiri,CC924832,27,MD,46 Avenue Zerktouni,Fes,30000.0,Y,6,Y,Rent
6345,A00005586,Amine Fakhir,JK153499,59,,45 Boulevard Centrale,Agadir,80000.0,N,6,Y,Mortgage
6346,A00000628,Meryem El Fassi,G391410,59,PhD,15 Residence Centrale,Kenitra,14110.0,N,4,Y,Own
6347,A00004634,Hiba Amine,Y906171,63,Bachelor,33 Hay Hassan II,El Kelaa des Sraghna,43000.0,Y,2,Y,Mortgage
6348,A00007468,Aya Bachri,W821187,27,Bachelor,43 Residence Al Massira,Settat,26000.0,Y,6,Y,Own
6349,A00008586,Amine Alaoui,X270762,53,MD,8 Boulevard Bernoussi,Skhour Rehamna,,Y,4,Y,Rent
6350,A00001728,Hajar Tazi,X563939,51,High School,36 Boulevard Hassan II,Haj Kaddour,,Y,4,Y,Own
6351,A00002237,Othmane Jamal,X340165,27,MD,36 Hay El Fadl,Echemmaia,,Y,7,Y,Mortgage
6352,A00009831,Mohamed Mansar,CC824534,26,Bachelor,14 Lotissement El Fadl,Fes,30000.0,Y,5,Y,Mortgage
6353,A00003626,Rachida Fakhir,KB648730,50,MD,7 Boulevard Al Massira,Tanger,90053.0,N,6,Y,Own
6354,A00005707,Khadija El Idrissi,X653353,52,High School,17 Hay Hassan II,Erfoud,,Y,4,Y,Mortgage
6355,A00003040,Hamza Skalli,EA844091,64,Masters,1 Avenue Al Houda,Ben Guerir,43150.0,Y,3,Y,Mortgage
6356,A00003379,Kaoutar Moufkir ,KB749766,51,Bachelor,37 Hay El Fadl,Tanger,90053.0,N,5,N,Rent
6357,A00003131,Mohamed Amrani,DN487375,61,Bachelor,31 Residence Hassan II,Meknes,50010.0,N,4,Y,Rent
6358,A00000156,Jamila El Idrissi,JA848086,33,High School,45 Lotissement Hlioua,Guelmim,81000.0,N,7,Y,Rent
6359,A00004704,Omar El Yousfi,AB715682,33,Bachelor,47 Rue Zerktouni,Sale,11000.0,Y,2,Y,Mortgage
6360,A00008878,Mohammed Amine Alaoui,SH732527,62,Bachelor,12 Hay Al Massira,Laayoune,70000.0,N,4,N,Rent
6361,A00004495,Yahya Berrada,X391762,56,Bachelor,28 Rue Salam,MideltDakhla,,N,2,Y,Rent
6362,A00005208,Hiba Lahlou,AB801941,44,High School,24 Residence Zerktouni,Sale,11000.0,N,3,Y,Mortgage
6363,A00007531,Noha Fadili,T594623,45,Bachelor,45 Boulevard Al Massira,Mohammedia,28810.0,Y,2,Y,Mortgage
6364,A00008423,Jamila Mansour,X132134,60,Bachelor,1 Residence Bernoussi,Bni Hadifa,,N,2,Y,Rent
6365,A00005506,Khaoula Bate,CC335336,41,Bachelor,11 Lotissement Mohammed V,Fes,30000.0,Y,2,Y,Mortgage
6366,A00006026,Rachida Skalli,EE685966,34,Bachelor,30 Boulevard Hassan II,Marrakech,40000.0,Y,7,Y,Mortgage
6367,A00005269,Ahmed Amrani,N296378,59,Masters,22 Boulevard Mohammed V,Essaouira,44000.0,Y,7,Y,Mortgage
6368,A00000258,Taha Alaoui,X131245,51,Masters,22 Avenue Hlioua,Khourubga,25000.0,Y,5,Y,Own
6369,A00005220,Ahmed Farissi,CC594132,52,,22 Residence Hlioua,Fes,30000.0,Y,3,Y,Mortgage
6370,A00000151,Youssef Berrada,X702416,39,Bachelor,36 Avenue Zerktouni,Jerada,,Y,5,Y,Own
6371,A00002247,Taha Banoune,BJ311856,47,PhD,5 Residence Mohammed V,Casablanca,20220.0,Y,3,Y,Mortgage
6372,A00007763,Kaoutar Bennani,BJ645057,30,Bachelor,9 Hay Al Qods,Casablanca,20220.0,Y,2,Y,Own
6373,A00005663,Hiba Benchikh,X327217,47,Bachelor,47 Lotissement Al Massira,Imsouane,,Y,3,Y,Own
6374,A00009821,Kawtar Banoune,M278454,47,Bachelor,49 Residence Zerktouni,El Jadida,24010.0,Y,2,Y,Rent
6375,A00004952,Amine Alaoui,P177513,48,Bachelor,44 Avenue Zerktouni,Ouarzazate,45000.0,Y,2,Y,Mortgage
6376,A00000328,Malak El Fassi,X304071,34,High School,40 Hay Hassan II,Bouznika,,N,2,Y,Own
6377,A00001864,Rachida Jamal,F706530,37,College,35 Avenue Al Qods,Oujda,60010.0,Y,4,Y,Own
6378,A00002107,Kaoutar Benali,X492935,39,Bachelor,18 Boulevard Al Qods,Ait Ourir,,Y,7,Y,Mortgage
6379,A00003168,Hiba Bate,JK626804,50,MD,20 Hay Hassan II,Agadir,80000.0,N,6,Y,Rent
6380,A00007557,Amine Moufkir ,X621002,53,Bachelor,20 Lotissement El Fadl,Had Kourt,,N,5,Y,Mortgage
6381,A00005568,Rania Alaoui,JK795072,36,PhD,13 Avenue Al Houda,Agadir,80000.0,Y,6,Y,Mortgage
6382,A00005357,Adam Farissi,X664865,42,College,42 Rue Hassan II,Aghbala,,Y,3,N,Mortgage
6383,A00007938,Khaoula Ouazzani,SH756827,48,Masters,38 Lotissement Al Massira,Laayoune,70000.0,Y,3,Y,Rent
6384,A00009275,Khaoula Metouali,DA603653,32,,8 Boulevard Mohammed V,Azrou,53100.0,Y,7,Y,Own
6385,A00008237,Omar El Yousfi,CC967493,50,Masters,13 Lotissement Zerktouni,Fes,30000.0,N,2,Y,Own
6386,A00001485,Mohamed Amrani,DN814976,31,,6 Hay Al Massira,Meknes,50010.0,Y,7,N,Own
6387,A00003306,Rania Dadi,L172633,62,Masters,36 Residence Al Houda,Tetouan,93000.0,Y,6,N,Own
6388,A00005688,Meryem Tazi,X104798,64,High School,33 Avenue Mohammed V,Kalaat M'Gouna,,Y,2,Y,Own
6389,A00005113,Othmane Barghoud,JK787871,60,Bachelor,49 Boulevard Hlioua,Agadir,80000.0,N,2,Y,Mortgage
6390,A00002099,Kaoutar El Yousfi,HH874115,43,,15 Avenue Bernoussi,Safi,46000.0,Y,6,Y,Mortgage
6391,A00004889,Khadija Barghoud,DN209809,48,Bachelor,28 Avenue Mohammed V,Meknes,50010.0,N,7,Y,Own
6392,A00007099,Rania Salhi,G633659,34,High School,33 Lotissement Salam,Kenitra,14110.0,Y,7,Y,Mortgage
6393,A00008205,Hiba Kibala,KB566957,36,High School,31 Boulevard Al Massira,Tanger,90053.0,Y,7,Y,Own
6394,A00009870,Taha Ouazzani,DN685434,58,PhD,14 Rue Zerktouni,Meknes,50010.0,Y,3,Y,Mortgage
6395,A00004446,Malak Farissi,L911610,32,Masters,33 Hay El Fadl,Tetouan,93000.0,N,6,Y,Rent
6396,A00006242,Taha Jamal,X620745,35,MD,35 Rue Salam,Sidi Bouzid,,Y,4,Y,Mortgage
6397,A00004416,Hajar Dadi,G258657,42,Bachelor,46 Rue Centrale,Kenitra,14110.0,N,5,Y,Own
6398,A00009341,Mohamed Radi,X519217,39,High School,31 Hay Al Qods,Framingham,,Y,7,N,Mortgage
6399,A00006316,Fatima Ezzahra  El Yousfi,AB380754,42,College,47 Rue Zerktouni,Sale,11000.0,N,6,Y,Rent
6400,A00006525,Ahmed Bate,CB102733,52,High School,32 Hay Centrale,Sefrou,31000.0,Y,6,Y,Rent
6401,A00003877,Meryem Mansour,G872072,25,High School,18 Lotissement Bernoussi,Kenitra,14110.0,Y,6,Y,Mortgage
6402,A00000304,Fatima Ezzahra  Bachri,CB322044,37,Bachelor,40 Lotissement Hlioua,Sefrou,31000.0,Y,4,N,Rent
6403,A00006517,Aziza Fadili,X521198,50,College,11 Residence Salam,Laghiat,,Y,2,Y,Rent
6404,A00005175,Hiba Oufkir,LA683511,56,Bachelor,30 Boulevard Al Qods,Larache,92000.0,Y,3,Y,Mortgage
6405,A00000223,Youssef Skalli,X741865,61,Bachelor,39 Rue Al Massira,Bni Ansar,,Y,4,Y,Mortgage
6406,A00002221,Salma Benchikh,CC567441,51,Bachelor,23 Residence Mohammed V,Fes,30000.0,Y,2,Y,Rent
6407,A00008300,Rachida Mansour,L751456,50,High School,36 Hay Centrale,Tetouan,93000.0,Y,3,Y,Mortgage
6408,A00007674,Adam Alaoui,G601116,55,High School,30 Lotissement Al Houda,Kenitra,14110.0,Y,7,Y,Mortgage
6409,A00008898,Malak Barghoud,SA401901,30,Bachelor,13 Rue El Fadl,Nador,62000.0,Y,3,Y,Rent
6410,A00003597,Rania Amine,AG979363,32,PhD,1 Hay Centrale,Rabat,11025.0,Y,5,Y,Own
6411,A00008213,Taha Radi,L578991,48,Bachelor,9 Hay El Fadl,Tetouan,93000.0,N,3,Y,Rent
6412,A00005808,Khaoula Berrada,JK582647,58,Bachelor,44 Rue Al Qods,Agadir,80000.0,N,7,Y,Mortgage
6413,A00007203,Aya Mansour,KB781992,25,College,41 Rue Al Massira,Tanger,90053.0,Y,6,Y,Rent
6414,A00004479,Mohammed Amine Skalli,CC736468,43,High School,42 Avenue El Fadl,Fes,30000.0,Y,2,Y,Own
6415,A00009339,Hassan Dadi,L600150,47,Bachelor,46 Rue Al Houda,Tetouan,93000.0,N,7,N,Rent
6416,A00005250,Fatima Salhi,DN503586,62,Masters,43 Boulevard Zerktouni,Meknes,50010.0,Y,2,Y,Rent
6417,A00006310,Omar Fakhir,AB558789,41,Bachelor,19 Hay El Fadl,Sale,11000.0,N,2,Y,Rent
6418,A00009101,Salma Fadili,BJ211192,57,PhD,22 Hay Al Massira,Casablanca,20220.0,N,5,Y,Rent
6419,A00003588,Salma El Fassi,HH417307,64,Masters,26 Rue Al Qods,Safi,46000.0,N,4,Y,Mortgage
6420,A00007192,Aziza Berrada,AB758811,28,Bachelor,4 Residence Al Massira,Sale,11000.0,Y,5,Y,Mortgage
6421,A00004652,Omar Berrada,X901527,42,High School,24 Boulevard Mohammed V,Bab Taza,,Y,2,Y,Rent
6422,A00009991,Youssef Tazi,CC854798,54,High School,22 Boulevard Salam,Fes,30000.0,Y,3,Y,Mortgage
6423,A00006132,Rania Dadi,BJ541651,35,High School,30 Rue Al Massira,Casablanca,20220.0,Y,3,Y,Mortgage
6424,A00000212,Aziza Mansour,X846547,29,High School,27 Hay Al Houda,Selouane,,Y,6,Y,Own
6425,A00005628,Hassan Skalli,EE398871,57,College,3 Rue Al Qods,Marrakech,40000.0,Y,4,Y,Mortgage
6426,A00001755,Hiba Jamal,BJ120873,57,High School,40 Lotissement Centrale,Casablanca,20220.0,Y,4,Y,Mortgage
6427,A00002132,Yahya Ouazzani,F195681,25,PhD,40 Rue Mohammed V,Oujda,60010.0,N,6,Y,Own
6428,A00003618,Noha Moufkir ,F355129,26,MD,6 Hay Hassan II,Oujda,60010.0,Y,7,Y,Mortgage
6429,A00000703,Kawtar Radi,KB838647,40,High School,41 Rue Al Massira,Tanger,90053.0,Y,6,N,Own
6430,A00006676,Malak El Fassi,JA768728,25,High School,4 Lotissement Hlioua,Guelmim,81000.0,N,6,Y,Mortgage
6431,A00009463,Mohamed Banoune,BJ918966,34,High School,22 Avenue Al Qods,Casablanca,20220.0,N,2,Y,Mortgage
6432,A00003742,Amine Barghoud,WA828249,43,High School,30 Avenue Bernoussi,Berrechid,26100.0,Y,7,Y,Rent
6433,A00007639,Kaoutar El Idrissi,CC220863,26,Bachelor,13 Boulevard Al Massira,Fes,30000.0,N,4,Y,Rent
6434,A00007181,Hassan Berrada,X797494,49,College,33 Boulevard Al Houda,Ouezzane,,N,6,Y,Own
6435,A00002872,Mohamed Ouazzani,BJ835742,54,PhD,9 Residence Hlioua,Casablanca,20220.0,Y,6,Y,Rent
6436,A00005735,Rachida Mansar,P990317,59,Bachelor,26 Avenue Al Houda,Ouarzazate,45000.0,Y,6,Y,Mortgage
6437,A00008794,Yahya El Fassi,CB660089,58,Bachelor,46 Rue Zerktouni,Sefrou,31000.0,Y,4,Y,Own
6438,A00009922,Aziza Fadili,DN103655,36,Bachelor,30 Rue Al Qods,Meknes,50010.0,N,3,Y,Own
6439,A00009369,Fatima Dadi,JA276235,49,High School,5 Rue Al Houda,Guelmim,81000.0,Y,6,Y,Rent
6440,A00008821,Rania Metouali,P851906,43,Bachelor,15 Avenue Al Massira,Ouarzazate,45000.0,N,4,Y,Own
6441,A00005174,Fatima Ezzahra  Benali,KB434678,52,,9 Avenue Salam,Tanger,90053.0,N,7,Y,Mortgage
6442,A00007819,Taha Berrada,L551585,63,High School,36 Hay Centrale,Tetouan,93000.0,N,2,Y,Rent
6443,A00007226,Kaoutar Radi,EE700738,46,College,49 Boulevard El Fadl,Marrakech,40000.0,Y,5,Y,Rent
6444,A00004944,Hamza Bachri,JK916979,29,Bachelor,9 Lotissement El Fadl,Agadir,80000.0,Y,2,Y,Own
6445,A00009963,Othmane Amine,X855996,60,Bachelor,10 Rue Al Massira,Tinghir,,Y,7,Y,Own
6446,A00008167,Othmane El Fassi,KB535283,30,Bachelor,39 Rue Al Houda,Tanger,90053.0,N,7,N,Mortgage
6447,A00000025,Amine Tazi,JK252743,61,High School,17 Hay Centrale,Agadir,80000.0,N,7,Y,Mortgage
6448,A00004780,Omar Alaoui,F170951,48,Masters,41 Rue Al Qods,Oujda,60010.0,Y,7,Y,Own
6449,A00006035,Othmane Benali,BJ125615,27,Bachelor,37 Hay Hassan II,Casablanca,20220.0,Y,6,Y,Mortgage
6450,A00003113,Youssef Tahiri,LC613737,45,Masters,4 Lotissement Bernoussi,Chefchaouen,91000.0,Y,4,Y,Mortgage
6451,A00003152,Meryem Mansour,DN650891,64,High School,33 Lotissement Salam,Meknes,50010.0,Y,4,Y,Mortgage
6452,A00001274,Aya Lahlou,N359219,53,High School,36 Boulevard Salam,Essaouira,44000.0,Y,4,Y,Rent
6453,A00000427,Hamza El Yousfi,X675826,49,College,47 Lotissement Zerktouni,Ouezzane,,N,2,Y,Mortgage
6454,A00002135,Youssef Farissi,KB670305,47,Bachelor,20 Rue El Fadl,Tanger,90053.0,Y,6,Y,Mortgage
6455,A00000102,Hamza Barghoud,BJ461938,62,Masters,23 Hay Al Qods,Casablanca,20220.0,Y,5,Y,Own
6456,A00001714,Aziza Amrani,X891337,25,High School,27 Boulevard Hassan II,Foum Jamaa,,N,6,Y,Own
6457,A00003702,Kaoutar Metouali,L161676,32,College,4 Boulevard El Fadl,Tetouan,93000.0,Y,5,Y,Own
6458,A00002906,Amine Banoune,SA756270,39,Bachelor,44 Rue Centrale,Nador,62000.0,Y,6,Y,Own
6459,A00007446,Khadija Bachri,JC697825,35,Bachelor,15 Rue Bernoussi,Taaroudant,83000.0,N,4,Y,Own
6460,A00005178,Khaoula El Idrissi,JK192367,37,Bachelor,4 Lotissement Centrale,Agadir,80000.0,Y,5,Y,Mortgage
6461,A00007750,Rachida Tazi,AB478727,55,High School,8 Boulevard Bernoussi,Sale,11000.0,Y,6,Y,Mortgage
6462,A00006929,Hamza Banoune,KB119081,63,MD,3 Residence Salam,Tanger,90053.0,Y,5,Y,Own
6463,A00009018,Mohammed Amine El Yousfi,X296764,54,High School,35 Hay Al Houda,Nzalat,,Y,3,Y,Rent
6464,A00007285,Taha Fakhir,X852572,55,High School,25 Hay Al Qods,Tourza,,Y,6,Y,Own
6465,A00002106,Khaoula El Fassi,X148109,33,College,16 Rue Hassan II,Tata,,N,5,Y,Own
6466,A00003609,Othmane Tahiri,CC213245,51,Bachelor,48 Lotissement Zerktouni,Fes,30000.0,N,4,Y,Mortgage
6467,A00003396,Zineb Mansour,L382161,53,High School,15 Boulevard El Fadl,Tetouan,93000.0,Y,4,Y,Mortgage
6468,A00007148,Khadija Jamal,X342518,56,Bachelor,8 Lotissement Salam,El Ksiba,,Y,5,Y,Rent
6469,A00009470,Yahya Radi,X462485,64,Bachelor,2 Rue Al Houda,MideltDakhla,,Y,5,Y,Mortgage
6470,A00005182,Aziza Banoune,JK830435,40,PhD,30 Residence El Fadl,Agadir,80000.0,Y,4,Y,Mortgage
6471,A00006449,Taha Dadi,HH297970,32,Bachelor,46 Residence El Fadl,Safi,46000.0,Y,7,Y,Rent
6472,A00006945,Amine Barghoud,KB998399,63,Bachelor,32 Residence Hlioua,Tanger,90053.0,Y,5,Y,Mortgage
6473,A00001144,Hiba Bachri,CC882851,44,High School,26 Hay Hlioua,Fes,30000.0,Y,6,Y,Own
6474,A00009800,Khaoula El Yousfi,M573182,40,High School,6 Boulevard Mohammed V,El Jadida,24010.0,Y,6,N,Mortgage
6475,A00001102,Adam Berrada,KB903021,54,Bachelor,49 Hay El Fadl,Tanger,90053.0,Y,2,Y,Own
6476,A00001077,Khadija Kibala,X724594,40,PhD,9 Hay Al Qods,Sebaa Aiyoun,,Y,6,Y,Rent
6477,A00003309,Othmane Metouali,L272897,55,High School,2 Rue Centrale,Tetouan,93000.0,Y,5,Y,Own
6478,A00001699,Mohamed Radi,AG593024,38,Bachelor,4 Residence Centrale,Rabat,11025.0,Y,7,Y,Own
6479,A00002609,Taha Alaoui,X977437,32,High School,27 Lotissement Centrale,Driouch,,Y,2,Y,Rent
6480,A00003812,Kaoutar Oufkir,X417711,59,Bachelor,26 Hay Centrale,Tsaft,,Y,4,Y,Mortgage
6481,A00000981,Hiba Jamal,CC648471,30,Bachelor,1 Lotissement Zerktouni,Fes,30000.0,Y,5,Y,Own
6482,A00008339,Hiba Mansour,X624918,53,Bachelor,6 Lotissement Hassan II,Ksar El Kebir,,Y,4,Y,Mortgage
6483,A00008015,Mohamed Bennani,X375193,33,College,27 Boulevard Centrale,Akhfenir,,Y,2,Y,Mortgage
6484,A00005366,Noha Skalli,EE462183,27,High School,18 Lotissement Bernoussi,Marrakech,40000.0,N,3,Y,Mortgage
6485,A00000376,Fatima Jamal,X996771,29,MD,47 Lotissement Hassan II,Massa,,Y,7,Y,Mortgage
6486,A00004547,Amine El Fassi,AB147377,59,PhD,14 Hay Al Qods,Sale,11000.0,N,4,N,Rent
6487,A00005260,Ahmed Mansar,L380058,51,Masters,26 Boulevard Hlioua,Tetouan,93000.0,N,3,Y,Own
6488,A00002728,Taha Ouazzani,X104743,62,Bachelor,38 Rue Al Houda,Khourubga,25000.0,N,4,Y,Rent
6489,A00004072,Omar Tahiri,X742013,48,High School,24 Lotissement Al Massira,M'diq,,Y,6,Y,Own
6490,A00009742,Zineb Fadili,N857299,33,High School,42 Hay Al Houda,Essaouira,44000.0,N,3,N,Own
6491,A00008216,Yahya Lahlou,EE601664,63,High School,44 Boulevard Mohammed V,Marrakech,40000.0,Y,7,Y,Mortgage
6492,A00008753,Adam Jamal,CC341755,32,Bachelor,26 Lotissement Zerktouni,Fes,30000.0,Y,7,Y,Rent
6493,A00005423,Omar Fakhir,L233860,61,Bachelor,45 Lotissement Zerktouni,Tetouan,93000.0,Y,7,Y,Own
6494,A00003403,Meryem Benchikh,EE648383,53,High School,45 Lotissement Salam,Marrakech,40000.0,Y,5,Y,Rent
6495,A00004881,Youssef Berrada,JC917913,50,Bachelor,45 Avenue Salam,Taaroudant,83000.0,Y,7,Y,Mortgage
6496,A00005938,Ahmed Mansar,DN456840,34,Masters,45 Boulevard Bernoussi,Meknes,50010.0,N,6,Y,Own
6497,A00002475,Hassan Moufkir ,DN786078,28,College,34 Hay Salam,Meknes,50010.0,Y,3,Y,Own
6498,A00001574,Malak Alaoui,BJ171784,44,Bachelor,49 Boulevard Centrale,Casablanca,20220.0,N,2,Y,Mortgage
6499,A00001306,Rania Jamal,KB206308,52,Bachelor,3 Residence Salam,Tanger,90053.0,Y,4,Y,Rent
6500,A00004298,Aziza El Yousfi,JK681294,31,High School,4 Hay Centrale,Agadir,80000.0,Y,4,Y,Own
6501,A00001188,Khaoula Bate,X195128,53,High School,1 Lotissement Hassan II,Khourubga,25000.0,Y,5,Y,Rent
6502,A00005970,Yahya Dadi,KB579585,37,Masters,49 Boulevard Al Qods,Tanger,90053.0,Y,4,Y,Mortgage
6503,A00001781,Omar Alaoui,X848978,45,Bachelor,3 Avenue Bernoussi,Ouezzane,,N,6,Y,Mortgage
6504,A00001547,Hassan Skalli,W670520,27,Bachelor,46 Residence Al Houda,Settat,26000.0,Y,5,Y,Mortgage
6505,A00008374,Malak Amrani,CB164148,55,High School,4 Hay Al Massira,Sefrou,31000.0,Y,5,Y,Mortgage
6506,A00003246,Fatima Ezzahra  Moufkir ,EE735573,40,Bachelor,17 Lotissement Hlioua,Marrakech,40000.0,Y,7,Y,Rent
6507,A00009808,Omar Radi,JK705837,25,Bachelor,2 Avenue Hassan II,Agadir,80000.0,Y,7,Y,Own
6508,A00001254,Aziza Skalli,W226965,35,Bachelor,46 Residence Al Houda,Settat,26000.0,Y,5,Y,Rent
6509,A00006884,Jamila Ouazzani,SH799259,29,Bachelor,39 Rue Bernoussi,Laayoune,70000.0,Y,4,Y,Rent
6510,A00002415,Fatima El Idrissi,CC255941,43,Masters,46 Rue Hassan II,Fes,30000.0,Y,4,Y,Rent
6511,A00000837,Rania Benali,AB605614,49,High School,12 Boulevard Al Massira,Sale,11000.0,Y,2,N,Rent
6512,A00001215,Meryem Bate,GK271588,49,Bachelor,25 Lotissement Al Massira,Sidi Kacem,16000.0,N,3,Y,Own
6513,A00001747,Salma Oufkir,X749631,34,Bachelor,2 Hay Salam,Kerrouchen,,Y,2,Y,Rent
6514,A00004609,Hiba Mansour,BJ870097,42,Masters,15 Boulevard Al Houda,Casablanca,20220.0,Y,5,Y,Rent
6515,A00006140,Hiba Alaoui,X729969,43,High School,19 Rue Bernoussi,Ras El Ma,,Y,4,Y,Mortgage
6516,A00006174,Amine Metouali,SA523444,55,Masters,8 Rue Al Qods,Nador,62000.0,Y,4,Y,Mortgage
6517,A00005656,Othmane Lahlou,BJ808845,25,College,45 Boulevard Hlioua,Casablanca,20220.0,N,7,Y,Own
6518,A00007165,Hassan Moufkir ,X657216,32,Bachelor,36 Boulevard Al Qods,Matarka,,N,6,Y,Mortgage
6519,A00001206,Adam Radi,BJ674791,53,,37 Lotissement El Fadl,Casablanca,20220.0,Y,4,Y,Rent
6520,A00005386,Hamza Jamal,KB693996,52,High School,2 Hay Centrale,Tanger,90053.0,Y,2,Y,Own
6521,A00006751,Omar Alaoui,BJ556982,47,Bachelor,27 Lotissement Mohammed V,Casablanca,20220.0,Y,4,Y,Rent
6522,A00008397,Hassan Radi,P756951,61,Bachelor,12 Hay Salam,Ouarzazate,45000.0,Y,2,Y,Own
6523,A00008223,Khadija Barghoud,AG579238,37,High School,32 Residence Zerktouni,Rabat,11025.0,Y,4,Y,Rent
6524,A00008620,Meryem Bachri,BJ604821,57,,21 Residence Al Massira,Casablanca,20220.0,N,6,Y,Own
6525,A00001234,Rania Eddoughmi,G204930,29,Masters,47 Boulevard Al Houda,Kenitra,14110.0,Y,2,Y,Mortgage
6526,A00000738,Fatima Amrani,X990566,57,MD,27 Hay Hassan II,Tissa,,N,3,Y,Own
6527,A00005125,Ahmed Bachri,BJ689459,39,Bachelor,30 Rue Al Massira,Casablanca,20220.0,Y,5,Y,Rent
6528,A00008628,Mohamed Radi,X557791,37,Bachelor,16 Hay Hlioua,Tichla,,Y,7,Y,Rent
6529,A00009616,Hamza Tahiri,X972373,28,College,1 Avenue Salam,Souani,,Y,3,N,Rent
6530,A00002703,Zineb Dadi,EE595306,33,Bachelor,15 Residence Hlioua,Marrakech,40000.0,Y,6,Y,Mortgage
6531,A00003199,Malak Mansour,L331661,31,High School,37 Residence El Fadl,Tetouan,93000.0,N,2,Y,Own
6532,A00004194,Othmane Benchikh,G615141,35,College,47 Residence Al Houda,Kenitra,14110.0,Y,7,Y,Rent
6533,A00006295,Othmane Fadili,X810475,55,Bachelor,18 Residence Mohammed V,Bir Jdid,,Y,3,Y,Rent
6534,A00003934,Othmane Tahiri,WA797713,33,MD,7 Rue Hassan II,Berrechid,26100.0,Y,5,Y,Rent
6535,A00002479,Othmane Skalli,CB440702,42,High School,39 Boulevard Al Houda,Sefrou,31000.0,Y,7,Y,Rent
6536,A00004772,Meryem Fadili,AB544661,62,Masters,36 Lotissement Bernoussi,Sale,11000.0,Y,3,Y,Rent
6537,A00007191,Hamza Radi,AB192694,59,Bachelor,45 Residence Hassan II,Sale,11000.0,Y,5,Y,Mortgage
6538,A00000523,Malak Bate,DN396341,52,Bachelor,11 Rue Centrale,Meknes,50010.0,Y,7,Y,Mortgage
6539,A00003790,Ahmed Metouali,BJ597800,61,Masters,18 Avenue Hlioua,Casablanca,20220.0,Y,2,Y,Rent
6540,A00006960,Hassan Bate,X420371,50,High School,17 Lotissement Al Qods,Azgour,,Y,6,Y,Rent
6541,A00008351,Mohamed El Fassi,G195825,26,High School,19 Lotissement Bernoussi,Kenitra,14110.0,Y,6,N,Own
6542,A00000060,Omar El Fassi,JK371425,28,PhD,45 Boulevard Al Qods,Agadir,80000.0,Y,6,Y,Own
6543,A00001729,Rania Mansour,HH316490,29,Bachelor,49 Lotissement Salam,Safi,46000.0,Y,3,Y,Own
6544,A00002869,Omar El Fassi,JK405871,26,Bachelor,49 Avenue Hlioua,Agadir,80000.0,Y,6,N,Mortgage
6545,A00001902,Aya El Yousfi,CC209390,27,College,43 Rue Centrale,Fes,30000.0,Y,6,N,Own
6546,A00007539,Fatima Ezzahra  Skalli,EE682919,25,High School,39 Boulevard Mohammed V,Marrakech,40000.0,N,3,Y,Rent
6547,A00001314,Jamila Dadi,X650369,32,Bachelor,47 Lotissement Zerktouni,Ouezzane,,Y,6,Y,Mortgage
6548,A00006138,Meryem Kibala,JA186073,50,High School,16 Hay Zerktouni,Guelmim,81000.0,Y,3,Y,Rent
6549,A00006236,Salma Bennani,AG771643,32,High School,30 Lotissement Al Qods,Rabat,11025.0,Y,5,Y,Mortgage
6550,A00001170,Youssef Radi,HH485910,48,Bachelor,17 Boulevard Salam,Safi,46000.0,Y,4,Y,Rent
6551,A00004427,Youssef Lahlou,EE406781,46,High School,28 Avenue Al Houda,Marrakech,40000.0,Y,7,Y,Rent
6552,A00004367,Zineb Benchikh,X511077,34,Bachelor,36 Lotissement Salam,Taounate,,N,2,Y,Rent
6553,A00001887,Youssef Kibala,X343474,48,Bachelor,25 Lotissement Zerktouni,Ras El Ma,,Y,2,Y,Own
6554,A00007233,Aya Moufkir ,L773552,41,High School,28 Lotissement Mohammed V,Tetouan,93000.0,Y,7,Y,Own
6555,A00007817,Salma Banoune,X576639,40,PhD,16 Rue Hassan II,Tata,,Y,5,N,Rent
6556,A00008904,Hiba Bachri,AG255074,55,Bachelor,39 Boulevard Centrale,Rabat,11025.0,Y,3,N,Own
6557,A00003010,Khaoula Mansour,AG195168,32,College,24 Rue Hlioua,Rabat,11025.0,Y,6,Y,Own
6558,A00008090,Hassan El Fassi,DN155334,44,Bachelor,35 Lotissement El Fadl,Meknes,50010.0,Y,5,Y,Mortgage
6559,A00002114,Mohamed Tazi,CC317221,40,PhD,33 Residence Mohammed V,Fes,30000.0,Y,6,Y,Mortgage
6560,A00009772,Hiba Salhi,BJ320678,47,Masters,19 Rue Centrale,Casablanca,20220.0,Y,5,Y,Mortgage
6561,A00005039,Omar El Idrissi,DN209858,64,Bachelor,39 Lotissement Hlioua,Meknes,50010.0,Y,7,Y,Rent
6562,A00005240,Aziza Mansar,F700813,29,Bachelor,9 Avenue Al Massira,Oujda,60010.0,Y,6,Y,Rent
6563,A00001922,Hiba El Yousfi,X731824,46,Bachelor,45 Residence Al Qods,Madagh,,N,6,Y,Own
6564,A00000735,Malak Jamal,X777212,37,MD,2 Rue Al Qods,Had Soualem,,Y,3,Y,Own
6565,A00007553,Malak Metouali,KB977468,52,College,4 Rue Al Massira,Tanger,90053.0,Y,6,Y,Own
6566,A00004877,Malak Fakhir,X224439,31,PhD,24 Hay Salam,Missour,,N,3,Y,Own
6567,A00004165,Salma Lahlou,L865183,53,High School,15 Boulevard Al Massira,Tetouan,93000.0,Y,7,Y,Mortgage
6568,A00003711,Salma Farissi,X175702,27,MD,35 Rue Hlioua,Sidi Slimane,,N,6,Y,Mortgage
6569,A00001770,Youssef El Idrissi,X158091,25,,42 Boulevard Bernoussi,Sidi Yahya Zaer,,N,7,Y,Mortgage
6570,A00004155,Noha Berrada,X212467,63,College,9 Boulevard Bernoussi,Oulad Tayeb,,Y,3,Y,Mortgage
6571,A00000933,Hamza Moufkir ,Y171663,53,High School,9 Boulevard Bernoussi,El Kelaa des Sraghna,43000.0,N,3,Y,Mortgage
6572,A00006565,Salma Oufkir,DN835407,28,Bachelor,41 Lotissement Salam,Meknes,50010.0,N,3,Y,Mortgage
6573,A00006835,Ahmed Moufkir ,X792444,42,Masters,12 Rue Hlioua,Ras El Ma,,Y,5,Y,Own
6574,A00007154,Kaoutar Alaoui,X393315,50,Bachelor,1 Lotissement Al Massira,M'diq,,Y,4,Y,Own
6575,A00003489,Noha Mansour,L775973,41,Bachelor,23 Hay Hlioua,Tetouan,93000.0,Y,4,Y,Mortgage
6576,A00006656,Omar Fadili,X422979,51,College,9 Rue Centrale,Ras El Ma,,Y,4,N,Mortgage
6577,A00009767,Aziza Barghoud,F413434,64,Bachelor,35 Avenue Al Qods,Oujda,60010.0,Y,5,N,Own
6578,A00004462,Mohammed Amine Farissi,L883158,58,High School,44 Rue Centrale,Tetouan,93000.0,N,6,Y,Rent
6579,A00008405,Salma Tazi,X277371,36,High School,10 Rue Al Houda,Khourubga,25000.0,Y,7,Y,Own
6580,A00001565,Jamila Metouali,AG544573,34,High School,36 Lotissement Centrale,Rabat,11025.0,Y,4,Y,Own
6581,A00006102,Hajar El Fassi,AB596640,49,Bachelor,9 Residence Mohammed V,Sale,11000.0,Y,3,Y,Rent
6582,A00001608,Jamila El Idrissi,X947820,36,Bachelor,2 Hay Salam,Kerrouchen,,Y,2,Y,Rent
6583,A00006502,Ahmed Ouazzani,L973737,44,High School,24 Lotissement Salam,Tetouan,93000.0,Y,3,N,Mortgage
6584,A00005635,Hiba Barghoud,KB286708,43,Bachelor,45 Boulevard Al Houda,Tanger,90053.0,Y,7,N,Own
6585,A00004588,Omar Berrada,KB353873,60,Masters,45 Rue Al Massira,Tanger,90053.0,Y,5,Y,Rent
6586,A00007499,Hamza El Idrissi,AB248078,34,College,34 Residence Salam,Sale,11000.0,N,2,Y,Own
6587,A00009121,Omar Moufkir ,BJ761153,58,College,8 Residence Bernoussi,Casablanca,20220.0,Y,7,Y,Own
6588,A00001704,Omar El Yousfi,L802776,64,High School,40 Residence Salam,Tetouan,93000.0,Y,3,Y,Own
6589,A00005684,Rachida Jamal,AB561233,40,Masters,20 Hay Al Qods,Sale,11000.0,Y,2,Y,Own
6590,A00000268,Zineb Dadi,JK348360,64,Bachelor,3 Residence Mohammed V,Agadir,80000.0,Y,6,N,Own
6591,A00000662,Khadija Bachri,DN225863,36,Bachelor,10 Boulevard Salam,Meknes,50010.0,Y,5,Y,Mortgage
6592,A00007743,Aziza Alaoui,CC430718,27,Bachelor,15 Residence Salam,Fes,30000.0,N,5,Y,Own
6593,A00004747,Rachida Skalli,ZG694865,58,,11 Boulevard Al Massira,Guercif,37000.0,Y,3,Y,Mortgage
6594,A00002127,Adam Eddoughmi,X723148,38,Bachelor,17 Rue Centrale,Erfoud,,Y,6,Y,Mortgage
6595,A00001184,Noha Skalli,JK227410,35,High School,2 Residence El Fadl,Agadir,80000.0,N,5,N,Rent
6596,A00002190,Yahya Salhi,X895742,33,Bachelor,19 Boulevard Centrale,Arekmane,,N,3,Y,Own
6597,A00006149,Hamza Skalli,GK530397,43,High School,4 Avenue Al Massira,Sidi Kacem,16000.0,Y,5,Y,Mortgage
6598,A00007469,Ahmed Dadi,JK764656,51,Bachelor,49 Avenue Hassan II,Agadir,80000.0,Y,7,Y,Rent
6599,A00005642,Fatima Moufkir ,SH210384,28,MD,12 Hay Al Massira,Laayoune,70000.0,Y,7,Y,Own
6600,A00002501,Ahmed Bachri,AG679692,36,High School,1 Boulevard Mohammed V,Rabat,11025.0,Y,5,Y,Rent
6601,A00002428,Yahya Bachri,BJ574154,58,High School,22 Hay Mohammed V,Casablanca,20220.0,Y,3,Y,Mortgage
6602,A00007000,Aziza Mansar,X980063,61,Bachelor,12 Rue Hlioua,Ras El Ma,,N,5,Y,Mortgage
6603,A00005820,Jamila El Idrissi,AG614201,60,PhD,49 Hay Mohammed V,Rabat,11025.0,Y,3,Y,Rent
6604,A00000203,Fatima Amine,X449709,37,High School,36 Avenue Bernoussi,Zeghanghane,,Y,6,Y,Own
6605,A00007096,Amine Moufkir ,JK984345,44,PhD,2 Residence Hassan II,Agadir,80000.0,N,3,Y,Mortgage
6606,A00000300,Othmane Tahiri,X710582,35,High School,46 Hay Bernoussi,Boujniba,,Y,3,Y,Mortgage
6607,A00004436,Salma Bate,N710961,52,MD,48 Rue Mohammed V,Essaouira,44000.0,Y,6,Y,Own
6608,A00001028,Meryem Berrada,X217182,41,Bachelor,19 Boulevard Mohammed V,Rissani,,Y,7,Y,Own
6609,A00006376,Rania Banoune,EE520023,51,Masters,45 Boulevard Hassan II,Marrakech,40000.0,Y,6,N,Own
6610,A00001518,Khaoula Oufkir,CC502032,57,Bachelor,8 Boulevard Al Massira,Fes,30000.0,N,5,N,Own
6611,A00001304,Rania Fakhir,AG173341,58,College,27 Lotissement Zerktouni,Rabat,11025.0,Y,6,Y,Rent
6612,A00009966,Youssef Bachri,BJ835148,33,Masters,1 Hay Salam,Casablanca,20220.0,Y,4,Y,Rent
6613,A00009500,Meryem El Fassi,EE223888,47,High School,14 Rue Al Massira,Marrakech,40000.0,Y,2,Y,Rent
6614,A00009785,Kawtar Kibala,AG338716,41,Bachelor,26 Boulevard Al Houda,Rabat,11025.0,Y,3,Y,Own
6615,A00000320,Zineb Benali,JK148676,34,High School,7 Lotissement Al Massira,Agadir,80000.0,N,7,Y,Rent
6616,A00009925,Fatima Ezzahra  Amine,DN116906,61,College,46 Residence Al Massira,Meknes,50010.0,N,4,Y,Rent
6617,A00002563,Yahya Fadili,BJ453444,26,High School,12 Rue Salam,Casablanca,20220.0,Y,5,Y,Rent
6618,A00002557,Meryem Skalli,DN967845,26,Bachelor,20 Hay Mohammed V,Meknes,50010.0,Y,3,Y,Mortgage
6619,A00005102,Rachida Metouali,G445291,50,High School,12 Boulevard El Fadl,Kenitra,14110.0,N,4,Y,Mortgage
6620,A00008785,Aya Tahiri,N803830,37,,40 Hay El Fadl,Essaouira,44000.0,Y,4,Y,Rent
6621,A00000492,Kaoutar Bate,AG559036,59,Bachelor,33 Lotissement Al Houda,Rabat,11025.0,Y,6,Y,Own
6622,A00005262,Rania Oufkir,L315572,56,College,41 Rue El Fadl,Tetouan,93000.0,N,6,Y,Mortgage
6623,A00009127,Ahmed Barghoud,X605380,45,Bachelor,22 Residence Mohammed V,Mathews,,N,2,Y,Mortgage
6624,A00001298,Fatima Ezzahra  Metouali,KB444728,44,High School,20 Hay Al Houda,Tanger,90053.0,Y,7,Y,Own
6625,A00006990,Aziza Banoune,KB431048,45,,2 Hay Zerktouni,Tanger,90053.0,Y,5,Y,Own
6626,A00008238,Ahmed El Idrissi,KB198529,25,College,33 Avenue Al Massira,Tanger,90053.0,Y,7,Y,Rent
6627,A00000024,Zineb El Yousfi,L581905,26,Masters,3 Lotissement Zerktouni,Tetouan,93000.0,N,3,Y,Mortgage
6628,A00007411,Omar Bachri,X537043,47,High School,15 Rue Mohammed V,Souk El Arbaa,,N,4,Y,Mortgage
6629,A00009551,Salma Bate,JA900078,52,Masters,41 Boulevard Al Houda,Guelmim,81000.0,Y,4,Y,Own
6630,A00005564,Noha El Fassi,AG345910,51,PhD,24 Hay Bernoussi,Rabat,11025.0,Y,2,Y,Mortgage
6631,A00008541,Aya Bate,X818413,49,Masters,41 Hay Bernoussi,Mechra Bel Ksiri,,N,2,Y,Rent
6632,A00000661,Hajar Amine,AB428291,45,Bachelor,14 Boulevard Al Houda,Sale,11000.0,Y,4,Y,Rent
6633,A00001371,Ahmed Amrani,P489193,25,MD,27 Avenue Hassan II,Ouarzazate,45000.0,Y,4,Y,Mortgage
6634,A00000123,Rachida Tazi,X210413,59,College,21 Boulevard Al Houda,Asilah,,Y,2,Y,Own
6635,A00006630,Mohamed Lahlou,G690916,27,Bachelor,47 Residence El Fadl,Kenitra,14110.0,Y,7,Y,Rent
6636,A00006759,Othmane Bachri,X775246,62,Bachelor,36 Boulevard Al Qods,Matarka,,Y,2,Y,Rent
6637,A00004717,Hassan Barghoud,X347668,49,College,1 Rue Bernoussi,Bni Makada,,Y,4,Y,Mortgage
6638,A00007131,Amine Jamal,CC809396,35,MD,33 Avenue Al Houda,Fes,30000.0,Y,6,Y,Mortgage
6639,A00001860,Meryem Benchikh,X768657,35,High School,49 Residence Salam,Mediouna,,Y,3,Y,Mortgage
6640,A00003884,Hassan Bachri,DN674839,62,High School,40 Avenue Hassan II,Meknes,50010.0,N,7,Y,Mortgage
6641,A00001377,Jamila El Idrissi,AB406167,48,Bachelor,9 Avenue Centrale,Sale,11000.0,N,3,Y,Mortgage
6642,A00003960,Khadija Eddoughmi,EE673427,29,High School,30 Residence Bernoussi,Marrakech,40000.0,Y,5,Y,Rent
6643,A00009316,Kaoutar Bate,CC802862,37,MD,24 Boulevard Al Houda,Fes,30000.0,N,6,Y,Mortgage
6644,A00008007,Rania Fakhir,X101105,60,College,38 Boulevard Mohammed V,Youssoufia,,N,4,Y,Own
6645,A00004602,Rania Ouazzani,KB369220,30,Bachelor,2 Rue Mohammed V,Tanger,90053.0,N,4,N,Mortgage
6646,A00004539,Taha Barghoud,BJ568812,40,High School,19 Boulevard El Fadl,Casablanca,20220.0,Y,5,Y,Rent
6647,A00008694,Aya Tahiri,L859212,27,High School,11 Rue Salam,Tetouan,93000.0,Y,2,Y,Mortgage
6648,A00000816,Noha Mansar,G424281,58,Bachelor,3 Hay Centrale,Kenitra,14110.0,Y,5,Y,Rent
6649,A00006858,Hiba Mansar,L398816,26,High School,20 Lotissement Al Houda,Tetouan,93000.0,Y,3,Y,Rent
6650,A00005545,Khadija Salhi,X597878,61,High School,6 Boulevard El Fadl,Rommani,,Y,6,Y,Rent
6651,A00000350,Khaoula Tazi,EE827285,50,Bachelor,14 Rue Al Qods,Marrakech,40000.0,Y,2,Y,Mortgage
6652,A00001496,Hajar El Fassi,DN902417,32,Bachelor,4 Rue Centrale,Meknes,50010.0,N,4,Y,Mortgage
6653,A00006627,Mohamed Fakhir,EE464041,40,Bachelor,38 Boulevard Bernoussi,Marrakech,40000.0,Y,2,N,Mortgage
6654,A00008147,Fatima Ezzahra  Oufkir,X765120,44,High School,42 Boulevard Mohammed V,Tounfite,,Y,3,Y,Mortgage
6655,A00007087,Adam Amrani,F671407,53,Bachelor,3 Rue Mohammed V,Oujda,60010.0,Y,2,Y,Own
6656,A00007971,Jamila Mansour,EE347798,61,Bachelor,4 Residence Bernoussi,Marrakech,40000.0,Y,5,Y,Rent
6657,A00004262,Rania Moufkir ,AG574070,29,High School,48 Rue Hlioua,Rabat,11025.0,N,5,N,Mortgage
6658,A00006419,Yahya Alaoui,L866024,36,Masters,30 Avenue El Fadl,Tetouan,93000.0,Y,5,N,Own
6659,A00004535,Hassan Tahiri,M637148,55,,26 Avenue El Fadl,El Jadida,24010.0,N,7,Y,Mortgage
6660,A00004358,Hamza Skalli,BJ208034,37,PhD,48 Rue El Fadl,Casablanca,20220.0,Y,4,Y,Mortgage
6661,A00002057,Yahya Fadili,G228655,57,Masters,45 Boulevard Hassan II,Kenitra,14110.0,Y,4,Y,Rent
6662,A00006115,Fatima Tazi,AB421207,57,MD,13 Rue Salam,Sale,11000.0,N,3,Y,Rent
6663,A00000957,Omar Barghoud,JK224737,58,,17 Hay Centrale,Agadir,80000.0,N,4,Y,Own
6664,A00002172,Adam Oufkir,DN389970,40,Bachelor,33 Lotissement Salam,Meknes,50010.0,Y,6,Y,Mortgage
6665,A00000174,Othmane El Idrissi,SH904279,27,Bachelor,49 Boulevard Hlioua,Laayoune,70000.0,Y,2,Y,Rent
6666,A00008137,Zineb Dadi,JK827184,60,High School,25 Lotissement Al Massira,Agadir,80000.0,Y,5,Y,Own
6667,A00000092,Salma El Fassi,X598253,60,Bachelor,32 Rue Salam,Sidi Slimane,,Y,5,Y,Own
6668,A00004108,Jamila Bennani,KB736502,59,High School,30 Rue Centrale,Tanger,90053.0,Y,6,Y,Rent
6669,A00001731,Taha Bachri,SH262559,41,Bachelor,2 Boulevard Salam,Laayoune,70000.0,Y,6,Y,Mortgage
6670,A00005791,Fatima Ezzahra  Lahlou,N655199,63,College,28 Avenue Al Houda,Essaouira,44000.0,Y,5,Y,Mortgage
6671,A00003331,Khaoula Dadi,X636039,58,MD,11 Residence El Fadl,Moulay Bouazza,,N,2,Y,Own
6672,A00006290,Ahmed Alaoui,DN858001,25,Bachelor,23 Hay Zerktouni,Meknes,50010.0,Y,2,Y,Rent
6673,A00001412,Ahmed Barghoud,X897151,48,Bachelor,43 Boulevard Centrale,Tahannaout,,Y,2,Y,Own
6674,A00000754,Amine Dadi,EE754418,52,College,41 Residence Hassan II,Marrakech,40000.0,Y,6,Y,Own
6675,A00006914,Malak Amine,KB535340,54,Masters,42 Avenue Al Qods,Tanger,90053.0,Y,6,Y,Rent
6676,A00005948,Adam Benchikh,JK811984,46,PhD,39 Residence Centrale,Agadir,80000.0,Y,2,Y,Rent
6677,A00000643,Youssef Tahiri,AG381561,28,MD,47 Residence Al Massira,Rabat,11025.0,Y,5,Y,Own
6678,A00001752,Kawtar Kibala,X484930,25,Bachelor,20 Hay Al Houda,Aguelmous,,N,4,Y,Mortgage
6679,A00008549,Hamza Bachri,L763334,43,College,18 Residence Bernoussi,Tetouan,93000.0,N,4,Y,Rent
6680,A00003963,Hamza Bate,WA945567,47,Bachelor,35 Rue Hlioua,Berrechid,26100.0,Y,3,Y,Rent
6681,A00006825,Khadija Bachri,L462597,44,MD,41 Lotissement Salam,Tetouan,93000.0,Y,5,Y,Mortgage
6682,A00005215,Othmane Fakhir,G461730,64,Bachelor,43 Lotissement El Fadl,Kenitra,14110.0,N,6,Y,Rent
6683,A00009390,Salma Barghoud,X437226,46,Bachelor,31 Residence Salam,MideltDakhla,,Y,2,Y,Mortgage
6684,A00003038,Youssef Banoune,X221472,53,College,16 Lotissement Centrale,Jorf El Melha,,Y,7,Y,Mortgage
6685,A00004802,Hiba Amine,X215522,54,Bachelor,17 Lotissement Al Qods,Azgour,,Y,3,N,Rent
6686,A00008009,Salma Salhi,L762470,62,Masters,19 Rue Hassan II,Tetouan,93000.0,Y,6,Y,Own
6687,A00008421,Hassan Banoune,JA566790,53,PhD,26 Hay Al Houda,Guelmim,81000.0,N,5,Y,Mortgage
6688,A00002218,Yahya Berrada,X714949,36,Masters,42 Boulevard El Fadl,Ouezzane,,Y,4,Y,Rent
6689,A00002732,Kaoutar Berrada,CC524626,58,,32 Hay Salam,Fes,30000.0,Y,7,Y,Mortgage
6690,A00005271,Omar Alaoui,SH601273,35,High School,39 Rue Bernoussi,Laayoune,70000.0,Y,5,Y,Own
6691,A00000714,Fatima Salhi,SH235965,38,Bachelor,11 Boulevard El Fadl,Laayoune,70000.0,N,2,Y,Own
6692,A00004246,Hiba Kibala,F293589,39,Masters,37 Hay Centrale,Oujda,60010.0,Y,2,Y,Rent
6693,A00001505,Meryem Mansour,KB481927,45,PhD,49 Hay Centrale,Tanger,90053.0,N,6,Y,Mortgage
6694,A00006549,Meryem Lahlou,EE125189,54,High School,34 Hay Salam,Marrakech,40000.0,Y,4,Y,Rent
6695,A00001706,Hamza Lahlou,DN547934,37,,6 Boulevard Salam,Meknes,50010.0,Y,2,Y,Own
6696,A00005120,Adam Moufkir ,JK990211,27,High School,47 Boulevard Centrale,Agadir,80000.0,N,7,Y,Own
6697,A00009656,Amine Bachri,JK236487,38,Bachelor,25 Lotissement Mohammed V,Agadir,80000.0,Y,4,Y,Own
6698,A00002850,Aziza Tahiri,DN219136,37,Bachelor,45 Hay Al Qods,Meknes,50010.0,Y,6,Y,Own
6699,A00000527,Jamila Metouali,Z554180,38,Bachelor,5 Boulevard Centrale,Taza,35000.0,N,3,Y,Own
6700,A00001843,Omar Fakhir,X118414,54,Bachelor,6 Boulevard El Fadl,Temara,,Y,7,Y,Own
6701,A00004040,Khadija Barghoud,BJ798306,29,Bachelor,27 Avenue Al Houda,Casablanca,20220.0,N,2,Y,Rent
6702,A00009430,Aziza Kibala,P923419,58,Bachelor,33 Residence Bernoussi,Ouarzazate,45000.0,Y,2,Y,Own
6703,A00009385,Kaoutar Dadi,X780870,36,MD,14 Hay Bernoussi,Benmansour,,N,5,N,Own
6704,A00003623,Meryem Fakhir,WA942952,51,Bachelor,35 Avenue Hlioua,Berrechid,26100.0,Y,3,Y,Own
6705,A00002351,Zineb Bate,AB105918,54,High School,41 Hay Bernoussi,Sale,11000.0,N,4,Y,Mortgage
6706,A00001599,Fatima El Fassi,AB909342,58,Masters,17 Boulevard Mohammed V,Sale,11000.0,Y,4,Y,Rent
6707,A00000772,Kaoutar Fadili,HH715577,43,PhD,38 Avenue Al Houda,Safi,46000.0,Y,3,Y,Rent
6708,A00004490,Othmane Eddoughmi,JA914847,32,Bachelor,16 Lotissement Bernoussi,Guelmim,81000.0,Y,3,Y,Mortgage
6709,A00000841,Noha Eddoughmi,BJ828283,44,,17 Rue Centrale,Casablanca,20220.0,Y,7,Y,Own
6710,A00007511,Ahmed Berrada,X348698,43,College,4 Avenue Centrale,Echemmaia,,N,4,Y,Own
6711,A00002544,Othmane Fadili,KB586078,37,Bachelor,17 Residence Al Houda,Tanger,90053.0,Y,2,Y,Rent
6712,A00009304,Fatima Ezzahra  Bate,F175067,53,Masters,48 Boulevard Hlioua,Oujda,60010.0,Y,3,Y,Own
6713,A00004377,Salma Kibala,DN318155,47,High School,14 Hay Mohammed V,Meknes,50010.0,N,6,Y,Mortgage
6714,A00005181,Othmane Amine,JK830311,54,Bachelor,21 Hay Hassan II,Agadir,80000.0,N,7,Y,Rent
6715,A00008228,Hamza Dadi,DN156463,35,Masters,35 Lotissement Mohammed V,Meknes,50010.0,Y,6,Y,Rent
6716,A00000319,Rachida Moufkir ,X898488,57,,19 Rue Hassan II,Ain El Aouda,,N,2,Y,Rent
6717,A00004934,Ahmed Salhi,JA477660,50,Bachelor,28 Avenue Al Houda,Guelmim,81000.0,N,7,Y,Own
6718,A00005668,Salma Dadi,QA933942,29,Masters,42 Residence Bernoussi,Oued Zem,25200.0,Y,3,N,Mortgage
6719,A00004616,Adam Jamal,X798016,47,Bachelor,49 Residence Bernoussi,,,Y,6,Y,Rent
6720,A00006537,Jamila Moufkir ,DN702539,25,Bachelor,44 Hay Al Qods,Meknes,50010.0,Y,3,Y,Own
6721,A00006616,Taha Mansour,AG824555,51,High School,1 Rue Al Qods,Rabat,11025.0,Y,7,Y,Mortgage
6722,A00005452,Khadija Eddoughmi,X726046,43,MD,47 Rue El Fadl,Foum Jamaa,,Y,4,Y,Mortgage
6723,A00004951,Aya Radi,X882241,39,Bachelor,35 Boulevard Mohammed V,Aoulouz,,N,4,Y,Own
6724,A00008608,Aziza El Fassi,X971530,48,Bachelor,20 Boulevard Al Massira,Matarka,,Y,6,N,Rent
6725,A00002139,Hassan Mansar,G639689,64,College,41 Hay Mohammed V,Kenitra,14110.0,Y,7,Y,Rent
6726,A00001080,Hajar El Fassi,X290545,34,High School,49 Boulevard Al Qods,Zaouiat Cheikh,,Y,2,Y,Own
6727,A00003673,Omar Skalli,EE648853,37,College,2 Lotissement Mohammed V,Marrakech,40000.0,N,5,Y,Rent
6728,A00009731,Hiba Berrada,X511813,46,Bachelor,21 Hay Hlioua,Chichaoua,,Y,7,Y,Mortgage
6729,A00006084,Mohammed Amine Oufkir,CC938247,57,High School,32 Hay Al Massira,Fes,30000.0,N,4,Y,Own
6730,A00001444,Mohamed Berrada,N564664,38,Bachelor,32 Boulevard Al Qods,Essaouira,44000.0,N,6,Y,Rent
6731,A00007379,Aya Alaoui,DN605427,25,Bachelor,22 Hay Bernoussi,Meknes,50010.0,N,5,Y,Own
6732,A00001106,Mohammed Amine Berrada,FA801828,40,Bachelor,7 Residence Al Qods,Berkane,60300.0,Y,7,N,Rent
6733,A00006468,Jamila Fadili,JK322875,38,High School,34 Rue Mohammed V,Agadir,80000.0,Y,6,Y,Rent
6734,A00003512,Mohammed Amine Bachri,CC883079,50,MD,19 Rue Zerktouni,Fes,30000.0,N,3,Y,Own
6735,A00002231,Mohammed Amine Bate,R292716,54,High School,22 Avenue Zerktouni,El Hoceima,32000.0,Y,3,Y,Own
6736,A00004606,Fatima Fadili,L690314,42,Bachelor,48 Lotissement Zerktouni,Tetouan,93000.0,Y,2,Y,Mortgage
6737,A00006765,Fatima Lahlou,AG209955,32,Bachelor,47 Lotissement Hassan II,Rabat,11025.0,Y,6,Y,Mortgage
6738,A00008422,Zineb Fakhir,G752545,49,Bachelor,37 Boulevard Zerktouni,Kenitra,14110.0,Y,5,Y,Rent
6739,A00000417,Adam Berrada,CC273446,45,Bachelor,43 Rue Centrale,Fes,30000.0,Y,2,Y,Rent
6740,A00006784,Hamza Tahiri,M647829,31,High School,31 Residence Centrale,El Jadida,24010.0,Y,5,Y,Rent
6741,A00007612,Malak Skalli,N641616,60,Masters,19 Boulevard Al Qods,Essaouira,44000.0,N,5,Y,Mortgage
6742,A00006530,Salma Tazi,DN510192,46,Bachelor,20 Hay Al Houda,Meknes,50010.0,Y,5,Y,Own
6743,A00009733,Aya Mansar,JK806830,31,Bachelor,17 Boulevard Hlioua,Agadir,80000.0,Y,7,Y,Mortgage
6744,A00003849,Zineb Alaoui,X990952,36,Bachelor,42 Avenue Al Houda,Ouezzane,,Y,5,Y,Rent
6745,A00007176,Kawtar Amrani,L457100,28,High School,1 Residence Salam,Tetouan,93000.0,Y,3,Y,Own
6746,A00009782,Rania Skalli,G520992,42,Bachelor,30 Lotissement Al Massira,Kenitra,14110.0,Y,5,Y,Own
6747,A00006148,Aya Jamal,X511318,29,High School,27 Rue Bernoussi,Tounfite,,Y,6,Y,Rent
6748,A00002502,Rania Tazi,AG281688,58,College,25 Rue Hlioua,Rabat,11025.0,Y,4,Y,Rent
6749,A00007925,Mohammed Amine Alaoui,AB345707,64,Bachelor,14 Boulevard Al Houda,Sale,11000.0,Y,2,Y,Mortgage
6750,A00001779,Mohammed Amine Oufkir,BJ683289,46,Bachelor,38 Boulevard Al Houda,Casablanca,20220.0,Y,3,Y,Mortgage
6751,A00002713,Amine Berrada,N405177,47,College,12 Lotissement Hlioua,Essaouira,44000.0,Y,3,N,Rent
6752,A00004002,Fatima Salhi,X692179,30,Bachelor,23 Rue Zerktouni,Ijermaouas,,Y,7,Y,Mortgage
6753,A00002498,Ahmed Salhi,CC979706,59,High School,26 Hay Hlioua,Fes,30000.0,Y,2,Y,Own
6754,A00007179,Jamila El Fassi,X587134,51,High School,21 Avenue Al Qods,Zagora,,Y,7,Y,Own
6755,A00004854,Mohamed Benali,SH350085,25,High School,16 Lotissement Al Houda,Laayoune,70000.0,Y,3,Y,Own
6756,A00001746,Zineb El Fassi,JK974594,55,High School,44 Boulevard El Fadl,Agadir,80000.0,Y,6,Y,Rent
6757,A00007040,Omar Farissi,X216521,60,College,14 Residence Mohammed V,Zag,,Y,7,Y,Mortgage
6758,A00004556,Hassan Moufkir ,L379747,27,High School,34 Rue Hassan II,Tetouan,93000.0,Y,2,Y,Mortgage
6759,A00000233,Yahya Mansour,JE300845,51,High School,37 Boulevard Mohammed V,Tiznit,85000.0,Y,2,Y,Mortgage
6760,A00000980,Hiba Lahlou,AG495774,39,High School,5 Hay Zerktouni,Rabat,11025.0,N,3,Y,Rent
6761,A00002763,Zineb Eddoughmi,JK250689,25,Bachelor,39 Residence Zerktouni,Agadir,80000.0,N,7,Y,Mortgage
6762,A00006013,Hamza El Fassi,X890112,32,High School,33 Boulevard Al Houda,Tameslouht,,Y,3,Y,Rent
6763,A00009553,Yahya Dadi,DN997740,29,Bachelor,4 Rue Bernoussi,Meknes,50010.0,N,2,Y,Rent
6764,A00000831,Malak Amrani,JF738157,43,PhD,8 Boulevard Al Qods,Tan Tan,82000.0,Y,3,Y,Own
6765,A00003435,Khaoula El Yousfi,EE174994,44,Bachelor,34 Rue Al Qods,Marrakech,40000.0,N,5,Y,Mortgage
6766,A00009576,Khaoula Salhi,KB578130,32,PhD,30 Residence Al Houda,Tanger,90053.0,Y,7,Y,Rent
6767,A00004087,Omar Amine,R834693,62,Bachelor,43 Rue Zerktouni,El Hoceima,32000.0,Y,4,Y,Rent
6768,A00003438,Adam El Fassi,X927027,52,PhD,45 Lotissement Centrale,Asilah,,Y,3,Y,Mortgage
6769,A00002541,Amine Kibala,AG505718,55,,37 Lotissement Al Qods,Rabat,11025.0,N,7,Y,Mortgage
6770,A00009774,Aziza Benali,DN423858,43,College,13 Rue Al Houda,Meknes,50010.0,Y,3,Y,Rent
6771,A00009640,Meryem Amrani,X937693,61,College,2 Hay Hlioua,Nzalat,,N,7,Y,Rent
6772,A00003806,Meryem Radi,X299533,56,Masters,40 Boulevard Zerktouni,Kehf Nsour,,Y,5,Y,Mortgage
6773,A00008927,Salma Alaoui,P587696,49,Bachelor,42 Rue Hlioua,Ouarzazate,45000.0,Y,6,Y,Rent
6774,A00004011,Hamza Mansour,EE900715,29,Bachelor,17 Boulevard Al Qods,Marrakech,40000.0,Y,6,Y,Rent
6775,A00006216,Mohammed Amine Benali,CC469237,46,High School,16 Lotissement Hlioua,Fes,30000.0,Y,3,Y,Mortgage
6776,A00008039,Salma Eddoughmi,JK655818,59,Bachelor,7 Avenue Al Houda,Agadir,80000.0,Y,4,Y,Rent
6777,A00007088,Adam Jamal,X801112,62,PhD,32 Hay Hlioua,Ben Taieb,,Y,7,Y,Mortgage
6778,A00001101,Amine Radi,X158504,33,High School,46 Residence Al Houda,Ounagha,,Y,2,Y,Rent
6779,A00008297,Hajar Amine,BJ270158,28,High School,4 Lotissement Al Massira,Casablanca,20220.0,N,4,Y,Rent
6780,A00004303,Youssef Farissi,X220672,38,High School,25 Boulevard Salam,Zirara,,N,5,Y,Rent
6781,A00001479,Kawtar Ouazzani,DN942182,45,High School,7 Residence Hlioua,Meknes,50010.0,Y,6,Y,Own
6782,A00002123,Rachida Bennani,CC974839,42,High School,48 Residence Hassan II,Fes,30000.0,Y,7,Y,Own
6783,A00001012,Hajar El Yousfi,CC954198,35,High School,35 Boulevard Zerktouni,Fes,30000.0,N,5,Y,Mortgage
6784,A00006027,Othmane Salhi,X896732,31,Masters,45 Residence Al Qods,Madagh,,Y,3,Y,Rent
6785,A00008845,Meryem Benali,DN757767,34,High School,21 Lotissement Centrale,Meknes,50010.0,N,6,Y,Rent
6786,A00009529,Salma Benali,X237735,25,MD,35 Hay Salam,Moulay Yacoub,,Y,4,Y,Own
6787,A00004153,Taha Radi,CC416188,34,College,1 Lotissement Zerktouni,Fes,30000.0,Y,6,Y,Mortgage
6788,A00006556,Khaoula Radi,AB680770,32,High School,31 Avenue Centrale,Sale,11000.0,Y,5,Y,Own
6789,A00001673,Omar Amine,EE436368,31,Masters,47 Hay Hlioua,Marrakech,40000.0,N,2,Y,Mortgage
6790,A00004006,Othmane Alaoui,F704784,36,Masters,8 Residence Hassan II,Oujda,60010.0,Y,2,Y,Rent
6791,A00000857,Taha Fadili,G632502,33,Bachelor,48 Lotissement Hassan II,Kenitra,14110.0,Y,3,Y,Mortgage
6792,A00007838,Khaoula Eddoughmi,EE203787,60,,39 Residence Centrale,Marrakech,40000.0,Y,4,N,Rent
6793,A00003009,Aziza Kibala,AB335265,43,Bachelor,15 Boulevard Mohammed V,Sale,11000.0,Y,4,Y,Own
6794,A00002658,Aziza Banoune,JK939957,32,Bachelor,15 Boulevard Centrale,Agadir,80000.0,Y,5,N,Mortgage
6795,A00007932,Fatima Kibala,X378671,59,Bachelor,35 Avenue Salam,Majjat,,Y,7,Y,Own
6796,A00001108,Omar Jamal,BJ287261,33,High School,16 Rue Al Houda,Casablanca,20220.0,Y,4,Y,Mortgage
6797,A00008075,Noha Amrani,G243296,49,Bachelor,47 Rue Mohammed V,Kenitra,14110.0,Y,7,N,Rent
6798,A00002151,Ahmed Bachri,R736915,35,High School,23 Rue Al Houda,El Hoceima,32000.0,Y,5,Y,Rent
6799,A00003477,Salma Benchikh,R139692,59,Bachelor,24 Avenue El Fadl,El Hoceima,32000.0,N,7,Y,Mortgage
6800,A00002519,Jamila Benchikh,HH779969,49,Masters,46 Residence El Fadl,Safi,46000.0,Y,2,Y,Mortgage
6801,A00006748,Malak Oufkir,JE331932,47,Bachelor,25 Avenue Salam,Tiznit,85000.0,Y,7,Y,Mortgage
6802,A00009017,Rachida Mansour,L292078,57,Bachelor,22 Residence Hassan II,Tetouan,93000.0,N,2,Y,Rent
6803,A00001007,Mohammed Amine Fakhir,T598526,57,High School,41 Rue Zerktouni,Mohammedia,28810.0,N,7,Y,Rent
6804,A00008609,Mohammed Amine Benchikh,BJ857511,34,High School,9 Avenue Al Houda,Casablanca,20220.0,Y,3,Y,Mortgage
6805,A00002803,Zineb Tazi,X886472,60,College,16 Hay Hlioua,Tichla,,Y,4,Y,Own
6806,A00008179,Othmane El Idrissi,N668278,50,High School,14 Avenue Al Houda,Essaouira,44000.0,Y,2,Y,Own
6807,A00007959,Omar Eddoughmi,KB696724,40,Bachelor,45 Boulevard Zerktouni,Tanger,90053.0,Y,5,N,Rent
6808,A00008395,Mohamed Bate,DN794955,47,High School,13 Hay Salam,Meknes,50010.0,N,2,Y,Own
6809,A00004070,Fatima Ezzahra  Moufkir ,X762029,36,Bachelor,10 Boulevard Zerktouni,Boufakrane,,N,2,Y,Rent
6810,A00008689,Fatima Ezzahra  Tahiri,BJ587952,45,High School,40 Avenue Al Houda,Casablanca,20220.0,Y,7,Y,Mortgage
6811,A00006272,Omar Lahlou,AG670785,50,High School,44 Avenue Al Qods,Rabat,11025.0,Y,5,Y,Mortgage
6812,A00003807,Hassan Moufkir ,BJ851906,35,Bachelor,11 Hay Mohammed V,Casablanca,20220.0,N,2,Y,Mortgage
6813,A00004492,Youssef Bate,AG659073,56,Masters,40 Lotissement Al Massira,Rabat,11025.0,Y,5,Y,Own
6814,A00003815,Mohamed Benchikh,BJ463772,39,College,23 Boulevard Mohammed V,Casablanca,20220.0,Y,6,Y,Rent
6815,A00002253,Rachida Kibala,X257354,54,Bachelor,27 Rue Bernoussi,Tounfite,,Y,3,Y,Rent
6816,A00004069,Rania Amrani,KB883228,33,PhD,47 Rue Bernoussi,Tanger,90053.0,N,3,Y,Mortgage
6817,A00001151,Khadija Lahlou,AB224172,27,Bachelor,7 Boulevard Zerktouni,Sale,11000.0,Y,2,Y,Mortgage
6818,A00003513,Hajar Lahlou,AB447652,60,Bachelor,13 Boulevard Al Massira,Sale,11000.0,N,2,Y,Mortgage
6819,A00004211,Omar Alaoui,X112318,35,Bachelor,1 Rue Hassan II,Khenichet,,N,6,Y,Own
6820,A00005779,Rachida Berrada,N992677,59,Bachelor,12 Boulevard Hassan II,Essaouira,44000.0,Y,5,Y,Rent
6821,A00003864,Malak Mansar,X550121,36,Bachelor,24 Rue Al Houda,Asilah,,N,5,Y,Rent
6822,A00002939,Hiba Benali,JK973122,60,,23 Residence Hlioua,Agadir,80000.0,Y,7,Y,Own
6823,A00002874,Rachida Mansar,M891908,40,High School,10 Residence El Fadl,El Jadida,24010.0,N,6,Y,Rent
6824,A00006716,Salma Alaoui,JF520345,53,Masters,43 Hay Zerktouni,Tan Tan,82000.0,Y,6,Y,Rent
6825,A00009568,Khaoula Fadili,X821332,48,Masters,10 Rue Hassan II,Charf,,Y,7,Y,Rent
6826,A00007880,Taha Fakhir,AG576137,47,High School,11 Avenue Al Houda,Rabat,11025.0,Y,7,Y,Own
6827,A00005361,Yahya Kibala,CC807717,31,MD,27 Hay El Fadl,Fes,30000.0,Y,4,Y,Own
6828,A00002736,Khaoula Ouazzani,JK126297,46,High School,30 Residence Al Massira,Agadir,80000.0,N,7,N,Own
6829,A00002856,Fatima Ezzahra  Amrani,N574398,41,Bachelor,34 Avenue Hassan II,Essaouira,44000.0,Y,4,Y,Own
6830,A00008923,Khadija Benchikh,G888653,50,Bachelor,49 Residence Salam,Kenitra,14110.0,Y,3,Y,Rent
6831,A00001508,Yahya Berrada,EE468517,27,MD,1 Boulevard El Fadl,Marrakech,40000.0,N,4,N,Own
6832,A00005511,Fatima Dadi,DN199156,47,Bachelor,16 Lotissement Mohammed V,Meknes,50010.0,Y,5,Y,Rent
6833,A00003129,Jamila Barghoud,EE567086,25,MD,2 Lotissement Al Qods,Marrakech,40000.0,Y,3,Y,Rent
6834,A00009636,Malak Ouazzani,M952634,59,MD,26 Lotissement Al Qods,El Jadida,24010.0,N,7,Y,Rent
6835,A00003533,Hajar Farissi,X431296,33,Masters,2 Residence Bernoussi,Afso,,N,4,Y,Own
6836,A00004255,Mohammed Amine Fakhir,BJ172053,47,Masters,11 Boulevard Bernoussi,Casablanca,20220.0,N,6,Y,Own
6837,A00009815,Rania Metouali,CC373875,32,PhD,48 Lotissement Centrale,Fes,30000.0,N,7,Y,Rent
6838,A00004204,Rachida Salhi,JA116935,44,College,16 Lotissement Bernoussi,Guelmim,81000.0,Y,7,Y,Own
6839,A00006453,Fatima Benchikh,N203279,43,Bachelor,29 Avenue Hlioua,Essaouira,44000.0,Y,6,Y,Mortgage
6840,A00007868,Mohammed Amine Eddoughmi,EE215449,64,High School,30 Hay El Fadl,Marrakech,40000.0,N,6,Y,Rent
6841,A00009362,Fatima Bate,KB524895,29,High School,39 Hay Mohammed V,Tanger,90053.0,Y,3,Y,Own
6842,A00000758,Meryem Metouali,AG993365,28,MD,21 Avenue Hlioua,Rabat,11025.0,Y,7,N,Rent
6843,A00000131,Zineb Mansour,X327651,62,MD,19 Lotissement Mohammed V,Rissani,,N,5,Y,Mortgage
6844,A00002251,Jamila Mansour,DN797310,30,College,19 Avenue Al Houda,Meknes,50010.0,Y,3,Y,Rent
6845,A00004376,Mohamed Berrada,X857561,49,PhD,29 Avenue Mohammed V,Benmansour,,Y,5,Y,Own
6846,A00008063,Fatima Ezzahra  Fakhir,L195986,28,High School,27 Residence Hassan II,Tetouan,93000.0,Y,3,Y,Rent
6847,A00007977,Taha Banoune,KB926302,26,High School,22 Rue Centrale,Tanger,90053.0,N,3,Y,Rent
6848,A00002657,Youssef Mansour,KB213649,33,Bachelor,46 Residence Bernoussi,Tanger,90053.0,N,2,Y,Own
6849,A00002894,Kaoutar Skalli,JK515852,50,Bachelor,9 Lotissement El Fadl,Agadir,80000.0,Y,7,Y,Mortgage
6850,A00004041,Yahya Radi,L236477,32,Bachelor,39 Rue Hlioua,Tetouan,93000.0,Y,4,Y,Rent
6851,A00004600,Mohamed Salhi,BJ301886,41,High School,34 Residence Zerktouni,Casablanca,20220.0,N,7,N,Rent
6852,A00000430,Hamza Tahiri,N331745,45,High School,12 Boulevard Hassan II,Essaouira,44000.0,Y,7,Y,Rent
6853,A00002459,Fatima Skalli,F276558,49,Bachelor,2 Lotissement Al Massira,Oujda,60010.0,Y,5,Y,Own
6854,A00007552,Zineb Berrada,L754580,52,College,49 Boulevard Centrale,Tetouan,93000.0,Y,7,Y,Own
6855,A00003759,Amine Mansar,SH730301,42,,30 Hay Al Qods,Laayoune,70000.0,Y,4,Y,Own
6856,A00008058,Ahmed Skalli,X468569,49,Bachelor,20 Rue Zerktouni,Waterbury Center,,N,4,Y,Own
6857,A00009650,Aziza Amine,CC242725,31,College,27 Rue Hassan II,Fes,30000.0,Y,4,Y,Rent
6858,A00005142,Mohammed Amine Farissi,N382984,46,Bachelor,23 Lotissement Bernoussi,Essaouira,44000.0,N,5,Y,Rent
6859,A00002012,Kawtar Bachri,CC223731,57,,43 Avenue Al Houda,Fes,30000.0,Y,7,Y,Mortgage
6860,A00005766,Fatima Tazi,N781380,26,Bachelor,41 Rue Bernoussi,Essaouira,44000.0,Y,2,Y,Mortgage
6861,A00007798,Meryem Tahiri,CC827929,30,Masters,13 Rue Al Houda,Fes,30000.0,N,7,Y,Own
6862,A00008222,Mohamed Ouazzani,AB594692,45,Bachelor,40 Lotissement Salam,Sale,11000.0,Y,4,Y,Mortgage
6863,A00002228,Mohamed Moufkir ,BJ521406,37,College,8 Hay Salam,Casablanca,20220.0,Y,5,N,Own
6864,A00003130,Zineb Amrani,L561322,37,High School,45 Lotissement Hlioua,Tetouan,93000.0,Y,7,Y,Own
6865,A00004750,Omar Mansour,X209197,61,Bachelor,40 Boulevard Zerktouni,Ouaoumana,,Y,3,Y,Own
6866,A00001053,Mohammed Amine Radi,F994741,29,PhD,47 Hay Zerktouni,Oujda,60010.0,N,2,Y,Own
6867,A00005104,Amine Bate,X949812,35,Bachelor,35 Hay Bernoussi,Sidi Redouane,,N,2,Y,Own
6868,A00008741,Omar Tahiri,DN728798,58,High School,13 Rue Hassan II,Meknes,50010.0,N,2,Y,Mortgage
6869,A00001757,Amine Banoune,X281630,26,PhD,18 Hay Mohammed V,Figuig,,N,5,N,Rent
6870,A00009436,Noha Bate,AG320264,33,Masters,7 Avenue Hlioua,Rabat,11025.0,Y,3,Y,Rent
6871,A00002082,Hajar Eddoughmi,X583145,39,High School,42 Boulevard El Fadl,Ouezzane,,Y,4,Y,Own
6872,A00002371,Youssef Oufkir,KB900344,29,Bachelor,4 Hay Al Qods,Tanger,90053.0,Y,4,Y,Rent
6873,A00001850,Omar Tazi,L999117,44,Bachelor,37 Rue El Fadl,Tetouan,93000.0,Y,4,Y,Own
6874,A00007662,Omar Kibala,L526306,36,College,14 Boulevard Zerktouni,Tetouan,93000.0,N,3,Y,Rent
6875,A00004144,Rania Amrani,KB234000,28,Bachelor,24 Avenue Bernoussi,Tanger,90053.0,N,6,Y,Own
6876,A00001539,Rachida Metouali,DN878185,42,High School,7 Residence Centrale,Meknes,50010.0,Y,3,Y,Own
6877,A00008564,Zineb Tahiri,CC354411,55,Masters,39 Hay Centrale,Fes,30000.0,Y,5,Y,Mortgage
6878,A00009705,Amine Bachri,X242103,42,High School,36 Avenue Bernoussi,Zeghanghane,,Y,2,Y,Rent
6879,A00007746,Noha Farissi,FB296077,62,MD,35 Hay Zerktouni,Taourirt,65000.0,Y,4,Y,Mortgage
6880,A00004293,Khadija Benchikh,AB924146,54,MD,7 Hay Centrale,Sale,11000.0,Y,2,Y,Mortgage
6881,A00008491,Khaoula Eddoughmi,GK289617,32,Bachelor,3 Boulevard Zerktouni,Sidi Kacem,16000.0,Y,3,N,Mortgage
6882,A00009827,Omar Berrada,M209240,25,Bachelor,26 Avenue El Fadl,El Jadida,24010.0,N,5,Y,Rent
6883,A00006014,Hiba Amine,AB415398,49,Bachelor,30 Lotissement Zerktouni,Sale,11000.0,Y,3,N,Own
6884,A00007793,Aziza El Yousfi,JC844618,46,Bachelor,7 Boulevard Hlioua,Taaroudant,83000.0,N,4,Y,Mortgage
6885,A00003575,Hiba Radi,X793679,53,MD,41 Residence Hassan II,Sebaa Aiyoun,,Y,3,Y,Rent
6886,A00000775,Youssef Salhi,X920197,43,Masters,37 Boulevard Zerktouni,Khourubga,25000.0,Y,5,Y,Own
6887,A00007665,Omar Berrada,R862463,48,Bachelor,27 Boulevard Zerktouni,El Hoceima,32000.0,Y,4,Y,Rent
6888,A00003633,Yahya Metouali,HH185606,46,MD,23 Avenue Bernoussi,Safi,46000.0,Y,6,Y,Mortgage
6889,A00008437,Aya Farissi,CC839148,62,,28 Avenue Centrale,Fes,30000.0,Y,5,Y,Mortgage
6890,A00000474,Ahmed Berrada,KB486950,53,Bachelor,36 Rue Centrale,Tanger,90053.0,Y,3,Y,Mortgage
6891,A00006238,Hiba Jamal,EE372463,48,Bachelor,22 Boulevard Zerktouni,Marrakech,40000.0,N,3,Y,Mortgage
6892,A00000112,Youssef Metouali,X520441,55,,10 Rue Al Massira,Tinghir,,Y,2,Y,Mortgage
6893,A00004721,Youssef Fakhir,X186680,51,Bachelor,22 Hay Mohammed V,Ghafsai,,Y,4,Y,Rent
6894,A00003044,Adam Jamal,L521655,55,High School,33 Hay El Fadl,Tetouan,93000.0,Y,4,Y,Rent
6895,A00002913,Zineb Salhi,AG269120,46,Bachelor,1 Boulevard Mohammed V,Rabat,11025.0,N,6,Y,Rent
6896,A00000724,Salma Amrani,JF122998,58,Masters,16 Lotissement Al Qods,Tan Tan,82000.0,N,3,Y,Rent
6897,A00009172,Kaoutar Oufkir,CC432080,33,Masters,48 Residence Hassan II,Fes,30000.0,N,4,Y,Own
6898,A00008946,Hassan Salhi,N252487,54,College,25 Rue Hassan II,Essaouira,44000.0,N,5,Y,Rent
6899,A00000785,Omar Jamal,AB598993,63,Bachelor,35 Residence El Fadl,Sale,11000.0,Y,6,Y,Rent
6900,A00008774,Othmane Alaoui,BJ228596,36,High School,34 Residence Zerktouni,Casablanca,20220.0,Y,3,Y,Rent
6901,A00004382,Aya Tahiri,EE240740,41,College,43 Boulevard Centrale,Marrakech,40000.0,Y,3,Y,Rent
6902,A00008479,Yahya Ouazzani,BJ417756,53,College,17 Lotissement Zerktouni,Casablanca,20220.0,Y,3,Y,Mortgage
6903,A00008669,Zineb Tahiri,BJ604121,44,Bachelor,32 Lotissement Zerktouni,Casablanca,20220.0,N,5,Y,Own
6904,A00007739,Kaoutar Dadi,SH479915,55,Masters,16 Lotissement Al Houda,Laayoune,70000.0,Y,2,Y,Own
6905,A00003707,Aziza Alaoui,JA300663,60,High School,29 Hay Salam,Guelmim,81000.0,Y,5,Y,Own
6906,A00001255,Hamza Metouali,X909501,60,Bachelor,30 Hay Zerktouni,Ouled Berhil,,Y,3,Y,Mortgage
6907,A00002186,Malak Fakhir,G733810,47,Bachelor,47 Hay Mohammed V,Kenitra,14110.0,N,7,N,Own
6908,A00009781,Fatima Mansour,M132085,48,Bachelor,39 Hay El Fadl,El Jadida,24010.0,Y,3,Y,Mortgage
6909,A00005557,Ahmed Moufkir ,F541340,30,Bachelor,43 Hay Al Massira,Oujda,60010.0,Y,6,Y,Mortgage
6910,A00000655,Omar Mansour,AG230399,34,College,13 Boulevard Al Houda,Rabat,11025.0,N,4,Y,Rent
6911,A00008489,Aya Amine,N580864,52,Masters,39 Rue Al Qods,Essaouira,44000.0,Y,4,Y,Rent
6912,A00004903,Youssef Benali,EE444748,60,High School,6 Avenue Hassan II,Marrakech,40000.0,Y,2,N,Mortgage
6913,A00005493,Salma Moufkir ,CC246272,31,Bachelor,9 Residence El Fadl,Fes,30000.0,Y,5,Y,Mortgage
6914,A00002238,Mohammed Amine Salhi,X296621,27,Bachelor,1 Lotissement Al Qods,Arekmane,,Y,2,Y,Mortgage
6915,A00000384,Omar Amine,EE817007,45,Bachelor,42 Residence Bernoussi,Marrakech,40000.0,Y,2,Y,Rent
6916,A00002197,Khadija Oufkir,SA236321,54,College,13 Rue El Fadl,Nador,62000.0,Y,4,Y,Rent
6917,A00004438,Taha Mansar,X920627,50,Bachelor,41 Hay Al Massira,Inezgane,,Y,7,Y,Rent
6918,A00009620,Hajar Banoune,BJ198954,30,Bachelor,47 Hay Bernoussi,Casablanca,20220.0,N,3,Y,Rent
6919,A00007816,Kaoutar Banoune,JK966502,36,Bachelor,28 Boulevard Al Massira,Agadir,80000.0,Y,3,Y,Own
6920,A00009810,Mohamed Tahiri,SA376708,37,High School,31 Avenue Mohammed V,Nador,62000.0,N,7,Y,Own
6921,A00001374,Aya Fadili,BJ435462,33,Bachelor,26 Rue Hassan II,Casablanca,20220.0,Y,7,N,Own
6922,A00003671,Fatima Bate,W139873,34,Bachelor,43 Residence Al Massira,Settat,26000.0,Y,6,Y,Mortgage
6923,A00001616,Fatima Ezzahra  Metouali,BJ993049,28,Bachelor,23 Boulevard Mohammed V,Casablanca,20220.0,N,6,Y,Own
6924,A00007649,Kawtar Fakhir,G995304,57,Bachelor,47 Lotissement Bernoussi,Kenitra,14110.0,Y,2,Y,Rent
6925,A00007462,Hiba Metouali,G785163,42,MD,3 Hay Centrale,Kenitra,14110.0,Y,4,Y,Rent
6926,A00008324,Salma El Fassi,EE973665,36,MD,20 Lotissement Bernoussi,Marrakech,40000.0,Y,3,Y,Rent
6927,A00005944,Aya El Idrissi,AB842812,61,High School,40 Lotissement Salam,Sale,11000.0,N,2,Y,Rent
6928,A00000362,Noha Amrani,N796921,28,Bachelor,41 Rue Bernoussi,Essaouira,44000.0,Y,7,Y,Own
6929,A00007996,Amine Jamal,KB336206,27,High School,32 Lotissement Hassan II,Tanger,90053.0,Y,7,Y,Rent
6930,A00008369,Fatima Ezzahra  Oufkir,X931170,33,Bachelor,27 Lotissement Al Houda,Derby,,N,5,Y,Rent
6931,A00003037,Hajar Tazi,KB722708,63,Bachelor,40 Rue Hlioua,Tanger,90053.0,N,3,Y,Mortgage
6932,A00004937,Kawtar Bate,M754145,40,Masters,24 Residence Al Qods,El Jadida,24010.0,Y,2,Y,Rent
6933,A00000018,Khaoula Lahlou,AB353140,30,Bachelor,42 Avenue Hassan II,Sale,11000.0,Y,7,Y,Mortgage
6934,A00008940,Salma Oufkir,KB602192,44,College,20 Boulevard Hlioua,Tanger,90053.0,Y,6,N,Own
6935,A00009511,Fatima Ezzahra  Amrani,X930162,40,Bachelor,10 Hay Zerktouni,Krouchen,,N,6,Y,Mortgage
6936,A00000389,Zineb Benchikh,X779698,48,Masters,21 Boulevard Hlioua,Er-Rich,,Y,2,Y,Mortgage
6937,A00008341,Taha El Yousfi,BJ665062,49,College,40 Lotissement Centrale,Casablanca,20220.0,Y,7,Y,Mortgage
6938,A00008230,Khaoula Amrani,LC408013,31,Bachelor,47 Hay Hassan II,Chefchaouen,91000.0,Y,4,Y,Rent
6939,A00009580,Omar Lahlou,F310086,37,High School,2 Avenue Centrale,Oujda,60010.0,N,5,Y,Mortgage
6940,A00004486,Khadija Farissi,EE401324,61,College,12 Lotissement Al Qods,Marrakech,40000.0,N,4,Y,Mortgage
6941,A00006455,Fatima Benchikh,P925500,37,College,14 Hay Hlioua,Ouarzazate,45000.0,Y,4,Y,Mortgage
6942,A00003151,Noha El Yousfi,X669214,53,Masters,19 Boulevard Mohammed V,Rissani,,Y,3,Y,Mortgage
6943,A00009728,Taha Banoune,JK794148,25,High School,49 Hay El Fadl,Agadir,80000.0,N,3,Y,Rent
6944,A00004275,Hassan Kibala,EE363406,39,Bachelor,3 Rue Al Qods,Marrakech,40000.0,Y,5,Y,Own
6945,A00009926,Aya Ouazzani,DN815669,25,High School,29 Rue Al Houda,Meknes,50010.0,Y,2,Y,Mortgage
6946,A00009120,Mohammed Amine Dadi,AG109893,56,College,18 Rue Al Massira,Rabat,11025.0,Y,3,Y,Mortgage
6947,A00009472,Omar Dadi,X460258,55,College,14 Rue Hassan II,Zemamra,,Y,5,Y,Rent
6948,A00001296,Yahya Farissi,KB364109,28,Bachelor,35 Residence Salam,Tanger,90053.0,N,3,Y,Rent
6949,A00008055,Salma Bachri,Z117786,47,Bachelor,7 Boulevard El Fadl,Taza,35000.0,Y,7,Y,Rent
6950,A00001925,Taha Fadili,X144490,27,Bachelor,46 Hay Bernoussi,Boujniba,,Y,6,Y,Mortgage
6951,A00001717,Khaoula Fadili,X244217,45,High School,13 Hay Hassan II,Ouezzane,,Y,3,Y,Mortgage
6952,A00008953,Taha Eddoughmi,X191998,29,Bachelor,38 Residence Centrale,Tamraght,,N,6,Y,Mortgage
6953,A00000567,Hamza Benchikh,AB600006,41,High School,45 Lotissement Hlioua,Sale,11000.0,Y,2,Y,Own
6954,A00009507,Zineb Ouazzani,DN783887,53,Masters,23 Hay Zerktouni,Meknes,50010.0,Y,2,Y,Rent
6955,A00005607,Khaoula Lahlou,BJ104191,31,College,47 Hay Bernoussi,Casablanca,20220.0,Y,7,Y,Own
6956,A00004797,Hassan Mansar,N380683,33,High School,41 Lotissement Centrale,Essaouira,44000.0,Y,4,Y,Mortgage
6957,A00009098,Zineb Tazi,X764469,49,Bachelor,42 Residence Al Houda,MideltDakhla,,Y,4,Y,Mortgage
6958,A00005512,Mohamed Fadili,M168266,52,Masters,7 Lotissement Al Houda,El Jadida,24010.0,Y,4,Y,Mortgage
6959,A00007206,Mohammed Amine Amrani,AG986279,63,College,41 Rue Hlioua,Rabat,11025.0,Y,5,N,Mortgage
6960,A00009240,Meryem Metouali,JK429733,52,Masters,14 Lotissement El Fadl,Agadir,80000.0,Y,5,Y,Own
6961,A00000410,Salma Farissi,X345027,34,High School,19 Boulevard Centrale,Arekmane,,Y,4,Y,Mortgage
6962,A00002747,Noha Radi,AG456145,38,Bachelor,9 Lotissement Salam,Rabat,11025.0,Y,7,Y,Mortgage
6963,A00001008,Yahya Amine,M158989,49,High School,26 Lotissement Al Qods,El Jadida,24010.0,Y,4,Y,Rent
6964,A00004771,Hassan Tahiri,AG729462,50,High School,45 Lotissement Zerktouni,Rabat,11025.0,Y,7,Y,Own
6965,A00003778,Omar Moufkir ,X294543,25,PhD,49 Residence El Fadl,Khemisset,,N,2,Y,Mortgage
6966,A00007019,Aziza Lahlou,X287800,62,High School,10 Residence Zerktouni,Bhalil,,Y,4,Y,Mortgage
6967,A00002696,Mohamed Amrani,X629048,32,Bachelor,27 Avenue Al Qods,Guelta Zemmur,,Y,2,Y,Own
6968,A00002944,Hajar Benchikh,G230905,43,Bachelor,49 Rue Hlioua,Kenitra,14110.0,Y,4,Y,Mortgage
6969,A00009713,Othmane Alaoui,KB955380,53,Bachelor,15 Lotissement Al Houda,Tanger,90053.0,Y,6,Y,Rent
6970,A00000973,Fatima Ezzahra  Eddoughmi,DN851265,61,College,22 Hay Bernoussi,Meknes,50010.0,Y,4,Y,Mortgage
6971,A00004659,Youssef Kibala,DN161236,50,Bachelor,35 Residence Al Massira,Meknes,50010.0,N,3,Y,Mortgage
6972,A00008457,Adam Berrada,X403929,59,High School,16 Lotissement Al Massira,Zaida,,Y,2,Y,Own
6973,A00005379,Omar Oufkir,FA908489,32,Masters,37 Hay Al Massira,Berkane,60300.0,Y,7,Y,Own
6974,A00004845,Noha Skalli,X833687,27,High School,27 Lotissement Mohammed V,Ait Daoud,,N,7,Y,Own
6975,A00001258,Khadija Bachri,JK572457,56,High School,17 Residence Salam,Agadir,80000.0,N,5,Y,Rent
6976,A00000468,Meryem Mansar,CC998700,44,Masters,9 Residence Al Massira,Fes,30000.0,N,2,N,Rent
6977,A00008089,Fatima Ezzahra  Fadili,G471538,34,Bachelor,40 Residence Hassan II,Kenitra,14110.0,Y,6,Y,Mortgage
6978,A00001489,Amine Barghoud,X674530,42,Masters,39 Residence Hlioua,Tanant,,Y,7,Y,Own
6979,A00002595,Omar Tazi,X286170,64,High School,42 Residence Al Massira,Chichaoua,,Y,3,Y,Rent
6980,A00000657,Yahya Oufkir,X142625,54,,41 Avenue Mohammed V,,,N,7,Y,Own
6981,A00001174,Jamila Salhi,X480458,43,High School,31 Boulevard El Fadl,Tamanar,,N,4,Y,Rent
6982,A00001782,Aziza Mansar,JK327150,37,Bachelor,9 Boulevard Zerktouni,Agadir,80000.0,N,5,Y,Mortgage
6983,A00007295,Fatima Lahlou,EE438654,50,Bachelor,24 Avenue Al Houda,Marrakech,40000.0,Y,5,Y,Mortgage
6984,A00000611,Youssef Farissi,DN994980,56,Bachelor,34 Rue Salam,Meknes,50010.0,Y,5,Y,Own
6985,A00005636,Youssef El Idrissi,JK322425,30,Masters,21 Hay Centrale,Agadir,80000.0,N,3,Y,Rent
6986,A00000733,Aya Metouali,AB527457,40,Bachelor,11 Rue Al Houda,Sale,11000.0,Y,5,Y,Rent
6987,A00006284,Othmane Amine,F233852,29,High School,19 Residence Bernoussi,Oujda,60010.0,N,4,Y,Mortgage
6988,A00006235,Mohamed Tazi,N551344,54,Bachelor,40 Lotissement Mohammed V,Essaouira,44000.0,Y,3,Y,Mortgage
6989,A00005837,Kaoutar Fadili,N398464,38,Bachelor,20 Hay Al Houda,Essaouira,44000.0,Y,3,Y,Own
6990,A00005405,Zineb Oufkir,R798875,45,College,23 Boulevard Zerktouni,El Hoceima,32000.0,Y,7,Y,Own
6991,A00002724,Meryem Lahlou,X912178,46,High School,25 Boulevard Salam,Zirara,,Y,7,Y,Rent
6992,A00005042,Kaoutar Fakhir,M777997,55,High School,39 Hay El Fadl,El Jadida,24010.0,Y,4,Y,Rent
6993,A00005334,Mohammed Amine El Yousfi,X202706,25,Masters,25 Avenue Al Massira,Ain Dfali,,Y,3,Y,Rent
6994,A00000386,Youssef El Idrissi,X190859,41,Bachelor,36 Hay Centrale,Sidi Ifni,,Y,5,Y,Mortgage
6995,A00006110,Mohamed Moufkir ,X844666,40,Bachelor,26 Boulevard Hlioua,Ouezzane,,N,5,Y,Own
6996,A00008072,Rachida El Yousfi,SA274019,25,Bachelor,47 Lotissement Centrale,Nador,62000.0,Y,3,Y,Mortgage
6997,A00008888,Malak Skalli,CC407449,55,Bachelor,35 Residence Hassan II,Fes,30000.0,N,5,Y,Mortgage
6998,A00006086,Youssef Ouazzani,CC236162,28,Bachelor,19 Rue Zerktouni,Fes,30000.0,Y,7,Y,Mortgage
6999,A00009299,Youssef El Yousfi,X553946,28,High School,49 Residence Bernoussi,,,Y,4,Y,Mortgage
7000,A00003099,Meryem Mansour,X780598,50,PhD,40 Avenue Hlioua,Boumia,,Y,7,Y,Own
7001,A00005942,Fatima Ezzahra  Berrada,JK564315,54,Bachelor,48 Residence Zerktouni,Agadir,80000.0,N,2,Y,Rent
7002,A00007163,Khaoula Bachri,SH967682,49,Bachelor,30 Hay Al Qods,Laayoune,70000.0,N,5,Y,Own
7003,A00005910,Hassan Berrada,AB215182,62,Bachelor,11 Residence Al Qods,Sale,11000.0,Y,2,Y,Rent
7004,A00008454,Salma Alaoui,X151049,57,High School,37 Avenue Hassan II,Oulmes,,Y,3,Y,Mortgage
7005,A00000603,Fatima Benali,DA582528,61,High School,26 Boulevard Salam,Azrou,53100.0,Y,5,Y,Own
7006,A00001815,Youssef Eddoughmi,KB518907,31,Bachelor,4 Avenue Bernoussi,Tanger,90053.0,Y,3,Y,Mortgage
7007,A00000538,Hajar El Idrissi,X898823,49,Masters,21 Residence Salam,Outat El Haj,,N,2,Y,Own
7008,A00007420,Malak Bate,AG945689,31,,41 Rue Hlioua,Rabat,11025.0,Y,7,Y,Mortgage
7009,A00005718,Fatima Ezzahra  Mansour,X197442,42,Bachelor,23 Rue Zerktouni,Ijermaouas,,Y,5,Y,Own
7010,A00004756,Fatima Metouali,L315196,50,High School,25 Avenue Mohammed V,Tetouan,93000.0,N,3,Y,Rent
7011,A00006051,Omar Alaoui,EE670793,39,MD,22 Avenue Al Massira,Marrakech,40000.0,Y,4,Y,Mortgage
7012,A00002363,Adam Benali,EE859338,49,Bachelor,8 Hay Hlioua,Marrakech,40000.0,N,4,Y,Rent
7013,A00003381,Rania Salhi,L378619,32,High School,27 Residence Mohammed V,Tetouan,93000.0,Y,2,Y,Rent
7014,A00009231,Hamza Mansar,X850540,39,High School,11 Rue Salam,Khemisset,,N,5,Y,Rent
7015,A00001167,Amine Bachri,M589257,55,Masters,13 Boulevard Centrale,El Jadida,24010.0,Y,6,Y,Rent
7016,A00007075,Zineb Kibala,DN334778,53,Bachelor,19 Avenue Al Houda,Meknes,50010.0,N,3,Y,Own
7017,A00007845,Kawtar Jamal,CC209623,25,Bachelor,47 Lotissement El Fadl,Fes,30000.0,Y,2,Y,Mortgage
7018,A00009293,Amine Benchikh,DN370311,27,,43 Lotissement Bernoussi,Meknes,50010.0,Y,2,N,Mortgage
7019,A00006075,Taha Oufkir,DN388157,42,High School,40 Avenue Al Qods,Meknes,50010.0,Y,2,Y,Own
7020,A00009954,Taha Alaoui,KB329465,39,Bachelor,16 Residence Hassan II,Tanger,90053.0,Y,3,Y,Own
7021,A00005551,Hassan El Fassi,AG695239,48,High School,26 Residence Al Qods,Rabat,11025.0,Y,2,Y,Mortgage
7022,A00009746,Aya Bennani,X588944,36,Bachelor,16 Hay Hlioua,Tichla,,Y,2,Y,Mortgage
7023,A00000264,Mohammed Amine Jamal,X860682,49,Bachelor,1 Avenue Hassan II,Tahla,,Y,4,Y,Own
7024,A00002878,Adam Bate,X355622,58,Masters,6 Avenue Mohammed V,Khenifra,,N,3,Y,Own
7025,A00009157,Aya Bennani,AB455418,53,Bachelor,19 Lotissement Al Massira,Sale,11000.0,N,5,Y,Own
7026,A00009533,Hajar Amine,X245643,32,High School,30 Boulevard Al Massira,Sidi Zouine,,Y,3,N,Rent
7027,A00000191,Zineb Fadili,AG454778,59,Bachelor,30 Rue Al Massira,Rabat,11025.0,N,2,Y,Rent
7028,A00000618,Othmane Fadili,G177333,47,Bachelor,28 Rue Hassan II,Kenitra,14110.0,Y,7,Y,Rent
7029,A00001560,Amine El Fassi,G598697,60,MD,45 Lotissement Salam,Kenitra,14110.0,N,5,Y,Mortgage
7030,A00008302,Omar Fakhir,M868464,54,Bachelor,35 Rue Mohammed V,El Jadida,24010.0,Y,4,Y,Rent
7031,A00001543,Aziza Amine,X430484,40,High School,33 Hay Bernoussi,Afourar,,Y,7,Y,Mortgage
7032,A00000294,Ahmed Lahlou,M417250,38,Bachelor,49 Hay Bernoussi,El Jadida,24010.0,Y,5,Y,Mortgage
7033,A00009069,Omar Tazi,CC408382,43,Bachelor,16 Rue Bernoussi,Fes,30000.0,Y,7,Y,Rent
7034,A00005173,Meryem Eddoughmi,X806493,60,College,8 Residence Al Massira,Imi n'Tanoute,,Y,3,Y,Rent
7035,A00008504,Ahmed Mansar,G827038,43,MD,35 Lotissement Al Houda,Kenitra,14110.0,N,5,N,Mortgage
7036,A00002454,Aya Jamal,X991164,63,Bachelor,36 Hay El Fadl,Echemmaia,,Y,5,Y,Rent
7037,A00009206,Malak Metouali,X115424,45,Bachelor,4 Boulevard Al Houda,Imilchil,,Y,5,Y,Own
7038,A00006774,Malak Salhi,X647978,44,Bachelor,39 Rue Al Massira,Bni Ansar,,N,2,N,Own
7039,A00009779,Hamza Eddoughmi,F322303,55,Masters,22 Lotissement Al Houda,Oujda,60010.0,Y,4,Y,Own
7040,A00002146,Khadija Mansour,N325036,34,MD,30 Lotissement Mohammed V,Essaouira,44000.0,N,5,Y,Mortgage
7041,A00002061,Omar Benali,CC149968,38,High School,10 Avenue Mohammed V,Fes,30000.0,N,7,Y,Own
7042,A00007460,Rania Skalli,JK254474,52,Masters,4 Rue Mohammed V,Agadir,80000.0,Y,4,Y,Mortgage
7043,A00004021,Mohammed Amine Farissi,EE836980,27,High School,38 Residence El Fadl,Marrakech,40000.0,N,2,Y,Rent
7044,A00000850,Khadija Tahiri,BJ666089,38,Bachelor,49 Boulevard Centrale,Casablanca,20220.0,N,5,N,Own
7045,A00008807,Kaoutar Farissi,EE736614,59,Bachelor,36 Residence Salam,Marrakech,40000.0,N,2,Y,Mortgage
7046,A00003891,Omar Farissi,X869641,46,High School,15 Residence Al Qods,Khenichet,,Y,6,Y,Own
7047,A00002745,Amine Benchikh,R277618,42,Masters,16 Rue Hassan II,El Hoceima,32000.0,Y,3,Y,Rent
7048,A00007570,Hajar Benali,WA584587,34,PhD,23 Lotissement Al Qods,Berrechid,26100.0,Y,2,Y,Mortgage
7049,A00002594,Rania El Fassi,X852748,60,Bachelor,17 Avenue Al Massira,Ait M'hamed,,N,6,Y,Own
7050,A00007445,Youssef Metouali,X102903,46,MD,26 Rue Hassan II,Ihddaden,,N,7,Y,Rent
7051,A00003966,Fatima Barghoud,AG188503,28,Bachelor,16 Boulevard Salam,Rabat,11025.0,Y,7,Y,Mortgage
7052,A00000797,Rania Berrada,HH520958,44,PhD,7 Lotissement Hlioua,Safi,46000.0,Y,2,Y,Own
7053,A00001097,Amine Fadili,KB430587,44,Bachelor,36 Hay Hassan II,Tanger,90053.0,Y,4,Y,Own
7054,A00006912,Youssef Jamal,BJ347293,37,Bachelor,18 Lotissement Al Houda,Casablanca,20220.0,Y,3,Y,Own
7055,A00006563,Noha Alaoui,DN547659,26,High School,46 Lotissement Salam,Meknes,50010.0,N,3,N,Own
7056,A00000120,Jamila Tazi,N429748,55,Bachelor,7 Boulevard Salam,Essaouira,44000.0,Y,5,Y,Rent
7057,A00007091,Aziza Dadi,X246602,56,Bachelor,7 Hay Al Massira,Ouezzane,,N,3,Y,Own
7058,A00005616,Yahya Berrada,P823438,26,Bachelor,14 Hay Hlioua,Ouarzazate,45000.0,Y,7,Y,Own
7059,A00008077,Zineb Farissi,W668330,25,MD,48 Avenue El Fadl,Settat,26000.0,Y,2,Y,Mortgage
7060,A00008073,Taha Mansar,CC682405,64,Bachelor,4 Rue Centrale,Fes,30000.0,Y,7,Y,Rent
7061,A00002169,Khaoula Bachri,SA770839,45,High School,13 Rue El Fadl,Nador,62000.0,Y,4,Y,Own
7062,A00005867,Noha Lahlou,X749906,38,Bachelor,2 Lotissement Bernoussi,Tafraout,,Y,5,Y,Mortgage
7063,A00002579,Rania Berrada,CC644840,39,College,31 Rue Centrale,Fes,30000.0,Y,5,Y,Own
7064,A00005287,Salma Dadi,L509220,62,,15 Lotissement Al Massira,Tetouan,93000.0,Y,6,Y,Mortgage
7065,A00003515,Fatima Mansour,BJ111995,60,PhD,23 Rue Al Massira,Casablanca,20220.0,Y,7,N,Own
7066,A00008965,Rania El Yousfi,Y393916,37,Bachelor,6 Hay Al Houda,El Kelaa des Sraghna,43000.0,N,3,Y,Mortgage
7067,A00004843,Hajar Lahlou,X695918,27,High School,17 Lotissement Hassan II,Teroual,,N,2,Y,Mortgage
7068,A00002388,Taha Ouazzani,BJ987311,48,Bachelor,6 Boulevard Bernoussi,Casablanca,20220.0,N,3,Y,Rent
7069,A00003421,Hiba Banoune,BJ582682,32,Bachelor,32 Residence Al Massira,Casablanca,20220.0,Y,7,Y,Own
7070,A00006724,Kaoutar Tazi,CB725126,44,Masters,40 Lotissement Hlioua,Sefrou,31000.0,Y,2,Y,Rent
7071,A00001100,Aziza Ouazzani,X197914,40,Bachelor,26 Boulevard Salam,Smimou,,Y,7,Y,Own
7072,A00005203,Meryem Lahlou,BJ332945,48,High School,18 Lotissement Al Houda,Casablanca,20220.0,Y,4,Y,Own
7073,A00005069,Noha Metouali,X399202,52,College,45 Rue Al Massira,Mhaya,,N,6,Y,Own
7074,A00008936,Youssef Skalli,KB927953,31,Bachelor,42 Hay Al Qods,Tanger,90053.0,Y,7,Y,Rent
7075,A00007683,Khaoula Alaoui,KB658860,41,Bachelor,19 Hay Hassan II,Tanger,90053.0,Y,7,Y,Rent
7076,A00009737,Mohammed Amine Alaoui,X981261,42,Bachelor,11 Boulevard El Fadl,Bouznika,,Y,3,Y,Own
7077,A00001525,Adam Tazi,F732832,31,Bachelor,40 Hay El Fadl,Oujda,60010.0,Y,3,Y,Rent
7078,A00003194,Ahmed Farissi,M499554,63,Bachelor,47 Residence Al Qods,El Jadida,24010.0,Y,6,Y,Rent
7079,A00009503,Khadija El Fassi,DA128315,58,Masters,36 Lotissement Centrale,Azrou,53100.0,Y,3,N,Own
7080,A00003767,Noha El Fassi,AB580337,27,College,29 Boulevard Hlioua,Sale,11000.0,Y,3,Y,Own
7081,A00002036,Aziza Kibala,N812316,51,High School,8 Residence Zerktouni,Essaouira,44000.0,N,3,Y,Mortgage
7082,A00008139,Hassan Barghoud,L927686,37,Bachelor,17 Boulevard Hlioua,Tetouan,93000.0,Y,3,Y,Mortgage
7083,A00002264,Yahya El Idrissi,N458131,32,College,41 Hay Hassan II,Essaouira,44000.0,N,7,Y,Rent
7084,A00008911,Khadija Benchikh,HH289288,29,,49 Lotissement Salam,Safi,46000.0,Y,7,Y,Mortgage
7085,A00003517,Aya El Idrissi,L616912,42,High School,15 Boulevard Al Massira,Tetouan,93000.0,Y,6,Y,Mortgage
7086,A00008417,Hamza Oufkir,X983686,29,College,42 Hay Al Massira,Zaouia Annahlia,,Y,3,Y,Mortgage
7087,A00006068,Rania Tazi,DB991209,30,High School,11 Boulevard Al Houda,Ifrane,53000.0,N,3,Y,Mortgage
7088,A00002226,Ahmed Fadili,DN202261,59,Bachelor,32 Hay Al Qods,Meknes,50010.0,Y,6,Y,Rent
7089,A00005552,Fatima Ezzahra  El Idrissi,KB948912,45,High School,16 Avenue Al Qods,Tanger,90053.0,Y,6,Y,Own
7090,A00001879,Noha Radi,JK540161,39,Masters,5 Avenue El Fadl,Agadir,80000.0,N,4,Y,Mortgage
7091,A00005217,Taha Moufkir ,L313300,54,High School,45 Residence Hassan II,Tetouan,93000.0,Y,4,Y,Rent
7092,A00002625,Aya Mansar,BJ486915,61,Bachelor,29 Residence Al Massira,Casablanca,20220.0,Y,5,Y,Mortgage
7093,A00007550,Othmane Salhi,X382754,56,High School,39 Rue Al Massira,Bni Ansar,,Y,5,Y,Mortgage
7094,A00002434,Kaoutar Bachri,N198896,49,Masters,32 Avenue Al Qods,Essaouira,44000.0,Y,7,Y,Mortgage
7095,A00006119,Hassan Bachri,X787302,55,MD,32 Rue Salam,Sidi Slimane,,Y,2,Y,Rent
7096,A00009935,Aya Lahlou,AG380843,48,PhD,37 Rue Al Qods,Rabat,11025.0,N,3,Y,Mortgage
7097,A00004932,Noha Bachri,KB893586,30,High School,12 Residence Bernoussi,Tanger,90053.0,Y,6,Y,Own
7098,A00006384,Yahya Skalli,X103754,45,Masters,26 Rue Hlioua,Tinjdad,,N,4,Y,Mortgage
7099,A00008873,Khadija Benali,SA259651,31,PhD,25 Lotissement Zerktouni,Nador,62000.0,Y,5,Y,Mortgage
7100,A00002336,Omar Dadi,DN294297,61,High School,49 Rue Hlioua,Meknes,50010.0,Y,5,Y,Mortgage
7101,A00006629,Kaoutar Jamal,CC712106,29,Bachelor,26 Lotissement Zerktouni,Fes,30000.0,N,5,Y,Mortgage
7102,A00005720,Malak Amrani,AB226572,54,,45 Lotissement Hlioua,Sale,11000.0,Y,4,Y,Own
7103,A00009061,Amine Amine,N167781,28,High School,19 Residence Al Qods,Essaouira,44000.0,Y,4,Y,Mortgage
7104,A00005007,Taha Ouazzani,X724877,54,Bachelor,40 Boulevard Zerktouni,Oulad Mtaa,,Y,6,Y,Mortgage
7105,A00005554,Taha Tahiri,X402506,36,Bachelor,23 Rue Mohammed V,Missour,,N,4,Y,Mortgage
7106,A00009139,Rania Bachri,X388005,44,College,30 Lotissement Zerktouni,Bradia,,N,7,Y,Rent
7107,A00000140,Kaoutar Bachri,AB530226,58,Bachelor,48 Boulevard Zerktouni,Sale,11000.0,Y,3,N,Rent
7108,A00006023,Hassan Berrada,AG114085,31,High School,11 Residence Al Massira,Rabat,11025.0,Y,6,Y,Mortgage
7109,A00004351,Yahya Mansar,AG957133,35,High School,9 Boulevard Al Houda,Rabat,11025.0,Y,5,Y,Own
7110,A00000653,Malak Banoune,L415276,33,,2 Rue Centrale,Tetouan,93000.0,Y,5,Y,Mortgage
7111,A00006554,Adam Metouali,X280842,39,Masters,5 Residence Bernoussi,M'diq,,N,7,Y,Rent
7112,A00001639,Hamza Tahiri,KB674572,42,MD,30 Boulevard Al Qods,Tanger,90053.0,Y,7,Y,Own
7113,A00000359,Aya Banoune,F819962,29,Bachelor,44 Hay Hlioua,Oujda,60010.0,Y,4,Y,Own
7114,A00003682,Amine Moufkir ,JK341627,53,College,21 Hay Centrale,Agadir,80000.0,N,6,Y,Mortgage
7115,A00008272,Kaoutar Skalli,G161279,51,College,9 Rue Zerktouni,Kenitra,14110.0,N,2,N,Own
7116,A00007513,Amine Lahlou,KB657671,34,Masters,12 Rue Mohammed V,Tanger,90053.0,Y,5,Y,Mortgage
7117,A00003657,Khaoula Berrada,JK849082,25,MD,48 Rue Al Houda,Agadir,80000.0,N,7,Y,Rent
7118,A00000639,Yahya El Fassi,JK802336,28,High School,19 Residence Centrale,Agadir,80000.0,Y,2,Y,Own
7119,A00001631,Adam Tahiri,EE968449,38,Masters,3 Hay Mohammed V,Marrakech,40000.0,Y,6,Y,Own
7120,A00009450,Noha El Idrissi,G995050,37,High School,7 Avenue Zerktouni,Kenitra,14110.0,Y,3,Y,Mortgage
7121,A00004475,Youssef Moufkir ,BJ889596,46,Bachelor,18 Residence Zerktouni,Casablanca,20220.0,Y,4,Y,Mortgage
7122,A00006876,Fatima El Fassi,BJ998354,47,PhD,18 Residence Al Houda,Casablanca,20220.0,Y,6,Y,Rent
7123,A00002578,Aziza Berrada,N830256,32,College,15 Rue Al Qods,Essaouira,44000.0,Y,4,Y,Own
7124,A00007716,Salma Oufkir,G377554,33,MD,47 Residence Al Houda,Kenitra,14110.0,Y,2,Y,Rent
7125,A00004786,Hiba Bate,AG271549,47,Bachelor,40 Lotissement Al Massira,Rabat,11025.0,Y,4,Y,Rent
7126,A00006176,Kaoutar Bachri,BJ334534,55,Bachelor,34 Residence Zerktouni,Casablanca,20220.0,Y,5,Y,Own
7127,A00003012,Jamila Skalli,X165285,26,Bachelor,17 Lotissement Hassan II,Teroual,,N,2,Y,Own
7128,A00009427,Salma Amrani,BJ825357,61,College,46 Boulevard Bernoussi,Casablanca,20220.0,Y,5,Y,Mortgage
7129,A00004085,Khadija Tazi,F970078,48,High School,33 Boulevard Zerktouni,Oujda,60010.0,N,7,Y,Mortgage
7130,A00007708,Meryem El Idrissi,KB394196,44,High School,29 Residence Mohammed V,Tanger,90053.0,Y,7,N,Own
7131,A00001741,Salma El Idrissi,G295879,31,MD,30 Lotissement Al Qods,Kenitra,14110.0,Y,7,Y,Rent
7132,A00006323,Ahmed Bennani,BJ207109,64,High School,36 Lotissement Zerktouni,Casablanca,20220.0,Y,3,Y,Rent
7133,A00005429,Salma Banoune,X458154,52,College,13 Residence El Fadl,Asilah,,Y,7,Y,Rent
7134,A00003899,Hajar Barghoud,X592511,45,Masters,47 Boulevard Mohammed V,Charf,,N,5,Y,Mortgage
7135,A00001036,Omar Berrada,X475664,25,Bachelor,4 Residence Salam,Bzou,,Y,3,Y,Own
7136,A00003562,Meryem Eddoughmi,X526291,26,Bachelor,26 Boulevard Hlioua,Ouezzane,,N,6,Y,Own
7137,A00003089,Omar Radi,DN305361,51,High School,38 Residence Al Massira,Meknes,50010.0,Y,4,Y,Own
7138,A00000757,Kaoutar Benchikh,BJ211836,64,PhD,3 Boulevard Al Houda,Casablanca,20220.0,Y,4,Y,Mortgage
7139,A00006967,Jamila Fakhir,JK729885,62,Bachelor,17 Residence Salam,Agadir,80000.0,Y,5,Y,Rent
7140,A00009894,Hiba Oufkir,X353883,35,PhD,49 Hay Al Qods,Matarka,,Y,2,Y,Rent
7141,A00001126,Noha Skalli,EE757257,41,Bachelor,38 Hay Salam,Marrakech,40000.0,Y,6,Y,Rent
7142,A00000133,Othmane El Fassi,WA432013,64,College,38 Avenue Salam,Berrechid,26100.0,N,6,Y,Own
7143,A00002174,Mohammed Amine Skalli,X690186,60,High School,13 Boulevard Al Houda,Bni Sidel,,Y,7,Y,Rent
7144,A00005520,Adam Benchikh,F452279,46,Bachelor,2 Avenue Hlioua,Oujda,60010.0,Y,6,Y,Own
7145,A00002551,Malak Bate,N302379,33,High School,23 Lotissement Bernoussi,Essaouira,44000.0,Y,7,Y,Mortgage
7146,A00003227,Jamila Oufkir,DB277149,49,High School,11 Boulevard Al Houda,Ifrane,53000.0,Y,6,N,Own
7147,A00005001,Jamila Jamal,X510157,25,High School,38 Avenue Zerktouni,Gueznaia,,Y,3,Y,Own
7148,A00005035,Fatima Ouazzani,DB540012,53,Bachelor,14 Residence Zerktouni,Ifrane,53000.0,Y,2,Y,Mortgage
7149,A00000822,Malak Bate,AB193794,35,Masters,11 Residence El Fadl,Sale,11000.0,Y,7,Y,Mortgage
7150,A00008152,Hamza Skalli,JK405551,37,High School,6 Boulevard Hlioua,Agadir,80000.0,N,7,Y,Mortgage
7151,A00008318,Mohammed Amine Radi,X445177,58,High School,19 Boulevard Al Houda,Sidi Jaber,,N,5,Y,Rent
7152,A00008876,Khadija Bate,AB663207,62,Bachelor,2 Residence Al Houda,Sale,11000.0,Y,3,Y,Rent
7153,A00001395,Youssef Bate,EE923449,61,High School,28 Hay Hassan II,Marrakech,40000.0,Y,4,N,Mortgage
7154,A00000986,Omar Kibala,Y354764,58,MD,25 Residence Hlioua,El Kelaa des Sraghna,43000.0,Y,5,Y,Rent
7155,A00006672,Amine Benchikh,DN114480,53,Bachelor,20 Avenue Al Houda,Meknes,50010.0,N,4,Y,Own
7156,A00004474,Noha Bate,X551466,40,Bachelor,22 Lotissement Centrale,El Hajeb,,Y,6,Y,Mortgage
7157,A00006255,Aziza Skalli,X975938,28,PhD,49 Residence Hassan II,El Marsa,,N,5,Y,Rent
7158,A00009003,Salma Bachri,JA744662,37,Bachelor,15 Hay Al Houda,Guelmim,81000.0,Y,6,Y,Mortgage
7159,A00007213,Youssef El Fassi,KB228732,29,PhD,10 Avenue Al Houda,Tanger,90053.0,N,6,N,Mortgage
7160,A00005547,Rachida Bachri,X134320,34,Bachelor,39 Boulevard Al Houda,Tillouguite,,Y,6,Y,Own
7161,A00000765,Mohamed Benchikh,EE598551,58,High School,44 Boulevard Salam,Marrakech,40000.0,N,5,Y,Own
7162,A00006454,Youssef Bate,CC326878,45,Bachelor,12 Rue Al Houda,Fes,30000.0,Y,2,Y,Rent
7163,A00004441,Khadija Barghoud,HH608303,62,Bachelor,26 Rue Al Qods,Safi,46000.0,Y,3,Y,Rent
7164,A00000871,Meryem Lahlou,X845940,39,Bachelor,36 Avenue Bernoussi,Zeghanghane,,N,7,Y,Rent
7165,A00004320,Jamila Metouali,L871464,40,,40 Residence Salam,Tetouan,93000.0,Y,5,Y,Mortgage
7166,A00007366,Jamila El Idrissi,CC414359,45,Masters,17 Rue Al Massira,Fes,30000.0,Y,4,Y,Rent
7167,A00005500,Khaoula Fadili,CC543286,47,High School,48 Lotissement Zerktouni,Fes,30000.0,Y,7,Y,Own
7168,A00007007,Youssef Fadili,EE345057,38,High School,28 Lotissement Hassan II,Marrakech,40000.0,Y,7,Y,Rent
7169,A00006062,Khaoula Metouali,F584647,64,Bachelor,2 Lotissement Al Massira,Oujda,60010.0,Y,7,Y,Own
7170,A00002561,Yahya Alaoui,GK994047,47,Bachelor,25 Lotissement Al Massira,Sidi Kacem,16000.0,Y,5,Y,Own
7171,A00005548,Meryem Skalli,G826354,60,,20 Boulevard Hlioua,Kenitra,14110.0,Y,3,Y,Mortgage
7172,A00008436,Adam Banoune,G294107,40,College,10 Lotissement Zerktouni,Kenitra,14110.0,N,2,Y,Rent
7173,A00004032,Omar Eddoughmi,N918432,28,PhD,38 Avenue Hlioua,Essaouira,44000.0,N,3,Y,Own
7174,A00002762,Youssef El Yousfi,SH608644,62,High School,2 Boulevard Salam,Laayoune,70000.0,Y,6,Y,Rent
7175,A00008182,Zineb Amine,X613985,32,College,18 Boulevard Al Qods,Ait Ourir,,N,6,Y,Mortgage
7176,A00006813,Hiba Fakhir,AG737401,41,High School,16 Rue Al Houda,Rabat,11025.0,Y,7,Y,Mortgage
7177,A00003366,Taha Eddoughmi,AG937620,53,Bachelor,48 Residence Bernoussi,Rabat,11025.0,N,3,Y,Rent
7178,A00003108,Khaoula Amine,KB777061,35,High School,17 Lotissement Hassan II,Tanger,90053.0,Y,3,Y,Rent
7179,A00001317,Aziza Bennani,CC109716,49,Masters,46 Avenue Zerktouni,Fes,30000.0,Y,2,Y,Mortgage
7180,A00002848,Fatima Bachri,L880437,44,Bachelor,27 Avenue Hassan II,Tetouan,93000.0,Y,7,Y,Own
7181,A00004005,Amine Bennani,X253843,38,Masters,19 Rue Bernoussi,Ras El Ma,,Y,7,Y,Rent
7182,A00003466,Jamila Mansar,CC574243,45,PhD,24 Lotissement Al Houda,Fes,30000.0,Y,7,Y,Rent
7183,A00004212,Salma Benchikh,AB300574,37,MD,10 Rue Al Massira,Sale,11000.0,N,2,Y,Mortgage
7184,A00004730,Aziza Lahlou,AG769713,63,Bachelor,34 Hay Zerktouni,Rabat,11025.0,Y,5,Y,Own
7185,A00006303,Jamila Salhi,DN439536,37,Masters,5 Avenue Zerktouni,Meknes,50010.0,Y,6,Y,Own
7186,A00001667,Rachida Benali,KB996355,38,Bachelor,21 Hay Hassan II,Tanger,90053.0,Y,4,Y,Rent
7187,A00008900,Jamila Benchikh,X670307,37,Bachelor,3 Avenue Al Houda,Goulmima,,Y,5,Y,Mortgage
7188,A00009200,Othmane Eddoughmi,EE649358,45,Bachelor,39 Lotissement El Fadl,Marrakech,40000.0,N,3,Y,Rent
7189,A00008123,Amine Benchikh,G972860,47,MD,18 Hay Zerktouni,Kenitra,14110.0,Y,4,Y,Rent
7190,A00006425,Aziza Bate,DN184360,47,MD,38 Avenue El Fadl,Meknes,50010.0,N,6,Y,Rent
7191,A00000034,Othmane Tazi,AG831771,40,Bachelor,2 Rue Al Massira,Rabat,11025.0,Y,4,Y,Rent
7192,A00004073,Hiba Moufkir ,X659641,49,Bachelor,8 Rue Hassan II,Mehdia,,Y,6,N,Rent
7193,A00009753,Adam Metouali,CC404485,30,Bachelor,24 Boulevard Zerktouni,Fes,30000.0,Y,4,Y,Mortgage
7194,A00002235,Ahmed Metouali,EE798150,38,Bachelor,7 Hay Hlioua,Marrakech,40000.0,Y,5,Y,Mortgage
7195,A00005330,Ahmed Alaoui,F699324,58,Bachelor,5 Lotissement Al Massira,Oujda,60010.0,Y,5,Y,Mortgage
7196,A00007516,Hassan Benali,G163459,41,Masters,35 Residence Mohammed V,Kenitra,14110.0,Y,7,Y,Own
7197,A00002435,Yahya Radi,BJ593688,35,Masters,32 Rue Al Houda,Casablanca,20220.0,Y,5,Y,Own
7198,A00006536,Taha Amrani,M307794,64,MD,38 Hay Salam,El Jadida,24010.0,N,6,Y,Own
7199,A00006446,Hamza Bennani,DN519194,56,High School,7 Residence Mohammed V,Meknes,50010.0,Y,5,Y,Rent
7200,A00001003,Noha Alaoui,N469759,42,Bachelor,42 Hay Al Houda,Essaouira,44000.0,Y,7,Y,Mortgage
7201,A00007677,Rania Bachri,JK737667,60,High School,8 Boulevard Zerktouni,Agadir,80000.0,N,5,Y,Mortgage
7202,A00006542,Yahya Alaoui,AB177957,53,Masters,38 Residence Hlioua,Sale,11000.0,N,3,N,Mortgage
7203,A00001273,Kaoutar Radi,X193347,47,Bachelor,37 Residence Mohammed V,Igli,,Y,3,Y,Mortgage
7204,A00003532,Omar Tahiri,L100134,56,,11 Lotissement Bernoussi,Tetouan,93000.0,Y,4,Y,Mortgage
7205,A00005963,Malak Oufkir,X225788,55,Bachelor,31 Rue Hlioua,Mellab,,N,3,Y,Rent
7206,A00006568,Meryem Oufkir,P706246,28,PhD,17 Boulevard Hlioua,Ouarzazate,45000.0,Y,2,Y,Rent
7207,A00001425,Yahya Fakhir,X550555,55,High School,48 Boulevard Mohammed V,,,Y,2,Y,Mortgage
7208,A00009132,Hamza Alaoui,CC726246,33,Masters,35 Hay Al Houda,Fes,30000.0,Y,3,Y,Own
7209,A00004414,Youssef Benchikh,G440082,41,Bachelor,30 Lotissement Al Houda,Kenitra,14110.0,Y,2,Y,Mortgage
7210,A00004328,Hassan Kibala,X739170,40,High School,20 Lotissement El Fadl,Had Kourt,,N,4,Y,Rent
7211,A00006342,Fatima Ezzahra  Dadi,G885952,62,Masters,13 Boulevard Al Massira,Kenitra,14110.0,Y,6,Y,Rent
7212,A00002315,Kaoutar Benali,F863772,26,High School,11 Boulevard Centrale,Oujda,60010.0,N,3,Y,Mortgage
7213,A00007374,Hassan Benali,L210689,28,,39 Residence Zerktouni,Tetouan,93000.0,Y,4,Y,Own
7214,A00009517,Omar Lahlou,EA780317,25,MD,18 Residence Al Houda,Ben Guerir,43150.0,N,6,Y,Rent
7215,A00009405,Hiba Amine,DN537340,53,High School,29 Boulevard Zerktouni,Meknes,50010.0,N,6,N,Own
7216,A00004984,Hamza Kibala,F201030,44,Bachelor,5 Boulevard Bernoussi,Oujda,60010.0,Y,4,Y,Mortgage
7217,A00001986,Adam Metouali,X534458,31,PhD,44 Lotissement Al Houda,Agourai,,Y,2,Y,Rent
7218,A00008573,Malak Farissi,AB483876,43,Bachelor,18 Avenue Bernoussi,Sale,11000.0,Y,4,Y,Mortgage
7219,A00006588,Kawtar Tazi,X828061,31,Bachelor,15 Boulevard Salam,Ahfir,,N,3,Y,Mortgage
7220,A00008692,Hajar Benchikh,L692405,42,Bachelor,39 Hay Al Massira,Tetouan,93000.0,Y,2,Y,Own
7221,A00009743,Kaoutar Radi,JA522723,30,College,39 Lotissement Salam,Guelmim,81000.0,Y,3,Y,Rent
7222,A00003940,Khadija Jamal,X769456,26,Bachelor,7 Rue El Fadl,Imzouren,,Y,4,Y,Rent
7223,A00001417,Noha Bachri,DN693461,60,Masters,48 Boulevard Al Massira,Meknes,50010.0,Y,2,Y,Mortgage
7224,A00002311,Ahmed Benchikh,JA924541,30,,24 Rue Mohammed V,Guelmim,81000.0,Y,3,Y,Mortgage
7225,A00000498,Noha Radi,N799040,50,High School,48 Rue Mohammed V,Essaouira,44000.0,N,6,Y,Rent
7226,A00005477,Hamza Banoune,AB526539,37,Bachelor,16 Hay Bernoussi,Sale,11000.0,N,4,Y,Own
7227,A00001407,Taha Oufkir,X861353,42,College,16 Hay Al Massira,,,Y,4,Y,Rent
7228,A00009644,Jamila Moufkir ,BJ898532,47,PhD,12 Lotissement Mohammed V,Casablanca,20220.0,Y,3,Y,Rent
7229,A00000809,Omar Jamal,CC682189,40,PhD,7 Boulevard Bernoussi,Fes,30000.0,N,2,Y,Own
7230,A00002037,Rachida Jamal,QA727154,31,Bachelor,19 Rue Hlioua,Oued Zem,25200.0,Y,6,Y,Mortgage
7231,A00007025,Mohamed Fakhir,AB110806,63,Masters,20 Lotissement Al Qods,Sale,11000.0,N,2,Y,Own
7232,A00001561,Youssef Ouazzani,EE139505,35,Bachelor,42 Lotissement Mohammed V,Marrakech,40000.0,N,6,Y,Rent
7233,A00002794,Omar Fadili,AG841842,63,High School,49 Avenue Al Massira,Rabat,11025.0,N,2,Y,Rent
7234,A00009812,Meryem Moufkir ,X790717,51,Masters,21 Boulevard Hassan II,Ayir,,N,6,Y,Mortgage
7235,A00009207,Khaoula Fadili,KB116312,59,Masters,2 Rue Mohammed V,Tanger,90053.0,Y,6,N,Mortgage
7236,A00006278,Fatima Ezzahra  Mansour,AG490703,35,Bachelor,41 Rue Hlioua,Rabat,11025.0,Y,5,Y,Own
7237,A00005482,Kawtar Alaoui,CC353944,43,PhD,21 Residence Hlioua,Fes,30000.0,Y,3,Y,Own
7238,A00003005,Rachida Jamal,KB578466,46,Masters,9 Hay Al Massira,Tanger,90053.0,Y,5,Y,Rent
7239,A00009152,Noha Oufkir,JA904698,43,High School,38 Lotissement Bernoussi,Guelmim,81000.0,Y,7,Y,Rent
7240,A00008000,Adam Fadili,DN723531,48,Masters,39 Residence Al Massira,Meknes,50010.0,Y,5,Y,Own
7241,A00001858,Mohammed Amine Berrada,X466364,35,MD,14 Hay Hlioua,Khenichet,,Y,4,Y,Mortgage
7242,A00003952,Kawtar Amine,KB565916,34,Masters,2 Rue Mohammed V,Tanger,90053.0,N,7,Y,Own
7243,A00005982,Hassan Barghoud,X184892,51,Bachelor,16 Hay Al Massira,,,Y,2,Y,Mortgage
7244,A00007833,Rachida Ouazzani,AB713833,26,Bachelor,15 Boulevard El Fadl,Sale,11000.0,Y,2,Y,Mortgage
7245,A00002571,Youssef Amrani,X332166,43,High School,31 Rue Al Qods,Rouadi,,N,7,Y,Mortgage
7246,A00006201,Taha Mansour,JK243016,58,Bachelor,47 Avenue El Fadl,Agadir,80000.0,Y,4,Y,Mortgage
7247,A00008135,Taha Lahlou,CC181590,53,Bachelor,21 Hay Al Massira,Fes,30000.0,Y,5,Y,Own
7248,A00005622,Ahmed Oufkir,X342251,47,MD,19 Boulevard Zerktouni,Imi n'Tanoute,,Y,4,Y,Own
7249,A00003328,Hajar Jamal,CC851797,31,Bachelor,35 Boulevard Zerktouni,Fes,30000.0,Y,4,Y,Mortgage
7250,A00009802,Fatima Ezzahra  Moufkir ,BJ485981,63,Masters,47 Residence El Fadl,Casablanca,20220.0,N,3,Y,Mortgage
7251,A00002274,Omar Ouazzani,X830978,25,High School,30 Rue Al Massira,El Menzel,,Y,4,N,Own
7252,A00005445,Rania Skalli,AB682801,53,Bachelor,44 Boulevard Mohammed V,Sale,11000.0,Y,6,N,Mortgage
7253,A00002524,Meryem Salhi,AG739041,44,Bachelor,24 Hay El Fadl,Rabat,11025.0,Y,4,Y,Mortgage
7254,A00000150,Omar Eddoughmi,N772830,27,PhD,9 Boulevard Al Massira,Essaouira,44000.0,Y,5,Y,Mortgage
7255,A00007225,Kaoutar Bachri,AG551492,30,High School,28 Residence Hlioua,Rabat,11025.0,N,2,Y,Rent
7256,A00003589,Hamza Bennani,P260674,41,Bachelor,7 Lotissement Al Houda,Ouarzazate,45000.0,Y,7,Y,Mortgage
7257,A00005193,Kawtar Mansar,X873450,57,High School,30 Lotissement Zerktouni,Bradia,,N,3,Y,Rent
7258,A00006335,Adam Banoune,JF255071,40,Masters,8 Boulevard Al Qods,Tan Tan,82000.0,Y,5,Y,Mortgage
7259,A00000173,Salma El Fassi,AG854323,37,Bachelor,24 Hay El Fadl,Rabat,11025.0,Y,2,Y,Mortgage
7260,A00005169,Fatima Ezzahra  Mansar,KB215738,48,High School,21 Residence Zerktouni,Tanger,90053.0,Y,4,Y,Mortgage
7261,A00004938,Salma Tahiri,CC513865,29,High School,12 Lotissement Mohammed V,Fes,30000.0,Y,6,Y,Mortgage
7262,A00001855,Malak Bennani,JK286517,41,College,8 Residence Al Houda,Agadir,80000.0,Y,4,Y,Own
7263,A00008448,Kawtar Lahlou,X808402,51,Bachelor,36 Residence Centrale,Harwood,,N,6,Y,Own
7264,A00008781,Noha Eddoughmi,W311972,60,,35 Rue Zerktouni,Settat,26000.0,Y,5,Y,Mortgage
7265,A00001379,Taha Tazi,CC949958,29,PhD,37 Hay Al Houda,Fes,30000.0,Y,3,Y,Rent
7266,A00003540,Meryem Oufkir,N257412,63,Masters,41 Boulevard Al Houda,Essaouira,44000.0,Y,4,Y,Rent
7267,A00003586,Omar Benali,BJ225195,49,MD,24 Rue Al Houda,Casablanca,20220.0,N,4,Y,Own
7268,A00007626,Taha Moufkir ,N878556,58,,42 Residence Bernoussi,Essaouira,44000.0,Y,3,Y,Rent
7269,A00007273,Kaoutar Mansour,L475097,48,Bachelor,2 Lotissement Hassan II,Tetouan,93000.0,Y,7,Y,Own
7270,A00007713,Ahmed Skalli,X427831,27,High School,29 Lotissement Mohammed V,Anergui,,Y,5,Y,Mortgage
7271,A00002791,Malak Berrada,DN115494,45,Bachelor,30 Rue Hlioua,Meknes,50010.0,Y,3,Y,Rent
7272,A00007620,Fatima Metouali,X204398,32,High School,42 Avenue Hassan II,Ouezzane,,N,3,Y,Rent
7273,A00004049,Yahya Amrani,CC802999,43,High School,1 Boulevard Centrale,Fes,30000.0,Y,3,Y,Own
7274,A00002198,Adam Alaoui,AB626236,38,High School,45 Lotissement Hlioua,Sale,11000.0,Y,6,N,Own
7275,A00004368,Hajar Amine,X821352,59,Bachelor,46 Lotissement Hassan II,Asilah,,N,2,Y,Rent
7276,A00009370,Kawtar Barghoud,X457520,56,High School,38 Hay Hassan II,Ouezzane,,Y,5,Y,Rent
7277,A00009550,Youssef Moufkir ,X981354,55,Bachelor,42 Hay Al Massira,Zaouia Annahlia,,N,3,Y,Rent
7278,A00005040,Khaoula Benali,EE700986,42,Bachelor,24 Boulevard Salam,Marrakech,40000.0,N,3,Y,Mortgage
7279,A00006677,Aya Dadi,CC180115,51,Bachelor,33 Avenue Al Houda,Fes,30000.0,Y,3,Y,Rent
7280,A00001611,Othmane Bennani,CC552553,29,College,8 Boulevard Al Massira,Fes,30000.0,Y,4,Y,Own
7281,A00008416,Malak Berrada,DN945026,46,Masters,17 Boulevard El Fadl,Meknes,50010.0,Y,2,Y,Rent
7282,A00008200,Mohammed Amine Tazi,AG924709,54,High School,16 Rue Al Houda,Rabat,11025.0,Y,6,Y,Mortgage
7283,A00006558,Hiba El Idrissi,R847794,49,High School,14 Rue Centrale,El Hoceima,32000.0,Y,6,Y,Own
7284,A00009488,Kawtar Amrani,JK975305,49,High School,45 Boulevard Al Qods,Agadir,80000.0,Y,2,Y,Mortgage
7285,A00000329,Jamila Banoune,HH476421,29,Masters,30 Residence Mohammed V,Safi,46000.0,Y,2,Y,Mortgage
7286,A00002742,Rania El Yousfi,X394192,54,Masters,21 Residence Salam,Sebaa Aiyoun,,N,2,Y,Mortgage
7287,A00007103,Jamila Skalli,JK695148,35,Bachelor,47 Lotissement Al Qods,Agadir,80000.0,N,3,Y,Rent
7288,A00005950,Meryem El Fassi,F304502,64,Bachelor,44 Hay Hlioua,Oujda,60010.0,Y,3,Y,Own
7289,A00000293,Omar Bennani,X497705,31,High School,48 Avenue Mohammed V,Agdz,,Y,3,Y,Mortgage
7290,A00002384,Youssef Alaoui,L647856,41,Bachelor,11 Lotissement Al Houda,Tetouan,93000.0,Y,2,Y,Rent
7291,A00002477,Othmane Mansour,X632500,40,Bachelor,10 Rue Zerktouni,Ain Dorij,,Y,4,Y,Own
7292,A00004504,Othmane El Fassi,DN731145,31,Masters,7 Lotissement Centrale,Meknes,50010.0,Y,6,Y,Rent
7293,A00003753,Mohamed Amine,AB891148,44,College,12 Avenue Mohammed V,Sale,11000.0,N,2,Y,Mortgage
7294,A00003808,Aya Skalli,CC242925,35,Bachelor,39 Residence Hlioua,Fes,30000.0,N,4,Y,Mortgage
7295,A00006088,Adam El Fassi,P930355,58,College,42 Rue Hlioua,Ouarzazate,45000.0,Y,6,Y,Rent
7296,A00002113,Meryem Benali,G392380,38,Bachelor,24 Boulevard Salam,Kenitra,14110.0,Y,3,Y,Own
7297,A00002073,Salma Amrani,X312415,36,Masters,41 Residence Zerktouni,Mnasra,,Y,5,Y,Mortgage
7298,A00009278,Hassan Tahiri,X226118,46,Bachelor,30 Lotissement Zerktouni,Chbanat,,Y,4,Y,Mortgage
7299,A00004613,Jamila Benali,N483600,46,Bachelor,49 Avenue Centrale,Essaouira,44000.0,Y,2,Y,Rent
7300,A00008510,Taha Fadili,L382918,28,MD,13 Residence Al Massira,Tetouan,93000.0,Y,4,Y,Own
7301,A00007185,Adam Mansour,X105214,25,Bachelor,49 Residence Hassan II,Atouabet,,N,4,Y,Mortgage
7302,A00000690,Hajar Amine,X126476,31,High School,42 Residence Al Qods,Ain Harrouda,,N,3,Y,Mortgage
7303,A00002797,Jamila Skalli,JK647707,42,College,15 Residence Hlioua,Agadir,80000.0,Y,6,Y,Rent
7304,A00000555,Othmane Alaoui,N110462,30,High School,13 Avenue El Fadl,Essaouira,44000.0,Y,6,Y,Own
7305,A00002531,Hiba Mansar,DN655656,39,Bachelor,33 Residence Salam,Meknes,50010.0,N,4,Y,Rent
7306,A00002195,Hamza Amine,DN582678,43,College,1 Boulevard Al Massira,Meknes,50010.0,N,4,Y,Own
7307,A00005133,Taha Jamal,KB796580,29,MD,38 Hay Salam,Tanger,90053.0,Y,5,Y,Own
7308,A00007472,Mohammed Amine Moufkir ,DN308063,43,,2 Avenue Al Houda,Meknes,50010.0,Y,5,Y,Rent
7309,A00007802,Youssef Ouazzani,L661761,28,Bachelor,20 Lotissement Al Houda,Tetouan,93000.0,Y,2,Y,Mortgage
7310,A00000750,Kaoutar Mansour,SA939032,38,Bachelor,2 Residence Hassan II,Nador,62000.0,N,6,Y,Own
7311,A00002777,Fatima Ezzahra  Metouali,JE810526,31,College,38 Rue Al Houda,Tiznit,85000.0,N,7,Y,Mortgage
7312,A00001793,Khadija Farissi,CC929612,57,High School,21 Residence Zerktouni,Fes,30000.0,Y,6,Y,Rent
7313,A00000696,Hamza Salhi,L827764,33,Masters,37 Hay Mohammed V,Tetouan,93000.0,N,6,Y,Own
7314,A00009948,Omar Eddoughmi,X767583,30,College,21 Rue Salam,Skhirat,,Y,3,Y,Mortgage
7315,A00007748,Omar Ouazzani,X612850,55,Bachelor,29 Boulevard Centrale,Midar,,N,7,Y,Mortgage
7316,A00000093,Meryem Jamal,L752881,48,Bachelor,40 Residence Salam,Tetouan,93000.0,Y,6,Y,Own
7317,A00005293,Hajar Benali,AG162547,50,PhD,30 Rue Al Massira,Rabat,11025.0,N,3,N,Rent
7318,A00000882,Hamza Dadi,G869024,56,Masters,29 Hay Al Massira,Kenitra,14110.0,Y,4,Y,Rent
7319,A00005158,Omar Berrada,HH620039,46,High School,7 Residence Al Houda,Safi,46000.0,N,6,Y,Rent
7320,A00006743,Malak Amrani,F776772,58,Bachelor,1 Avenue Al Qods,Oujda,60010.0,Y,6,Y,Rent
7321,A00008828,Yahya Alaoui,X506024,47,College,18 Residence Mohammed V,Bir Jdid,,N,2,Y,Own
7322,A00007753,Hajar Dadi,CC428820,38,High School,22 Residence Hassan II,Fes,30000.0,Y,3,Y,Own
7323,A00002729,Fatima Ezzahra  Berrada,AB126245,30,Bachelor,43 Hay Mohammed V,Sale,11000.0,Y,3,Y,Own
7324,A00001416,Omar Amine,JE951151,55,High School,25 Residence Salam,Tiznit,85000.0,Y,7,Y,Rent
7325,A00001457,Jamila Jamal,L225815,54,Bachelor,2 Rue Bernoussi,Tetouan,93000.0,Y,3,Y,Rent
7326,A00006424,Salma Mansar,KB259050,30,College,18 Boulevard Mohammed V,Tanger,90053.0,Y,6,Y,Own
7327,A00008047,Aya Salhi,M805806,62,High School,26 Avenue El Fadl,El Jadida,24010.0,Y,5,Y,Rent
7328,A00001087,Youssef Benali,N489487,56,Bachelor,27 Boulevard Salam,Essaouira,44000.0,Y,4,Y,Mortgage
7329,A00006581,Hamza Tazi,KB353262,41,Bachelor,33 Rue Zerktouni,Tanger,90053.0,Y,5,Y,Rent
7330,A00002917,Malak Benchikh,AG249850,32,Bachelor,41 Boulevard Mohammed V,Rabat,11025.0,Y,2,Y,Mortgage
7331,A00008444,Noha Tahiri,X974667,47,High School,41 Residence Zerktouni,Mnasra,,Y,4,Y,Rent
7332,A00006803,Hajar Amine,KB968254,53,High School,31 Rue Zerktouni,Tanger,90053.0,Y,4,N,Rent
7333,A00000113,Kawtar Dadi,L187234,33,College,42 Hay Mohammed V,Tetouan,93000.0,Y,2,Y,Own
7334,A00001111,Salma Bachri,JC763830,52,MD,15 Rue Bernoussi,Taaroudant,83000.0,Y,4,Y,Rent
7335,A00001651,Youssef Skalli,CC409739,34,Bachelor,9 Avenue Al Massira,Fes,30000.0,N,2,Y,Mortgage
7336,A00004187,Ahmed Metouali,AB358073,39,Bachelor,16 Residence Al Qods,Sale,11000.0,Y,7,N,Rent
7337,A00007076,Hiba Barghoud,CC855538,62,,18 Hay Salam,Fes,30000.0,Y,6,Y,Own
7338,A00008519,Fatima Ezzahra  Bennani,L886271,46,Masters,49 Rue Hlioua,Tetouan,93000.0,Y,4,Y,Own
7339,A00005664,Hassan Jamal,FA710093,63,MD,7 Residence Al Qods,Berkane,60300.0,Y,2,Y,Mortgage
7340,A00009985,Rania El Yousfi,X725053,26,High School,40 Hay Hlioua,El Menzel,,Y,2,Y,Own
7341,A00001055,Rania Farissi,L605687,26,PhD,21 Boulevard Al Massira,Tetouan,93000.0,N,5,Y,Rent
7342,A00004177,Youssef Amine,X942776,40,High School,3 Avenue Al Houda,Goulmima,,Y,7,Y,Rent
7343,A00009188,Aya Radi,X837957,31,College,10 Avenue Al Massira,Ouirgane,,N,5,Y,Mortgage
7344,A00008700,Noha Dadi,X850956,59,Bachelor,44 Residence Al Massira,Youssoufia,,Y,3,Y,Own
7345,A00007473,Hiba El Yousfi,X347500,26,Bachelor,40 Rue Salam,Oulad Tayeb,,Y,6,Y,Mortgage
7346,A00002737,Hiba Berrada,BJ322134,61,Bachelor,32 Lotissement Zerktouni,Casablanca,20220.0,N,2,Y,Mortgage
7347,A00005216,Kaoutar Bachri,CC855897,61,Bachelor,33 Residence Al Qods,Fes,30000.0,Y,7,Y,Own
7348,A00001309,Amine Bachri,JK142260,63,Bachelor,13 Rue Al Massira,Agadir,80000.0,Y,4,Y,Own
7349,A00002463,Omar El Idrissi,BJ654892,33,Bachelor,12 Lotissement Zerktouni,Casablanca,20220.0,Y,2,N,Mortgage
7350,A00001381,Youssef Fakhir,AG545466,25,High School,37 Hay Mohammed V,Rabat,11025.0,Y,7,Y,Rent
7351,A00002727,Noha Kibala,P546582,54,MD,42 Rue Hlioua,Ouarzazate,45000.0,N,4,Y,Own
7352,A00005114,Salma Oufkir,X722545,33,College,4 Rue Hassan II,Jaadar,,N,6,Y,Rent
7353,A00009992,Rachida Benchikh,X578545,39,High School,33 Hay Al Qods,Zag,,Y,3,Y,Rent
7354,A00004183,Taha Tahiri,X794146,51,College,42 Boulevard El Fadl,Ouezzane,,Y,6,Y,Rent
7355,A00004812,Kawtar El Yousfi,EE729550,53,High School,30 Rue Hassan II,Marrakech,40000.0,N,5,Y,Mortgage
7356,A00003825,Hassan Skalli,EE100529,35,Bachelor,42 Avenue El Fadl,Marrakech,40000.0,Y,2,Y,Mortgage
7357,A00003550,Aziza Dadi,M734692,54,College,7 Hay Zerktouni,El Jadida,24010.0,Y,4,Y,Own
7358,A00001321,Khadija Fakhir,BJ153086,27,Bachelor,18 Boulevard Al Houda,Casablanca,20220.0,Y,7,Y,Mortgage
7359,A00004080,Malak Radi,BJ457843,53,College,16 Rue Al Houda,Casablanca,20220.0,N,5,N,Own
7360,A00007240,Hamza Ouazzani,R463230,64,Bachelor,36 Hay Centrale,El Hoceima,32000.0,Y,5,Y,Mortgage
7361,A00000345,Hamza Mansour,N719323,34,Bachelor,26 Residence Salam,Essaouira,44000.0,Y,5,Y,Own
7362,A00003305,Kawtar Farissi,EE912255,60,High School,24 Boulevard Salam,Marrakech,40000.0,N,5,Y,Own
7363,A00006270,Fatima Ezzahra  Ouazzani,X513768,57,High School,26 Rue Al Houda,Jdour,,N,6,Y,Rent
7364,A00001895,Amine Farissi,P268802,26,PhD,29 Lotissement Al Houda,Ouarzazate,45000.0,Y,4,Y,Own
7365,A00007540,Omar Benali,DN803763,48,Bachelor,36 Residence Al Qods,Meknes,50010.0,Y,2,Y,Mortgage
7366,A00000441,Noha Bachri,DN312969,28,Bachelor,48 Hay Mohammed V,Meknes,50010.0,Y,5,Y,Rent
7367,A00008601,Adam Radi,KB407848,55,Bachelor,32 Avenue Zerktouni,Tanger,90053.0,Y,6,Y,Rent
7368,A00009505,Khaoula Mansar,X482726,45,College,42 Boulevard Mohammed V,Ouezzane,,N,5,Y,Mortgage
7369,A00001086,Kawtar Tahiri,AG483606,53,Bachelor,37 Avenue Hlioua,Rabat,11025.0,Y,6,Y,Rent
7370,A00003669,Jamila Bennani,AB170203,61,Bachelor,24 Rue Al Qods,Sale,11000.0,Y,2,Y,Own
7371,A00001647,Kawtar Jamal,DN698245,31,High School,27 Rue Centrale,Meknes,50010.0,N,3,Y,Own
7372,A00000966,Hajar Eddoughmi,X126753,26,,16 Rue Hlioua,Tit Mellil,,Y,2,Y,Own
7373,A00008296,Rachida Barghoud,X350811,58,High School,35 Boulevard Al Massira,Ouezzane,,Y,4,Y,Own
7374,A00001579,Aziza Tahiri,X338134,60,High School,8 Avenue Centrale,Ain Harrouda,,Y,3,Y,Rent
7375,A00001275,Noha Radi,F953820,42,Bachelor,20 Residence Al Qods,Oujda,60010.0,Y,5,Y,Mortgage
7376,A00009195,Adam Farissi,BJ210143,42,Bachelor,42 Boulevard Salam,Casablanca,20220.0,Y,4,Y,Own
7377,A00005464,Hamza Fadili,X107939,39,College,5 Avenue Bernoussi,Rhaf Sai,,Y,7,Y,Rent
7378,A00006532,Rania Moufkir ,X707219,27,High School,4 Avenue Centrale,Echemmaia,,Y,6,N,Rent
7379,A00005623,Noha Oufkir,EE681405,45,High School,30 Residence Bernoussi,Marrakech,40000.0,Y,3,Y,Rent
7380,A00005368,Zineb Moufkir ,L348051,59,High School,48 Lotissement Zerktouni,Tetouan,93000.0,N,6,Y,Own
7381,A00008019,Khadija Kibala,CC673859,58,MD,43 Residence Salam,Fes,30000.0,Y,5,Y,Own
7382,A00005959,Aya Alaoui,X657024,52,PhD,35 Boulevard Mohammed V,Aoulouz,,N,3,Y,Mortgage
7383,A00001190,Jamila Bachri,DN659168,32,College,26 Rue Zerktouni,Meknes,50010.0,N,7,Y,Own
7384,A00004866,Adam Mansar,X932109,51,High School,10 Residence Hlioua,Ras El Ma,,Y,4,Y,Rent
7385,A00003552,Fatima Ezzahra  Ouazzani,F128512,57,High School,30 Residence Centrale,Oujda,60010.0,Y,6,Y,Mortgage
7386,A00001646,Aya Tazi,DN698315,34,Bachelor,28 Residence Al Houda,Meknes,50010.0,Y,7,Y,Own
7387,A00004886,Kaoutar Bate,G926488,61,High School,25 Boulevard Salam,Kenitra,14110.0,Y,7,Y,Rent
7388,A00005981,Hajar Amine,AG462555,52,Bachelor,24 Hay El Fadl,Rabat,11025.0,Y,7,Y,Own
7389,A00000493,Omar Oufkir,G535706,33,High School,49 Hay Al Massira,Kenitra,14110.0,Y,7,Y,Rent
7390,A00000475,Aya Benchikh,KB770768,41,MD,8 Residence Bernoussi,Tanger,90053.0,Y,6,Y,Rent
7391,A00009480,Hamza Tahiri,X639449,55,Bachelor,2 Rue Al Houda,MideltDakhla,,Y,7,Y,Rent
7392,A00003651,Khaoula El Fassi,EE717974,33,High School,40 Boulevard El Fadl,Marrakech,40000.0,Y,3,Y,Mortgage
7393,A00003955,Hassan Barghoud,F563108,40,High School,44 Boulevard El Fadl,Oujda,60010.0,Y,6,Y,Own
7394,A00006828,Khadija Bate,BJ617943,58,Bachelor,40 Residence Centrale,Casablanca,20220.0,Y,3,Y,Rent
7395,A00002110,Hiba El Idrissi,X465347,37,Bachelor,13 Residence Mohammed V,Zagora,,N,6,Y,Own
7396,A00008663,Youssef El Yousfi,DN392266,51,High School,44 Hay Hassan II,Meknes,50010.0,N,3,Y,Mortgage
7397,A00003158,Fatima Ezzahra  Tazi,X598491,26,,12 Boulevard Bernoussi,Akhfenir,,Y,3,Y,Own
7398,A00004764,Khaoula Eddoughmi,X333438,46,Bachelor,22 Lotissement Centrale,El Hajeb,,Y,3,Y,Rent
7399,A00000594,Taha Amrani,W442135,45,Masters,46 Residence Al Houda,Settat,26000.0,Y,4,Y,Mortgage
7400,A00001965,Rania Fakhir,X857632,46,Bachelor,13 Lotissement El Fadl,Souk Tolba,,Y,7,Y,Rent
7401,A00009798,Ahmed Jamal,X732308,40,High School,11 Boulevard Al Massira,MideltDakhla,,Y,7,Y,Rent
7402,A00004683,Yahya Benali,X675902,35,College,36 Avenue Al Massira,Zerkten,,Y,5,Y,Mortgage
7403,A00000622,Hassan Bennani,AB181691,31,High School,18 Boulevard Salam,Sale,11000.0,Y,5,Y,Rent
7404,A00006403,Amine Lahlou,X495256,27,Masters,32 Rue Salam,Sidi Slimane,,N,4,N,Own
7405,A00009332,Meryem Bachri,N602992,40,MD,8 Residence Hlioua,Essaouira,44000.0,N,2,Y,Own
7406,A00001359,Mohammed Amine Amine,CC384732,53,Bachelor,37 Hay Al Houda,Fes,30000.0,Y,6,Y,Own
7407,A00003197,Hiba Jamal,AG471223,47,PhD,5 Hay Zerktouni,Rabat,11025.0,N,7,Y,Rent
7408,A00003285,Hiba Benchikh,M923853,62,High School,47 Residence Al Qods,El Jadida,24010.0,N,6,Y,Mortgage
7409,A00005009,Rachida Salhi,AB177288,36,Masters,30 Rue Hassan II,Sale,11000.0,Y,6,Y,Own
7410,A00006621,Meryem Bate,EE368115,34,Bachelor,13 Boulevard El Fadl,Marrakech,40000.0,Y,5,Y,Rent
7411,A00008225,Malak Dadi,X792943,56,Bachelor,6 Avenue Mohammed V,Khenifra,,N,2,Y,Rent
7412,A00006315,Salma Benali,X455664,25,Bachelor,24 Hay Al Houda,My Yacoub,,Y,3,Y,Rent
7413,A00007862,Omar Fakhir,BJ331607,54,Bachelor,16 Rue Al Houda,Casablanca,20220.0,Y,2,Y,Rent
7414,A00006943,Malak Tahiri,CC626175,56,Bachelor,13 Rue Al Houda,Fes,30000.0,Y,5,Y,Own
7415,A00000395,Fatima Salhi,GK746251,59,Bachelor,22 Residence Al Houda,Sidi Kacem,16000.0,Y,2,Y,Rent
7416,A00005964,Ahmed Berrada,BJ808034,53,Bachelor,6 Avenue Salam,Casablanca,20220.0,Y,4,Y,Mortgage
7417,A00000142,Hiba Mansour,BJ897365,36,High School,22 Avenue Al Qods,Casablanca,20220.0,Y,6,Y,Own
7418,A00006345,Youssef Fakhir,AB157057,50,College,15 Boulevard El Fadl,Sale,11000.0,N,7,Y,Rent
7419,A00000571,Youssef Barghoud,L162073,51,High School,24 Hay Hlioua,Tetouan,93000.0,Y,7,Y,Rent
7420,A00008319,Mohamed Mansour,BJ211678,48,High School,12 Hay El Fadl,Casablanca,20220.0,Y,3,Y,Own
7421,A00000341,Omar Eddoughmi,X145759,34,High School,7 Rue Zerktouni,Mediouna,,Y,4,Y,Mortgage
7422,A00005895,Malak Berrada,X662254,27,Bachelor,1 Lotissement Hassan II,Khourubga,25000.0,N,2,Y,Mortgage
7423,A00002607,Kawtar Kibala,X574070,43,Bachelor,42 Residence Centrale,Azemmour,,N,3,Y,Own
7424,A00001119,Hiba El Yousfi,AG381697,44,College,47 Boulevard Bernoussi,Rabat,11025.0,Y,4,Y,Own
7425,A00002019,Aya Dadi,LF308792,63,Bachelor,46 Hay Al Houda,Fnideq,93200.0,Y,6,Y,Rent
7426,A00000071,Meryem Fakhir,X668900,54,MD,11 Rue Salam,Khemisset,,Y,5,Y,Rent
7427,A00001575,Rachida Kibala,X361325,32,High School,31 Lotissement Hlioua,MideltDakhla,,Y,7,Y,Own
7428,A00002160,Adam Barghoud,X800575,29,MD,25 Boulevard Salam,Zirara,,N,6,Y,Mortgage
7429,A00006288,Aya Barghoud,Z208677,25,High School,36 Boulevard Hlioua,Taza,35000.0,Y,6,Y,Mortgage
7430,A00008908,Aziza Tazi,X671506,46,MD,38 Lotissement Bernoussi,Bouarfa,,Y,6,Y,Own
7431,A00001812,Zineb Skalli,T528748,46,Bachelor,14 Rue Mohammed V,Mohammedia,28810.0,Y,2,Y,Rent
7432,A00006407,Fatima El Fassi,M549360,58,Bachelor,1 Rue Al Houda,El Jadida,24010.0,Y,7,Y,Own
7433,A00001346,Rania Alaoui,G305113,43,Bachelor,28 Rue Hassan II,Kenitra,14110.0,Y,3,Y,Rent
7434,A00009504,Aziza El Idrissi,JK729601,47,Bachelor,28 Lotissement Salam,Agadir,80000.0,Y,3,Y,Rent
7435,A00002112,Taha Lahlou,KB520777,40,High School,8 Avenue Salam,Tanger,90053.0,N,2,Y,Own
7436,A00006889,Jamila Mansour,EE836009,58,College,34 Hay Salam,Marrakech,40000.0,Y,6,Y,Mortgage
7437,A00008616,Taha Radi,AB335647,59,High School,27 Boulevard Centrale,Sale,11000.0,Y,4,Y,Mortgage
7438,A00001380,Khadija Jamal,DN957146,48,High School,23 Hay Zerktouni,Meknes,50010.0,Y,7,Y,Own
7439,A00000027,Jamila Ouazzani,BJ980396,45,Bachelor,5 Residence Mohammed V,Casablanca,20220.0,N,4,Y,Rent
7440,A00000520,Hamza Jamal,KB174380,29,College,4 Rue Al Massira,Tanger,90053.0,Y,3,Y,Rent
7441,A00001522,Hassan Radi,AB820821,39,College,39 Hay Al Houda,Sale,11000.0,Y,5,Y,Own
7442,A00002136,Khaoula Bennani,X719646,60,Bachelor,38 Boulevard Mohammed V,Youssoufia,,Y,4,N,Rent
7443,A00003216,Malak Alaoui,AG606539,50,High School,31 Lotissement Al Massira,Rabat,11025.0,Y,2,Y,Rent
7444,A00007614,Othmane Mansar,F926303,42,,20 Residence Al Qods,Oujda,60010.0,Y,2,Y,Mortgage
7445,A00000976,Taha Benchikh,JK989783,32,Bachelor,2 Avenue Hassan II,Agadir,80000.0,Y,6,Y,Own
7446,A00008623,Aya Berrada,X508539,44,Masters,35 Avenue Al Qods,El Marsa,,Y,7,Y,Own
7447,A00009628,Othmane Amrani,BJ909993,34,MD,32 Lotissement Zerktouni,Casablanca,20220.0,N,4,Y,Mortgage
7448,A00007348,Hajar Mansar,N515240,37,College,23 Residence Salam,Essaouira,44000.0,Y,5,Y,Mortgage
7449,A00003418,Ahmed Lahlou,G895661,60,MD,30 Lotissement Al Qods,Kenitra,14110.0,Y,5,Y,Rent
7450,A00006274,Youssef Skalli,JC855415,37,MD,26 Boulevard Centrale,Taaroudant,83000.0,Y,6,Y,Mortgage
7451,A00003444,Othmane Banoune,GK845501,34,Bachelor,38 Boulevard Al Houda,Sidi Kacem,16000.0,N,7,Y,Rent
7452,A00001622,Omar Metouali,FA560128,55,High School,23 Rue Al Houda,Berkane,60300.0,Y,3,Y,Rent
7453,A00000525,Taha Bennani,CC137567,49,High School,9 Residence Al Massira,Fes,30000.0,Y,3,Y,Rent
7454,A00008773,Salma Amrani,X517668,62,College,7 Hay Al Massira,Ouezzane,,Y,4,Y,Own
7455,A00001059,Mohammed Amine Fakhir,R265744,40,High School,36 Hay Centrale,El Hoceima,32000.0,Y,6,Y,Mortgage
7456,A00000972,Hajar Salhi,JK901239,41,Masters,16 Hay Hassan II,Agadir,80000.0,N,4,Y,Own
7457,A00004654,Salma Amine,AG396419,55,College,2 Residence Al Houda,Rabat,11025.0,Y,4,Y,Rent
7458,A00008365,Omar Ouazzani,AB191550,55,Bachelor,5 Boulevard Al Massira,Sale,11000.0,Y,6,Y,Mortgage
7459,A00006933,Hamza Mansar,X336143,58,Bachelor,42 Lotissement Salam,Oued Laou,,Y,7,Y,Own
7460,A00005995,Kawtar El Fassi,EE915667,27,Bachelor,36 Hay Mohammed V,Marrakech,40000.0,N,4,Y,Mortgage
7461,A00003624,Hajar Bachri,BJ409799,44,Bachelor,9 Avenue Hlioua,Casablanca,20220.0,N,6,Y,Rent
7462,A00003116,Hiba Mansour,AG594220,31,College,38 Avenue Centrale,Rabat,11025.0,Y,5,Y,Rent
7463,A00002558,Aziza Barghoud,EE206726,32,High School,38 Boulevard Bernoussi,Marrakech,40000.0,Y,6,Y,Mortgage
7464,A00008061,Aziza Bennani,M480035,58,Bachelor,49 Avenue Al Qods,El Jadida,24010.0,N,4,Y,Rent
7465,A00007153,Amine Tahiri,KB944440,26,College,39 Rue Salam,Tanger,90053.0,Y,7,Y,Own
7466,A00005865,Hiba Bate,X679700,57,College,20 Rue El Fadl,Sidi Boubker,,Y,2,Y,Mortgage
7467,A00003087,Salma Bennani,N351060,64,College,17 Rue Salam,Essaouira,44000.0,Y,2,Y,Own
7468,A00007149,Meryem Fadili,L445204,30,Bachelor,3 Lotissement Zerktouni,Tetouan,93000.0,Y,2,Y,Mortgage
7469,A00003055,Yahya Moufkir ,X408373,25,Bachelor,37 Hay Hassan II,Targuist,,Y,3,Y,Own
7470,A00008105,Hassan Metouali,X157341,52,MD,21 Residence Hassan II,Ounagha,,N,3,Y,Mortgage
7471,A00008322,Hiba Berrada,M320033,40,MD,34 Hay Al Qods,El Jadida,24010.0,N,2,Y,Own
7472,A00004841,Zineb Skalli,X456635,40,High School,31 Lotissement Zerktouni,Mhaya,,N,6,Y,Mortgage
7473,A00000845,Ahmed Dadi,L448821,37,High School,33 Residence Hassan II,Tetouan,93000.0,N,3,Y,Rent
7474,A00006902,Othmane Lahlou,JK104488,60,Bachelor,23 Rue Bernoussi,Agadir,80000.0,N,2,Y,Rent
7475,A00002840,Aya El Yousfi,X345691,41,College,32 Residence Hlioua,Boujniba,,Y,5,N,Rent
7476,A00009700,Hassan Mansar,R316510,31,High School,47 Boulevard Mohammed V,El Hoceima,32000.0,Y,3,Y,Mortgage
7477,A00007365,Noha Mansar,AG858569,51,PhD,48 Residence Bernoussi,Rabat,11025.0,Y,7,Y,Mortgage
7478,A00006772,Hajar Berrada,BJ851574,31,Bachelor,42 Lotissement Al Qods,Casablanca,20220.0,Y,7,Y,Mortgage
7479,A00008102,Adam Mansour,G807718,45,Bachelor,12 Rue Hlioua,Kenitra,14110.0,Y,5,Y,Mortgage
7480,A00004921,Youssef Amine,KB123125,58,Bachelor,19 Hay El Fadl,Tanger,90053.0,N,4,Y,Mortgage
7481,A00005481,Meryem Bennani,KB538024,40,Bachelor,45 Boulevard Mohammed V,Tanger,90053.0,Y,3,Y,Own
7482,A00007961,Meryem Lahlou,X389198,27,Masters,49 Lotissement Al Houda,Setti Fatma,,Y,5,Y,Mortgage
7483,A00009527,Fatima El Yousfi,BJ751450,51,Bachelor,40 Avenue Hassan II,Casablanca,20220.0,N,4,Y,Mortgage
7484,A00008786,Omar El Yousfi,P379414,37,Bachelor,37 Lotissement Bernoussi,Ouarzazate,45000.0,Y,7,Y,Own
7485,A00006887,Hiba Fakhir,G330415,62,Bachelor,36 Rue El Fadl,Kenitra,14110.0,Y,2,Y,Own
7486,A00008868,Youssef Jamal,X483858,48,High School,24 Rue Hassan II,Skhour Rehamna,,Y,2,Y,Own
7487,A00006959,Zineb Amrani,JA485994,36,Bachelor,24 Rue Mohammed V,Guelmim,81000.0,N,5,N,Own
7488,A00001845,Meryem Bennani,X754612,50,Bachelor,9 Avenue Centrale,Oulad Teima,,N,7,Y,Mortgage
7489,A00000145,Ahmed El Yousfi,BJ332145,44,Masters,17 Boulevard Hassan II,Casablanca,20220.0,Y,4,Y,Own
7490,A00009035,Omar Benali,AG883821,47,PhD,43 Hay Salam,Rabat,11025.0,Y,3,Y,Mortgage
7491,A00006139,Mohammed Amine Berrada,SH613867,56,Bachelor,30 Hay Al Qods,Laayoune,70000.0,Y,3,Y,Rent
7492,A00006991,Ahmed Mansour,F584569,37,Bachelor,28 Rue El Fadl,Oujda,60010.0,Y,4,Y,Rent
7493,A00003374,Hassan El Idrissi,L529306,45,College,13 Residence El Fadl,Tetouan,93000.0,N,6,Y,Mortgage
7494,A00000659,Jamila Benchikh,JK204693,64,High School,47 Avenue El Fadl,Agadir,80000.0,Y,2,N,Own
7495,A00001824,Mohamed Tazi,AB926918,58,Masters,15 Boulevard El Fadl,Sale,11000.0,N,3,Y,Mortgage
7496,A00008891,Mohamed Farissi,X675864,27,High School,5 Residence Hassan II,Ouezzane,,Y,2,Y,Own
7497,A00000044,Fatima Jamal,G895310,42,Bachelor,4 Boulevard Al Massira,Kenitra,14110.0,Y,5,Y,Mortgage
7498,A00005094,Omar Benali,DN952461,62,Masters,22 Rue El Fadl,Meknes,50010.0,Y,6,Y,Own
7499,A00009545,Hassan Eddoughmi,G189576,60,Bachelor,8 Rue Al Massira,Kenitra,14110.0,Y,2,Y,Own
7500,A00000235,Kawtar El Fassi,G694470,57,Bachelor,12 Residence Al Houda,Kenitra,14110.0,Y,5,Y,Rent
7501,A00008678,Mohammed Amine Banoune,L176868,25,,15 Hay Centrale,Tetouan,93000.0,Y,3,Y,Mortgage
7502,A00009526,Amine Alaoui,EE804274,59,Masters,17 Boulevard Salam,Marrakech,40000.0,Y,7,Y,Own
7503,A00001535,Jamila Jamal,X929850,46,Bachelor,31 Lotissement Hlioua,MideltDakhla,,Y,2,N,Rent
7504,A00002120,Omar Salhi,F494334,56,Masters,32 Residence Al Massira,Oujda,60010.0,Y,7,Y,Mortgage
7505,A00004318,Noha Benchikh,X143021,64,High School,31 Lotissement Al Massira,Afso,,Y,5,Y,Rent
7506,A00002302,Malak Jamal,HH354203,27,College,26 Rue Al Qods,Safi,46000.0,N,3,Y,Mortgage
7507,A00009803,Kawtar Salhi,AB501685,45,Bachelor,14 Boulevard Al Houda,Sale,11000.0,Y,4,Y,Own
7508,A00004146,Mohamed Tazi,X429997,30,Masters,31 Boulevard Hassan II,Sidi Abdallah,,N,6,Y,Rent
7509,A00003894,Omar Radi,G566991,39,College,35 Lotissement Al Qods,Kenitra,14110.0,Y,7,Y,Mortgage
7510,A00005257,Adam Radi,JK315945,60,Bachelor,5 Avenue El Fadl,Agadir,80000.0,Y,6,Y,Own
7511,A00003056,Othmane El Fassi,X688527,32,Bachelor,41 Hay Bernoussi,Mechra Bel Ksiri,,Y,6,Y,Own
7512,A00002832,Kawtar Fakhir,P186128,45,High School,27 Avenue Hassan II,Ouarzazate,45000.0,Y,4,Y,Rent
7513,A00004285,Khadija Eddoughmi,W403087,46,Bachelor,25 Avenue Hlioua,Settat,26000.0,N,4,Y,Mortgage
7514,A00007718,Yahya Berrada,X219052,54,High School,42 Avenue Mohammed V,Beni Chiker,,Y,7,Y,Mortgage
7515,A00008851,Kawtar Berrada,X191511,52,High School,8 Lotissement Salam,El Ksiba,,Y,5,Y,Mortgage
7516,A00005322,Yahya Fadili,N840270,36,High School,49 Hay Bernoussi,Essaouira,44000.0,Y,3,Y,Mortgage
7517,A00008998,Mohammed Amine Fakhir,X926048,60,Masters,39 Hay Bernoussi,,,Y,6,Y,Rent
7518,A00006938,Mohamed Salhi,L150459,28,Bachelor,17 Boulevard Hlioua,Tetouan,93000.0,N,2,Y,Own
7519,A00001967,Hamza Salhi,EE354332,48,High School,14 Rue Al Massira,Marrakech,40000.0,Y,6,Y,Own
7520,A00004580,Noha Bate,X512059,62,Bachelor,3 Lotissement El Fadl,Moqrisset,,Y,4,Y,Mortgage
7521,A00005139,Yahya Alaoui,DN521862,25,Bachelor,2 Avenue Al Houda,Meknes,50010.0,Y,4,Y,Own
7522,A00007903,Kaoutar Salhi,AB744655,61,High School,9 Rue Zerktouni,Sale,11000.0,Y,5,Y,Rent
7523,A00000612,Meryem Barghoud,L830424,34,High School,25 Residence Salam,Tetouan,93000.0,Y,5,Y,Mortgage
7524,A00009883,Khadija Jamal,N867650,29,,42 Residence Bernoussi,Essaouira,44000.0,Y,3,Y,Own
7525,A00002999,Salma Ouazzani,JK248294,27,High School,5 Hay Salam,Agadir,80000.0,Y,7,Y,Mortgage
7526,A00002452,Taha Jamal,L563094,28,,7 Hay Al Massira,Tetouan,93000.0,Y,5,Y,Rent
7527,A00006180,Kawtar Moufkir ,X957579,42,PhD,2 Boulevard Al Massira,Stehat,,N,7,Y,Own
7528,A00007536,Youssef El Yousfi,X829191,27,Bachelor,46 Residence El Fadl,,,Y,6,Y,Own
7529,A00008030,Adam El Fassi,BJ849247,57,,12 Rue Al Qods,Casablanca,20220.0,Y,6,N,Own
7530,A00001076,Kaoutar Salhi,EA419138,28,High School,18 Residence Al Houda,Ben Guerir,43150.0,Y,5,Y,Rent
7531,A00003587,Ahmed Mansar,DN991960,62,Masters,11 Rue Centrale,Meknes,50010.0,Y,6,Y,Own
7532,A00000648,Khaoula Dadi,EE894228,52,PhD,11 Boulevard Al Qods,Marrakech,40000.0,Y,7,Y,Rent
7533,A00003417,Youssef Barghoud,AB488849,51,Bachelor,39 Rue Hassan II,Sale,11000.0,Y,3,Y,Rent
7534,A00002323,Zineb Tazi,JK457083,48,Bachelor,38 Hay Al Houda,Agadir,80000.0,Y,3,Y,Own
7535,A00007327,Mohamed El Idrissi,JK529985,46,Bachelor,28 Boulevard Al Massira,Agadir,80000.0,Y,7,N,Mortgage
7536,A00000654,Adam Bachri,X381467,41,High School,40 Boulevard Hassan II,Bir Jdid,,N,7,Y,Mortgage
7537,A00005105,Hiba Metouali,KB838319,62,Bachelor,2 Hay Zerktouni,Tanger,90053.0,Y,2,Y,Rent
7538,A00004264,Hassan Oufkir,N469333,41,Bachelor,34 Avenue Hassan II,Essaouira,44000.0,N,2,Y,Own
7539,A00001778,Aziza Tahiri,X355178,52,Bachelor,33 Rue Hassan II,Shoul,,Y,5,Y,Mortgage
7540,A00004231,Hiba Eddoughmi,JK652418,47,Masters,2 Lotissement Al Massira,Agadir,80000.0,Y,2,Y,Own
7541,A00006271,Meryem Metouali,DN601121,55,Bachelor,47 Hay Al Houda,Meknes,50010.0,Y,7,Y,Mortgage
7542,A00005080,Adam Bate,X648011,49,High School,31 Lotissement Salam,Oum Dreyga,,Y,4,Y,Rent
7543,A00001540,Zineb Jamal,JK602438,37,Bachelor,31 Boulevard Bernoussi,Agadir,80000.0,Y,4,Y,Mortgage
7544,A00002990,Aya Eddoughmi,VA493984,58,Bachelor,17 Residence Salam,Midelt,54350.0,Y,2,N,Rent
7545,A00001946,Jamila Mansour,EE329086,64,Bachelor,40 Avenue Hassan II,Marrakech,40000.0,Y,2,Y,Mortgage
7546,A00007315,Adam Tazi,BJ420309,56,MD,36 Avenue Centrale,Casablanca,20220.0,N,2,Y,Mortgage
7547,A00000746,Rachida Salhi,X463046,52,Bachelor,12 Residence El Fadl,Thar Es-Souk,,Y,7,Y,Mortgage
7548,A00009298,Youssef Jamal,X619186,58,Bachelor,5 Residence Bernoussi,M'diq,,Y,5,N,Rent
7549,A00009131,Mohammed Amine Berrada,X161784,31,MD,36 Avenue Hassan II,Beni Ayat,,Y,6,Y,Rent
7550,A00009751,Fatima El Idrissi,X590687,55,Masters,1 Lotissement Hassan II,Sidi Taibi,,Y,2,Y,Rent
7551,A00001623,Mohammed Amine Bachri,I971891,60,Masters,4 Rue Mohammed V,Beni Mellal,23000.0,Y,5,Y,Mortgage
7552,A00008518,Fatima Salhi,AB842463,52,High School,36 Lotissement Mohammed V,Sale,11000.0,Y,6,Y,Mortgage
7553,A00000463,Mohammed Amine Kibala,X260254,61,Bachelor,32 Rue Al Houda,Khourubga,25000.0,Y,3,Y,Own
7554,A00001648,Omar Skalli,LA937547,47,High School,22 Residence Mohammed V,Larache,92000.0,Y,5,Y,Own
7555,A00007009,Youssef Skalli,T643839,30,MD,14 Rue Mohammed V,Mohammedia,28810.0,N,5,Y,Mortgage
7556,A00006605,Hiba Tazi,X215866,57,College,49 Residence El Fadl,Khemisset,,Y,3,Y,Mortgage
7557,A00007756,Aziza Amrani,EE250849,42,Masters,41 Residence Hassan II,Marrakech,40000.0,Y,4,N,Rent
7558,A00001297,Othmane Alaoui,X131081,28,High School,8 Avenue Zerktouni,Foum Zguid,,N,6,Y,Own
7559,A00003760,Fatima Dadi,R561225,45,High School,18 Boulevard Hassan II,El Hoceima,32000.0,N,6,Y,Mortgage
7560,A00004726,Amine Kibala,CC998415,28,Masters,12 Residence Al Qods,Fes,30000.0,Y,3,Y,Rent
7561,A00004853,Meryem Mansour,AG912246,52,Bachelor,45 Avenue Mohammed V,Rabat,11025.0,N,6,Y,Mortgage
7562,A00009835,Aya Bachri,EE858778,42,High School,28 Rue Al Qods,Marrakech,40000.0,Y,6,Y,Mortgage
7563,A00001451,Omar Ouazzani,KB414010,29,High School,24 Hay Al Qods,Tanger,90053.0,Y,5,Y,Own
7564,A00009143,Hamza Benchikh,GK975783,46,College,25 Residence Hlioua,Sidi Kacem,16000.0,N,7,Y,Mortgage
7565,A00007667,Hiba Oufkir,X650336,47,Bachelor,21 Residence Salam,Outat El Haj,,Y,3,Y,Own
7566,A00000118,Yahya Metouali,G711025,43,Bachelor,32 Hay Hlioua,Kenitra,14110.0,Y,7,Y,Mortgage
7567,A00005154,Fatima Ezzahra  Jamal,BJ736698,37,High School,19 Boulevard Zerktouni,Casablanca,20220.0,Y,2,Y,Rent
7568,A00002549,Rachida Mansour,FA410003,46,Bachelor,34 Hay Centrale,Berkane,60300.0,N,2,Y,Rent
7569,A00007885,Khadija Skalli,JK586030,60,High School,20 Avenue El Fadl,Agadir,80000.0,Y,7,Y,Mortgage
7570,A00003204,Mohamed Fadili,X528207,55,Bachelor,6 Lotissement Hassan II,Ksar El Kebir,,Y,7,Y,Rent
7571,A00000839,Kawtar Alaoui,F447643,46,College,47 Hay Zerktouni,Oujda,60010.0,Y,2,Y,Own
7572,A00005288,Meryem El Idrissi,CC471267,64,High School,22 Residence Hlioua,Fes,30000.0,Y,5,Y,Mortgage
7573,A00006799,Kaoutar Banoune,HH888720,57,College,38 Lotissement Zerktouni,Safi,46000.0,Y,2,Y,Rent
7574,A00008954,Jamila Amine,CC823205,50,Bachelor,19 Avenue Salam,Fes,30000.0,N,6,Y,Mortgage
7575,A00007843,Taha El Yousfi,CC143324,56,High School,6 Lotissement Hlioua,Fes,30000.0,Y,4,Y,Mortgage
7576,A00005571,Yahya Bennani,N536598,62,Masters,19 Residence Al Qods,Essaouira,44000.0,Y,2,Y,Rent
7577,A00000311,Fatima Ezzahra  Skalli,DN546084,51,Masters,34 Hay Salam,Meknes,50010.0,Y,6,Y,Rent
7578,A00009780,Fatima Mansar,JK509416,43,PhD,19 Hay Bernoussi,Agadir,80000.0,Y,6,Y,Mortgage
7579,A00001696,Meryem Bennani,X182981,48,College,20 Hay Zerktouni,Sidi Lamine,,Y,5,Y,Mortgage
7580,A00002368,Yahya Eddoughmi,F845129,46,Bachelor,47 Avenue Salam,Oujda,60010.0,Y,6,Y,Own
7581,A00009177,Khaoula Berrada,EE827346,47,Bachelor,3 Avenue Hlioua,Marrakech,40000.0,Y,4,Y,Own
7582,A00008974,Omar Eddoughmi,AB531235,47,Bachelor,9 Rue Zerktouni,Sale,11000.0,N,5,N,Mortgage
7583,A00004174,Yahya Radi,X968189,58,College,32 Rue Al Qods,Khourubga,25000.0,Y,7,Y,Rent
7584,A00004890,Youssef Fakhir,GK110194,40,Bachelor,41 Hay Al Houda,Sidi Kacem,16000.0,Y,6,Y,Own
7585,A00005157,Rania Lahlou,JK803262,48,College,2 Lotissement Zerktouni,Agadir,80000.0,Y,4,Y,Mortgage
7586,A00001454,Aziza Banoune,DN955964,47,Bachelor,16 Boulevard Centrale,Meknes,50010.0,Y,2,Y,Rent
7587,A00009239,Aya Bate,KB508331,40,Bachelor,9 Residence Mohammed V,Tanger,90053.0,Y,7,Y,Own
7588,A00005041,Khadija Fadili,CC502951,44,Masters,39 Residence Hlioua,Fes,30000.0,N,5,Y,Own
7589,A00008522,Kaoutar Bate,DN196919,32,Bachelor,19 Avenue Al Houda,Meknes,50010.0,Y,2,Y,Mortgage
7590,A00002754,Zineb Bate,L486305,57,High School,28 Lotissement Mohammed V,Tetouan,93000.0,N,2,Y,Rent
7591,A00007129,Mohammed Amine Tahiri,L494033,44,Bachelor,45 Hay Centrale,Tetouan,93000.0,N,7,N,Rent
7592,A00004052,Mohammed Amine Jamal,BJ758083,59,College,13 Residence Hlioua,Casablanca,20220.0,Y,3,Y,Mortgage
7593,A00001595,Taha Mansar,X690490,34,Bachelor,8 Lotissement Salam,El Ksiba,,Y,7,Y,Rent
7594,A00001468,Hamza Tazi,L930535,46,,43 Lotissement Al Massira,Tetouan,93000.0,Y,5,Y,Mortgage
7595,A00005744,Jamila El Fassi,X414336,41,Masters,6 Boulevard El Fadl,Rommani,,Y,7,Y,Rent
7596,A00007900,Mohammed Amine Bate,AG558173,52,High School,4 Boulevard Centrale,Rabat,11025.0,Y,6,Y,Rent
7597,A00003913,Othmane Ouazzani,X525027,36,Bachelor,49 Residence Hassan II,El Marsa,,N,4,Y,Own
7598,A00007051,Omar Ouazzani,L402051,58,Masters,11 Avenue El Fadl,Tetouan,93000.0,Y,4,Y,Own
7599,A00007852,Ahmed Oufkir,G488838,42,High School,34 Residence Mohammed V,Kenitra,14110.0,Y,2,Y,Mortgage
7600,A00002179,Omar Amine,L928628,49,Masters,34 Lotissement Salam,Tetouan,93000.0,N,7,Y,Mortgage
7601,A00008551,Omar Oufkir,EE152586,43,Bachelor,43 Residence Hlioua,Marrakech,40000.0,Y,3,N,Own
7602,A00006896,Ahmed Dadi,BJ198934,26,Masters,11 Rue Salam,Casablanca,20220.0,Y,7,Y,Own
7603,A00005625,Othmane Benali,DN279164,25,High School,2 Avenue Zerktouni,Meknes,50010.0,Y,4,Y,Rent
7604,A00004691,Yahya Bennani,X233028,41,College,31 Boulevard Centrale,Aknoul,,N,3,Y,Rent
7605,A00007483,Taha Banoune,CC335762,58,Masters,31 Rue Centrale,Fes,30000.0,Y,5,Y,Mortgage
7606,A00008292,Zineb Salhi,F807988,47,MD,17 Hay Bernoussi,Oujda,60010.0,N,7,Y,Own
7607,A00000596,Fatima Ezzahra  Mansar,X260084,37,Bachelor,2 Boulevard Al Qods,,,Y,2,Y,Mortgage
7608,A00002327,Mohammed Amine Alaoui,EE492861,55,Bachelor,34 Lotissement Mohammed V,Marrakech,40000.0,N,4,Y,Mortgage
7609,A00006066,Aya Lahlou,X820131,25,High School,46 Lotissement Hassan II,Asilah,,N,7,Y,Rent
7610,A00003001,Youssef Eddoughmi,KB305807,63,Bachelor,36 Rue Centrale,Tanger,90053.0,Y,3,Y,Mortgage
7611,A00004266,Taha Bate,EE797861,57,Bachelor,42 Lotissement Mohammed V,Marrakech,40000.0,N,7,Y,Mortgage
7612,A00000903,Salma Radi,EE394359,40,High School,43 Residence Centrale,Marrakech,40000.0,Y,7,Y,Mortgage
7613,A00001216,Khaoula Eddoughmi,X248106,37,Bachelor,10 Boulevard Hassan II,Ksar Sghir,,Y,4,Y,Own
7614,A00007479,Amine Dadi,AB163102,25,College,36 Lotissement Mohammed V,Sale,11000.0,N,5,Y,Own
7615,A00006287,Ahmed Fadili,X814963,44,High School,2 Boulevard Al Massira,Nouaceur,,Y,2,Y,Mortgage
7616,A00003788,Aziza Moufkir ,JF909339,26,PhD,47 Rue Zerktouni,Tan Tan,82000.0,Y,2,Y,Own
7617,A00009711,Khadija Alaoui,N429015,43,PhD,40 Lotissement Mohammed V,Essaouira,44000.0,Y,3,Y,Rent
7618,A00004379,Mohammed Amine Berrada,JF843574,58,PhD,43 Hay Zerktouni,Tan Tan,82000.0,N,4,Y,Own
7619,A00008955,Mohamed Moufkir ,JK763637,49,High School,46 Hay Al Qods,Agadir,80000.0,N,6,Y,Rent
7620,A00008550,Fatima Ezzahra  El Idrissi,JK454990,50,Bachelor,13 Avenue Al Houda,Agadir,80000.0,Y,7,Y,Own
7621,A00007253,Salma Mansar,F613475,29,PhD,31 Hay Zerktouni,Oujda,60010.0,Y,6,N,Own
7622,A00005455,Taha Dadi,X273309,33,Bachelor,42 Avenue Mohammed V,Beni Chiker,,Y,4,Y,Own
7623,A00002621,Zineb Dadi,AG642104,25,High School,9 Hay El Fadl,Rabat,11025.0,N,2,Y,Mortgage
7624,A00005909,Kawtar Tazi,CC922445,42,,41 Residence Centrale,Fes,30000.0,N,3,Y,Rent
7625,A00000725,Omar Bate,EE864178,62,Bachelor,31 Hay Bernoussi,Marrakech,40000.0,Y,5,Y,Rent
7626,A00003020,Othmane Metouali,X428424,40,College,23 Rue Al Qods,Oulad Ziane,,Y,4,Y,Own
7627,A00003679,Aziza Oufkir,F476952,28,High School,45 Residence Salam,Oujda,60010.0,N,2,Y,Rent
7628,A00002810,Othmane Metouali,X923645,54,College,10 Hay Al Houda,Aousserd,,Y,7,Y,Mortgage
7629,A00004610,Khaoula Tahiri,F892512,29,PhD,2 Avenue Centrale,Oujda,60010.0,N,6,Y,Mortgage
7630,A00003902,Mohammed Amine Farissi,AB331646,60,Bachelor,9 Boulevard Al Massira,Sale,11000.0,Y,2,Y,Mortgage
7631,A00005494,Meryem Alaoui,JK179073,41,Bachelor,28 Lotissement Salam,Agadir,80000.0,Y,4,Y,Rent
7632,A00009042,Khaoula Oufkir,JK402228,54,High School,23 Avenue Hlioua,Agadir,80000.0,Y,2,Y,Mortgage
7633,A00003875,Fatima Moufkir ,CC129029,59,,6 Residence Al Qods,Fes,30000.0,Y,6,Y,Own
7634,A00007412,Yahya Amrani,CC640390,26,,29 Lotissement Bernoussi,Fes,30000.0,Y,7,Y,Mortgage
7635,A00005683,Yahya Banoune,AG345440,41,MD,13 Residence Salam,Rabat,11025.0,Y,5,Y,Rent
7636,A00003608,Omar Mansar,DN691746,60,High School,29 Hay Zerktouni,Meknes,50010.0,Y,7,Y,Own
7637,A00008662,Amine Skalli,EE269020,48,Bachelor,28 Lotissement Hassan II,Marrakech,40000.0,Y,5,N,Own
7638,A00007855,Aziza Alaoui,X722740,34,Bachelor,2 Boulevard Al Qods,,,N,4,Y,Mortgage
7639,A00009518,Omar Benchikh,EE649274,41,College,49 Hay Zerktouni,Marrakech,40000.0,Y,6,Y,Rent
7640,A00001603,Aziza Fadili,R198614,57,Bachelor,36 Avenue Al Qods,El Hoceima,32000.0,N,4,Y,Own
7641,A00002773,Mohammed Amine Eddoughmi,G655629,43,College,35 Residence Mohammed V,Kenitra,14110.0,Y,2,Y,Own
7642,A00008721,Meryem Benali,R901658,29,High School,39 Hay Centrale,El Hoceima,32000.0,Y,3,Y,Rent
7643,A00000095,Noha Oufkir,X740226,59,Bachelor,29 Boulevard Mohammed V,Sidi Yahya El Gharb,,Y,6,Y,Mortgage
7644,A00000129,Kawtar Dadi,X705847,43,Bachelor,17 Hay Hassan II,Erfoud,,Y,2,Y,Own
7645,A00009032,Noha Mansar,DN388015,59,Bachelor,2 Avenue Zerktouni,Meknes,50010.0,Y,2,Y,Rent
7646,A00004555,Rania Banoune,EE213010,62,Bachelor,24 Rue Hassan II,Marrakech,40000.0,Y,4,Y,Mortgage
7647,A00002822,Jamila Eddoughmi,JK206575,48,,16 Avenue Bernoussi,Agadir,80000.0,N,3,Y,Mortgage
7648,A00002960,Mohammed Amine Metouali,SA803394,55,,8 Rue Al Qods,Nador,62000.0,Y,7,Y,Mortgage
7649,A00004141,Kaoutar Fadili,AB493986,56,Bachelor,46 Residence Centrale,Sale,11000.0,Y,5,N,Own
7650,A00003904,Khadija Benchikh,X337950,63,College,41 Residence Hassan II,Sebaa Aiyoun,,N,5,Y,Rent
7651,A00001654,Omar Farissi,X380167,36,College,42 Residence Al Houda,MideltDakhla,,Y,4,Y,Own
7652,A00000121,Khaoula Metouali,JK653254,64,High School,48 Residence Zerktouni,Agadir,80000.0,N,5,Y,Own
7653,A00001710,Jamila El Yousfi,KB341286,57,Masters,45 Avenue Al Massira,Tanger,90053.0,Y,4,Y,Rent
7654,A00004568,Yahya Fadili,G629958,61,Bachelor,33 Rue Al Massira,Kenitra,14110.0,Y,7,Y,Mortgage
7655,A00001844,Noha Amrani,L926135,55,Bachelor,39 Residence Zerktouni,Tetouan,93000.0,Y,7,Y,Rent
7656,A00004601,Hiba El Idrissi,AB339622,59,Masters,37 Residence Al Houda,Sale,11000.0,Y,3,Y,Own
7657,A00003820,Mohamed Fadili,BJ985864,29,High School,5 Residence Mohammed V,Casablanca,20220.0,Y,5,Y,Own
7658,A00007078,Hassan Amine,M963908,36,High School,33 Rue Hassan II,El Jadida,24010.0,Y,4,Y,Mortgage
7659,A00000962,Omar Mansour,G115889,42,High School,44 Avenue Al Houda,Kenitra,14110.0,Y,6,Y,Rent
7660,A00005832,Jamila Oufkir,AB975528,34,College,40 Residence Salam,Sale,11000.0,Y,5,Y,Own
7661,A00005884,Khaoula Benali,KB443836,53,MD,2 Avenue Hassan II,Tanger,90053.0,N,5,Y,Rent
7662,A00004869,Amine Benali,JK199212,55,College,38 Lotissement Salam,Agadir,80000.0,Y,4,Y,Own
7663,A00006775,Taha Amrani,EE598030,26,College,6 Residence Salam,Marrakech,40000.0,Y,7,N,Mortgage
7664,A00007503,Aya Jamal,BJ198148,25,Bachelor,14 Hay Hassan II,Casablanca,20220.0,Y,5,Y,Own
7665,A00002096,Hamza Ouazzani,AG258599,29,Bachelor,21 Lotissement Al Qods,Rabat,11025.0,Y,5,Y,Mortgage
7666,A00008531,Rania Berrada,SA632181,43,College,25 Lotissement Zerktouni,Nador,62000.0,Y,3,Y,Own
7667,A00000245,Hiba Salhi,DN993646,37,Bachelor,38 Avenue El Fadl,Meknes,50010.0,Y,7,Y,Rent
7668,A00001104,Taha Lahlou,X497464,46,High School,43 Boulevard Mohammed V,Talmest,,Y,3,Y,Mortgage
7669,A00005145,Ahmed Mansar,AB762486,25,High School,17 Boulevard Mohammed V,Sale,11000.0,Y,3,Y,Rent
7670,A00006350,Mohammed Amine Amine,L910219,54,Masters,28 Lotissement Mohammed V,Tetouan,93000.0,Y,4,Y,Rent
7671,A00001078,Hajar Fadili,M183102,63,High School,26 Lotissement Al Qods,El Jadida,24010.0,Y,7,Y,Rent
7672,A00006707,Kawtar Farissi,AG311003,60,Bachelor,39 Lotissement Al Houda,Rabat,11025.0,Y,6,Y,Own
7673,A00002157,Omar Mansour,JK408989,43,Bachelor,1 Avenue Bernoussi,Agadir,80000.0,N,6,Y,Own
7674,A00005738,Noha El Yousfi,W756757,36,College,8 Boulevard Hlioua,Settat,26000.0,Y,4,Y,Own
7675,A00004794,Jamila Kibala,G722225,27,College,23 Rue Al Qods,Kenitra,14110.0,Y,2,Y,Own
7676,A00005850,Salma Moufkir ,F956253,63,High School,42 Hay Mohammed V,Oujda,60010.0,Y,2,Y,Own
7677,A00005581,Rachida Ouazzani,EE352882,32,Bachelor,33 Rue Mohammed V,Marrakech,40000.0,Y,6,Y,Rent
7678,A00003749,Khaoula Lahlou,AG633085,34,Bachelor,6 Rue Hassan II,Rabat,11025.0,N,6,Y,Mortgage
7679,A00005522,Amine Fakhir,EE251005,53,High School,19 Avenue Al Massira,Marrakech,40000.0,Y,6,Y,Rent
7680,A00003522,Omar Alaoui,X535590,50,Bachelor,29 Residence Mohammed V,MideltDakhla,,Y,6,Y,Own
7681,A00003781,Hiba Salhi,G611563,37,Bachelor,2 Lotissement Al Qods,Kenitra,14110.0,Y,3,Y,Rent
7682,A00004127,Mohammed Amine El Fassi,X131109,40,Bachelor,40 Rue Salam,Oulad Tayeb,,Y,4,Y,Own
7683,A00006782,Khadija Lahlou,X224163,32,Bachelor,24 Rue Centrale,Imlil,,Y,2,Y,Mortgage
7684,A00003446,Youssef Dadi,X146569,53,Bachelor,44 Boulevard El Fadl,Ras El Ma,,Y,6,Y,Mortgage
7685,A00004851,Zineb Kibala,F941805,64,High School,7 Avenue Al Houda,Oujda,60010.0,Y,6,Y,Own
7686,A00006486,Youssef Banoune,F488133,61,Bachelor,20 Residence Al Qods,Oujda,60010.0,N,6,Y,Own
7687,A00003581,Kaoutar Bachri,WA472867,40,Bachelor,28 Rue Hassan II,Berrechid,26100.0,Y,2,Y,Own
7688,A00006636,Youssef El Idrissi,L504521,38,Bachelor,23 Lotissement Centrale,Tetouan,93000.0,Y,4,Y,Own
7689,A00006190,Aziza Skalli,X348020,60,College,25 Boulevard Salam,Zirara,,Y,2,Y,Mortgage
7690,A00005915,Khaoula Lahlou,JK531679,63,Bachelor,44 Avenue Zerktouni,Agadir,80000.0,N,2,Y,Rent
7691,A00009709,Khaoula El Yousfi,JK828951,30,Bachelor,29 Lotissement Centrale,Agadir,80000.0,Y,7,N,Rent
7692,A00005632,Rania Mansour,X981905,64,Masters,26 Boulevard Salam,Smimou,,N,4,Y,Mortgage
7693,A00001481,Hamza El Fassi,X313248,58,High School,45 Residence Al Qods,Madagh,,Y,2,Y,Mortgage
7694,A00004197,Meryem Kibala,R768921,60,Masters,22 Hay Zerktouni,El Hoceima,32000.0,Y,4,Y,Own
7695,A00006976,Rania Tahiri,JK577457,49,Masters,12 Rue Salam,Agadir,80000.0,Y,3,Y,Rent
7696,A00005574,Mohammed Amine Fadili,AB614889,46,Bachelor,13 Rue Salam,Sale,11000.0,Y,5,Y,Own
7697,A00008536,Yahya Tahiri,X351520,28,Bachelor,41 Hay Hlioua,Rhaf Sai,,N,3,Y,Own
7698,A00004940,Fatima Amrani,SH165465,35,PhD,46 Residence Centrale,Laayoune,70000.0,Y,3,Y,Own
7699,A00004133,Hassan Barghoud,Y716406,40,High School,25 Hay Bernoussi,El Kelaa des Sraghna,43000.0,N,3,N,Own
7700,A00000641,Salma Alaoui,L192663,42,College,36 Residence Al Houda,Tetouan,93000.0,N,2,Y,Mortgage
7701,A00005672,Omar Lahlou,CC157601,32,Masters,41 Boulevard Hassan II,Fes,30000.0,Y,3,Y,Rent
7702,A00004760,Rania Skalli,G225614,49,High School,12 Hay El Fadl,Kenitra,14110.0,Y,2,Y,Rent
7703,A00007373,Youssef Bate,AB376102,56,Bachelor,35 Residence Salam,Sale,11000.0,N,5,Y,Own
7704,A00000866,Rachida Dadi,F104268,35,Bachelor,30 Residence Centrale,Oujda,60010.0,N,5,Y,Own
7705,A00004134,Meryem Skalli,N554459,44,Masters,41 Boulevard Al Houda,Essaouira,44000.0,N,3,Y,Rent
7706,A00003070,Mohammed Amine Jamal,G406576,47,Masters,40 Hay Bernoussi,Kenitra,14110.0,N,2,Y,Rent
7707,A00002750,Kawtar El Idrissi,M483449,38,High School,47 Residence Al Qods,El Jadida,24010.0,Y,2,Y,Own
7708,A00004953,Aziza Farissi,X568387,30,Bachelor,40 Hay Hlioua,El Menzel,,Y,4,Y,Own
7709,A00005706,Fatima Ezzahra  Banoune,X621905,32,Masters,14 Residence Centrale,Tamassint,,Y,2,Y,Rent
7710,A00003775,Adam Bachri,CC330556,37,High School,3 Boulevard Hassan II,Fes,30000.0,N,3,N,Mortgage
7711,A00009805,Aziza El Idrissi,JE484570,63,High School,38 Rue Al Houda,Tiznit,85000.0,Y,2,Y,Rent
7712,A00003470,Rachida Metouali,EE387835,36,College,1 Boulevard El Fadl,Marrakech,40000.0,Y,4,Y,Rent
7713,A00009795,Meryem Radi,EE138759,56,High School,1 Rue Bernoussi,Marrakech,40000.0,N,2,Y,Mortgage
7714,A00008771,Rania Benchikh,AG594157,28,,8 Lotissement Al Qods,Rabat,11025.0,Y,2,Y,Mortgage
7715,A00002122,Adam Farissi,P461451,40,Masters,39 Avenue El Fadl,Ouarzazate,45000.0,Y,6,Y,Mortgage
7716,A00009044,Rachida Salhi,EE936582,27,Bachelor,29 Residence Bernoussi,Marrakech,40000.0,Y,4,Y,Mortgage
7717,A00000745,Zineb Fakhir,DN715891,60,College,7 Hay Centrale,Meknes,50010.0,Y,2,Y,Own
7718,A00000753,Hamza Dadi,AB948762,57,High School,45 Lotissement Hlioua,Sale,11000.0,Y,6,N,Mortgage
7719,A00005750,Taha Amine,AB935087,49,College,45 Residence Hassan II,Sale,11000.0,Y,3,Y,Rent
7720,A00003867,Omar Barghoud,G162760,52,PhD,34 Residence Mohammed V,Kenitra,14110.0,Y,6,Y,Mortgage
7721,A00004191,Khadija Jamal,KB990929,27,Bachelor,44 Avenue Centrale,Tanger,90053.0,Y,2,Y,Rent
7722,A00008859,Fatima Lahlou,AG894189,46,,21 Boulevard Al Qods,Rabat,11025.0,Y,5,Y,Mortgage
7723,A00007005,Othmane Ouazzani,AB724357,27,Bachelor,4 Residence Al Massira,Sale,11000.0,Y,5,N,Mortgage
7724,A00001250,Mohammed Amine El Idrissi,AG870451,42,Bachelor,11 Lotissement Hassan II,Rabat,11025.0,Y,3,Y,Own
7725,A00000855,Mohammed Amine Bachri,X870324,52,College,33 Boulevard Al Houda,Ouezzane,,N,6,Y,Mortgage
7726,A00007254,Othmane Bennani,N272324,34,High School,36 Rue Mohammed V,Essaouira,44000.0,Y,7,Y,Rent
7727,A00001923,Fatima Ezzahra  Salhi,AB502613,42,MD,6 Hay Hassan II,Sale,11000.0,N,5,Y,Rent
7728,A00004964,Jamila Banoune,KB797702,32,Bachelor,33 Rue Centrale,Tanger,90053.0,Y,4,Y,Mortgage
7729,A00000609,Rachida Ouazzani,X742110,25,Masters,37 Residence El Fadl,Oualidia,,Y,2,Y,Rent
7730,A00008813,Amine Amine,DN378519,31,PhD,35 Lotissement Bernoussi,Meknes,50010.0,Y,7,Y,Own
7731,A00002769,Aya Eddoughmi,X333989,28,College,28 Rue Salam,MideltDakhla,,Y,2,Y,Mortgage
7732,A00002860,Aziza Farissi,Y231701,26,Bachelor,9 Boulevard Bernoussi,El Kelaa des Sraghna,43000.0,Y,2,Y,Rent
7733,A00009087,Rachida Bachri,CC996828,41,Bachelor,19 Avenue Salam,Fes,30000.0,Y,5,Y,Rent
7734,A00000470,Zineb El Yousfi,DN500580,53,PhD,11 Avenue Al Qods,Meknes,50010.0,Y,6,N,Mortgage
7735,A00001798,Hiba Benali,AG634822,28,Masters,24 Lotissement El Fadl,Rabat,11025.0,N,3,Y,Mortgage
7736,A00008197,Omar Tazi,X240782,42,Bachelor,40 Boulevard Bernoussi,Ait Melloul,,Y,3,Y,Rent
7737,A00006082,Khadija Farissi,AB147905,32,PhD,20 Lotissement El Fadl,Sale,11000.0,Y,2,Y,Mortgage
7738,A00006398,Aziza Alaoui,QA928954,44,MD,23 Residence Zerktouni,Oued Zem,25200.0,Y,3,N,Mortgage
7739,A00004271,Youssef Benali,AB537671,55,High School,11 Hay Mohammed V,Sale,11000.0,N,6,Y,Own
7740,A00003560,Mohamed Mansour,AB365588,26,High School,14 Boulevard Al Houda,Sale,11000.0,N,4,Y,Mortgage
7741,A00009256,Zineb Oufkir,F450260,48,High School,37 Hay Centrale,Oujda,60010.0,Y,5,Y,Mortgage
7742,A00002213,Rachida Kibala,Z621127,45,Bachelor,5 Boulevard Centrale,Taza,35000.0,Y,5,Y,Rent
7743,A00003254,Hajar Moufkir ,N597926,58,Bachelor,32 Hay El Fadl,Essaouira,44000.0,N,4,Y,Own
7744,A00000811,Fatima Ezzahra  Fakhir,AB642707,62,High School,20 Hay Al Qods,Sale,11000.0,N,6,Y,Mortgage
7745,A00008036,Hajar Mansour,X669044,55,High School,31 Residence Centrale,Akka,,N,3,Y,Mortgage
7746,A00001722,Mohammed Amine Lahlou,CC320790,61,Bachelor,26 Boulevard Mohammed V,Fes,30000.0,Y,2,N,Mortgage
7747,A00006279,Kawtar Salhi,X427721,29,High School,10 Residence Hlioua,Ras El Ma,,Y,3,Y,Rent
7748,A00003240,Salma Skalli,G889222,60,High School,48 Boulevard Zerktouni,Kenitra,14110.0,Y,5,Y,Mortgage
7749,A00006326,Omar Radi,DN666899,34,Masters,48 Boulevard Al Massira,Meknes,50010.0,Y,2,Y,Mortgage
7750,A00003772,Mohammed Amine Salhi,X364138,27,Masters,19 Lotissement Hlioua,Khourubga,25000.0,N,5,Y,Mortgage
7751,A00007054,Ahmed El Yousfi,X466507,35,Bachelor,42 Avenue Mohammed V,Beni Chiker,,Y,6,Y,Rent
7752,A00006324,Yahya Farissi,BJ244119,25,Bachelor,4 Boulevard Mohammed V,Casablanca,20220.0,Y,3,Y,Mortgage
7753,A00001182,Aya Amrani,X610455,39,Bachelor,47 Lotissement Al Massira,Imsouane,,Y,6,Y,Mortgage
7754,A00002744,Mohammed Amine Mansour,AB260922,58,Bachelor,29 Lotissement Hlioua,Sale,11000.0,Y,2,Y,Rent
7755,A00008337,Zineb Banoune,L693848,36,High School,16 Residence Salam,Tetouan,93000.0,Y,7,N,Mortgage
7756,A00002772,Kaoutar Mansour,M263800,58,Bachelor,26 Avenue El Fadl,El Jadida,24010.0,Y,7,Y,Rent
7757,A00007826,Adam Moufkir ,X576639,51,Bachelor,2 Avenue Hassan II,Mediouna,,Y,3,Y,Mortgage
7758,A00004443,Noha Kibala,EE991876,41,Bachelor,8 Boulevard Zerktouni,Marrakech,40000.0,Y,5,Y,Mortgage
7759,A00007554,Khaoula Skalli,N443844,45,Bachelor,45 Avenue Al Houda,Essaouira,44000.0,Y,5,Y,Own
7760,A00007431,Salma Berrada,DN196991,49,MD,10 Boulevard Salam,Meknes,50010.0,Y,2,Y,Mortgage
7761,A00003763,Ahmed Metouali,X513751,44,High School,10 Boulevard Mohammed V,Zirara,,Y,2,Y,Mortgage
7762,A00006750,Aya Amine,X580471,27,Masters,37 Residence El Fadl,Oualidia,,Y,7,Y,Rent
7763,A00004359,Jamila Mansar,JF444409,56,Bachelor,47 Rue Zerktouni,Tan Tan,82000.0,Y,2,Y,Mortgage
7764,A00007634,Ahmed Bate,DN225760,27,Bachelor,28 Avenue Mohammed V,Meknes,50010.0,Y,6,Y,Own
7765,A00009228,Omar Metouali,X411653,37,PhD,5 Boulevard El Fadl,Echemmaia,,Y,7,Y,Rent
7766,A00005972,Mohamed Fakhir,P940826,50,Bachelor,33 Residence Bernoussi,Ouarzazate,45000.0,N,2,Y,Own
7767,A00004201,Malak Benchikh,AB856693,48,High School,38 Hay Hassan II,Sale,11000.0,N,5,Y,Mortgage
7768,A00002954,Khaoula Berrada,P266674,39,Bachelor,12 Avenue El Fadl,Ouarzazate,45000.0,N,6,Y,Own
7769,A00003975,Youssef Fakhir,L590317,43,High School,24 Lotissement Salam,Tetouan,93000.0,Y,6,N,Mortgage
7770,A00000919,Kawtar Bate,EE954291,60,Masters,48 Rue Bernoussi,Marrakech,40000.0,Y,5,Y,Rent
7771,A00000055,Aya Benali,F190513,26,High School,40 Rue Mohammed V,Oujda,60010.0,Y,5,Y,Rent
7772,A00003791,Youssef Eddoughmi,AB289859,37,Bachelor,11 Avenue Salam,Sale,11000.0,Y,5,Y,Mortgage
7773,A00001537,Aziza Bachri,JK468399,45,High School,42 Rue Mohammed V,Agadir,80000.0,N,7,Y,Mortgage
7774,A00007349,Rania Benchikh,AB831300,30,PhD,45 Residence Hassan II,Sale,11000.0,Y,6,Y,Rent
7775,A00006832,Youssef Bennani,X881158,33,High School,1 Lotissement Hassan II,Sidi Taibi,,N,4,Y,Own
7776,A00005619,Zineb El Fassi,CC320183,54,Bachelor,22 Lotissement Al Massira,Fes,30000.0,Y,6,Y,Rent
7777,A00005272,Kaoutar El Idrissi,N974719,55,High School,36 Boulevard Centrale,Essaouira,44000.0,Y,2,Y,Rent
7778,A00008588,Jamila Alaoui,AG783760,64,Bachelor,34 Residence El Fadl,Rabat,11025.0,Y,5,Y,Rent
7779,A00004159,Aziza Amine,KB745111,54,High School,20 Avenue Hassan II,Tanger,90053.0,Y,7,Y,Rent
7780,A00008338,Amine Dadi,G701232,40,High School,7 Rue Mohammed V,Kenitra,14110.0,N,5,Y,Own
7781,A00002491,Adam Jamal,L568920,32,Bachelor,8 Lotissement El Fadl,Tetouan,93000.0,Y,5,Y,Mortgage
7782,A00006989,Aya Salhi,HH675943,42,Bachelor,30 Residence Mohammed V,Safi,46000.0,Y,5,Y,Mortgage
7783,A00004498,Fatima Mansour,DN183013,44,,39 Lotissement Al Houda,Meknes,50010.0,Y,7,Y,Rent
7784,A00005627,Kawtar Berrada,DN728931,45,,29 Residence Hlioua,Meknes,50010.0,N,2,N,Own
7785,A00005087,Fatima Ezzahra  Farissi,L837545,53,Masters,31 Avenue Zerktouni,Tetouan,93000.0,Y,7,Y,Own
7786,A00007247,Salma Metouali,KB157878,61,Bachelor,9 Avenue Salam,Tanger,90053.0,Y,2,Y,Rent
7787,A00006619,Taha Bate,P702838,52,Bachelor,26 Avenue Al Houda,Ouarzazate,45000.0,N,4,Y,Rent
7788,A00005163,Rania Amine,JK872938,32,Bachelor,31 Hay Al Massira,Agadir,80000.0,N,6,Y,Rent
7789,A00003282,Mohamed Benali,BJ874182,27,,28 Avenue El Fadl,Casablanca,20220.0,Y,4,Y,Mortgage
7790,A00008253,Ahmed Amine,KB759296,38,,48 Residence Al Massira,Tanger,90053.0,Y,7,Y,Mortgage
7791,A00007681,Hajar Banoune,CC692099,34,High School,11 Residence Hassan II,Fes,30000.0,N,2,Y,Own
7792,A00008211,Ahmed Fadili,X746898,32,High School,20 Rue Zerktouni,Waterbury Center,,Y,2,Y,Mortgage
7793,A00005396,Khadija Benchikh,BJ839531,39,PhD,17 Avenue Al Qods,Casablanca,20220.0,Y,7,Y,Own
7794,A00003983,Amine Salhi,G155321,37,High School,48 Boulevard Zerktouni,Kenitra,14110.0,N,6,Y,Rent
7795,A00004372,Khadija Lahlou,EE383866,53,Bachelor,3 Rue Al Massira,Marrakech,40000.0,Y,2,Y,Own
7796,A00006111,Malak Bachri,EE315658,26,High School,22 Boulevard Zerktouni,Marrakech,40000.0,N,6,Y,Rent
7797,A00007642,Adam Tazi,CB420503,42,Bachelor,29 Hay Hassan II,Sefrou,31000.0,Y,3,Y,Own
7798,A00005395,Kawtar Eddoughmi,X530656,52,Masters,14 Lotissement Hlioua,Ras El Ma,,N,4,Y,Mortgage
7799,A00006935,Zineb Alaoui,AB887911,44,College,35 Hay Bernoussi,Sale,11000.0,Y,6,Y,Mortgage
7800,A00006559,Fatima El Fassi,AB956226,58,Bachelor,33 Lotissement Hlioua,Sale,11000.0,N,5,Y,Mortgage
7801,A00005013,Ahmed El Fassi,X474487,29,High School,43 Boulevard Mohammed V,Talmest,,Y,4,Y,Own
7802,A00000917,Fatima Ezzahra  Moufkir ,X314760,50,Bachelor,40 Avenue Al Houda,Saadia,,Y,3,Y,Own
7803,A00008736,Yahya Ouazzani,X654300,32,Bachelor,25 Lotissement Bernoussi,Tinjdad,,N,4,Y,Mortgage
7804,A00007215,Ahmed Eddoughmi,JA514086,31,Bachelor,24 Rue Mohammed V,Guelmim,81000.0,Y,2,Y,Own
7805,A00006498,Rachida Radi,N972158,48,Bachelor,2 Lotissement Al Houda,Essaouira,44000.0,Y,4,Y,Mortgage
7806,A00004357,Zineb Barghoud,X946277,51,Bachelor,22 Avenue Hlioua,Khourubga,25000.0,Y,2,Y,Rent
7807,A00000835,Meryem Radi,R584569,50,Bachelor,8 Boulevard Hassan II,El Hoceima,32000.0,Y,3,Y,Mortgage
7808,A00009175,Meryem Skalli,BJ906503,29,Bachelor,40 Lotissement Al Houda,Casablanca,20220.0,Y,3,Y,Rent
7809,A00007190,Mohammed Amine Banoune,DN718050,62,Bachelor,14 Hay Mohammed V,Meknes,50010.0,Y,2,Y,Mortgage
7810,A00008968,Aziza Mansar,JK701977,38,Masters,36 Residence Bernoussi,Agadir,80000.0,Y,4,Y,Rent
7811,A00001161,Hajar Radi,X886415,53,PhD,13 Boulevard Zerktouni,Touissit,,Y,6,Y,Mortgage
7812,A00007147,Adam El Idrissi,FB112576,49,College,9 Rue Mohammed V,Taourirt,65000.0,N,7,Y,Own
7813,A00004480,Noha Benali,X888494,64,High School,1 Boulevard Hlioua,Oukaimeden,,N,2,Y,Mortgage
7814,A00006160,Youssef Mansar,G758549,63,Bachelor,32 Residence Al Massira,Kenitra,14110.0,Y,5,Y,Own
7815,A00002460,Rachida Moufkir ,DN810256,63,College,21 Boulevard Hassan II,Meknes,50010.0,Y,6,Y,Mortgage
7816,A00004337,Othmane Moufkir ,KB557692,63,College,40 Lotissement Hassan II,Tanger,90053.0,Y,2,N,Rent
7817,A00008605,Rania Alaoui,BJ847060,31,Bachelor,32 Lotissement Zerktouni,Casablanca,20220.0,Y,3,Y,Own
7818,A00004056,Youssef Benchikh,BJ143240,58,Masters,49 Boulevard Centrale,Casablanca,20220.0,Y,6,Y,Mortgage
7819,A00001410,Amine Moufkir ,R747828,61,High School,18 Boulevard Al Qods,El Hoceima,32000.0,N,6,Y,Own
7820,A00007261,Kaoutar Fadili,L898310,53,College,47 Hay Al Massira,Tetouan,93000.0,Y,4,Y,Mortgage
7821,A00002066,Yahya Fadili,X870948,52,Bachelor,43 Residence Bernoussi,El Marsa,,N,7,Y,Own
7822,A00004831,Aziza Bate,X919361,37,Bachelor,46 Hay Al Houda,Ouaouizeght,,Y,6,Y,Mortgage
7823,A00004811,Hassan Kibala,CC543624,62,,9 Residence Salam,Fes,30000.0,Y,6,Y,Rent
7824,A00005463,Jamila Eddoughmi,GK938329,32,Bachelor,28 Rue Al Houda,Sidi Kacem,16000.0,Y,3,Y,Mortgage
7825,A00003367,Aziza Tahiri,JK597205,55,Bachelor,5 Avenue El Fadl,Agadir,80000.0,N,3,Y,Mortgage
7826,A00003029,Fatima Ezzahra  Jamal,X948493,25,Bachelor,33 Lotissement Hlioua,Taounate,,Y,7,Y,Rent
7827,A00003175,Rania Oufkir,DA952340,47,Bachelor,29 Hay Salam,Azrou,53100.0,Y,6,Y,Own
7828,A00009058,Malak Jamal,KB922897,39,Bachelor,32 Avenue Zerktouni,Tanger,90053.0,N,2,Y,Own
7829,A00000954,Hiba Bennani,G302631,49,MD,7 Avenue Zerktouni,Kenitra,14110.0,N,7,Y,Mortgage
7830,A00009060,Hassan Farissi,R641517,53,College,16 Avenue El Fadl,El Hoceima,32000.0,N,6,N,Mortgage
7831,A00007547,Hajar El Yousfi,CC670761,58,Bachelor,8 Boulevard Al Massira,Fes,30000.0,Y,4,Y,Mortgage
7832,A00003259,Kaoutar Eddoughmi,JK985459,27,Bachelor,8 Rue Hassan II,Agadir,80000.0,Y,2,Y,Mortgage
7833,A00009409,Yahya Radi,KB251548,48,College,21 Hay Hassan II,Tanger,90053.0,N,6,Y,Own
7834,A00004960,Omar Mansour,R483950,26,Masters,47 Boulevard Mohammed V,El Hoceima,32000.0,N,6,Y,Mortgage
7835,A00002984,Zineb Mansour,EE654286,64,High School,17 Lotissement Hlioua,Marrakech,40000.0,Y,2,Y,Rent
7836,A00000317,Salma Fakhir,EE475173,40,High School,2 Lotissement Mohammed V,Marrakech,40000.0,Y,6,Y,Own
7837,A00001751,Mohamed Bate,X613846,41,Bachelor,45 Hay Hlioua,Asilah,,Y,6,Y,Rent
7838,A00009046,Fatima Ezzahra  Banoune,KB766003,44,Masters,2 Hay Zerktouni,Tanger,90053.0,Y,6,Y,Mortgage
7839,A00004847,Yahya Amrani,JK103958,58,,38 Avenue Mohammed V,Agadir,80000.0,Y,7,Y,Mortgage
7840,A00009552,Fatima Benchikh,JC396163,29,Masters,43 Avenue Hlioua,Taaroudant,83000.0,N,2,Y,Own
7841,A00003315,Kawtar Metouali,X965035,42,Bachelor,30 Boulevard Al Massira,Al Arroui,,Y,5,Y,Mortgage
7842,A00001951,Mohammed Amine Tazi,JK673318,56,Bachelor,16 Hay Hassan II,Agadir,80000.0,Y,6,Y,Rent
7843,A00008999,Taha El Yousfi,FA941135,28,College,28 Lotissement El Fadl,Berkane,60300.0,Y,6,Y,Rent
7844,A00009025,Jamila Fakhir,BJ300563,37,College,10 Lotissement Al Qods,Casablanca,20220.0,N,3,Y,Rent
7845,A00003705,Yahya Eddoughmi,AB447579,54,Bachelor,30 Rue Hassan II,Sale,11000.0,Y,4,Y,Own
7846,A00003520,Amine Fakhir,X913742,25,High School,37 Lotissement Mohammed V,Taounate,,N,2,Y,Mortgage
7847,A00001064,Zineb Eddoughmi,X848413,60,Bachelor,32 Rue Al Houda,Khourubga,25000.0,Y,5,Y,Mortgage
7848,A00009335,Rachida Salhi,BJ973061,33,Bachelor,26 Hay Hlioua,Casablanca,20220.0,N,2,N,Rent
7849,A00003210,Hamza Skalli,F340648,30,High School,40 Residence Salam,Oujda,60010.0,Y,3,Y,Rent
7850,A00001697,Othmane Tahiri,EE838403,63,MD,3 Hay Mohammed V,Marrakech,40000.0,N,2,Y,Rent
7851,A00001734,Youssef Benali,DN999949,40,Bachelor,46 Residence Bernoussi,Meknes,50010.0,Y,2,Y,Rent
7852,A00001683,Mohammed Amine El Fassi,AG797372,61,High School,14 Boulevard Al Qods,Rabat,11025.0,Y,2,Y,Rent
7853,A00009252,Omar Banoune,M990200,53,High School,7 Lotissement Al Houda,El Jadida,24010.0,Y,6,Y,Rent
7854,A00002793,Omar Bachri,AG413572,36,PhD,8 Lotissement Al Qods,Rabat,11025.0,Y,5,Y,Mortgage
7855,A00002824,Hassan El Yousfi,AB419290,42,Bachelor,31 Residence Bernoussi,Sale,11000.0,Y,5,Y,Mortgage
7856,A00008389,Hiba Ouazzani,X820030,27,Bachelor,35 Avenue Bernoussi,Mellab,,Y,2,Y,Own
7857,A00003929,Fatima Farissi,KB856095,38,Bachelor,26 Avenue Hassan II,Tanger,90053.0,Y,4,Y,Own
7858,A00002963,Salma Moufkir ,BJ262935,54,MD,19 Boulevard El Fadl,Casablanca,20220.0,Y,4,Y,Own
7859,A00006766,Mohammed Amine Berrada,X161408,34,MD,47 Lotissement Zerktouni,Ouezzane,,Y,3,Y,Rent
7860,A00007878,Salma Kibala,X870323,46,Bachelor,4 Boulevard Al Houda,Imilchil,,Y,5,Y,Own
7861,A00007606,Omar El Fassi,BJ761393,60,High School,22 Hay Mohammed V,Casablanca,20220.0,Y,5,Y,Own
7862,A00002304,Noha Alaoui,AB379771,26,Bachelor,35 Avenue Bernoussi,Sale,11000.0,Y,6,Y,Rent
7863,A00004216,Hajar Barghoud,X383371,46,High School,17 Avenue Mohammed V,Fquih Ben Salah,,Y,6,Y,Rent
7864,A00002927,Ahmed Berrada,DN819073,50,High School,21 Boulevard El Fadl,Meknes,50010.0,Y,5,N,Own
7865,A00006867,Aya Bate,SA523364,55,High School,31 Avenue Mohammed V,Nador,62000.0,Y,4,Y,Rent
7866,A00009233,Omar Tazi,BJ132394,26,High School,41 Avenue El Fadl,Casablanca,20220.0,Y,6,Y,Own
7867,A00000269,Noha Radi,X812957,43,Bachelor,21 Boulevard Al Houda,Asilah,,Y,3,Y,Mortgage
7868,A00008661,Aziza Bate,X118551,39,Bachelor,21 Residence Hassan II,Ounagha,,Y,5,N,Rent
7869,A00009857,Mohamed Alaoui,X239963,27,Bachelor,15 Hay Centrale,Bouarfa,,N,7,Y,Mortgage
7870,A00000529,Meryem Tazi,CC678159,49,High School,36 Lotissement Hassan II,Fes,30000.0,Y,3,Y,Mortgage
7871,A00006893,Omar Bachri,DN332212,29,Bachelor,39 Lotissement Hlioua,Meknes,50010.0,N,6,N,Rent
7872,A00002334,Meryem Mansar,CB990792,27,Bachelor,15 Boulevard Hassan II,Sefrou,31000.0,Y,4,Y,Rent
7873,A00007615,Youssef Barghoud,BJ714155,63,High School,9 Avenue Al Houda,Casablanca,20220.0,Y,7,Y,Own
7874,A00001786,Ahmed Alaoui,L974291,55,College,35 Boulevard Bernoussi,Tetouan,93000.0,Y,2,Y,Mortgage
7875,A00000152,Adam Bachri,X821427,32,PhD,15 Boulevard Salam,Ahfir,,Y,7,N,Rent
7876,A00003077,Meryem Banoune,M797795,29,Bachelor,13 Boulevard Centrale,El Jadida,24010.0,Y,4,N,Rent
7877,A00002722,Kaoutar Dadi,X638116,45,Bachelor,20 Lotissement Al Houda,Driouch,,Y,7,Y,Rent
7878,A00005226,Omar El Yousfi,BJ440789,63,Bachelor,17 Rue Centrale,Casablanca,20220.0,Y,2,N,Rent
7879,A00007159,Hassan Salhi,X519547,46,High School,32 Rue Al Qods,Khourubga,25000.0,Y,6,N,Mortgage
7880,A00000608,Noha Alaoui,R845106,46,Bachelor,27 Lotissement Salam,El Hoceima,32000.0,Y,2,Y,Mortgage
7881,A00003004,Mohamed Radi,JE560345,48,High School,13 Rue Centrale,Tiznit,85000.0,N,7,Y,Own
7882,A00003365,Mohamed Farissi,X129387,44,Bachelor,31 Lotissement Hassan II,Agoudal,,N,7,Y,Rent
7883,A00003841,Noha El Yousfi,G176635,25,Bachelor,45 Boulevard Bernoussi,Kenitra,14110.0,N,5,Y,Own
7884,A00002396,Fatima Bachri,AB145088,52,Masters,36 Lotissement Bernoussi,Sale,11000.0,N,7,Y,Mortgage
7885,A00004657,Zineb Radi,N616494,46,Bachelor,25 Rue Hassan II,Essaouira,44000.0,N,3,Y,Own
7886,A00008298,Hiba Skalli,X977643,49,High School,18 Hay Hlioua,Sebt El Guerdane,,Y,7,N,Rent
7887,A00009230,Fatima Ezzahra  Lahlou,FA315193,40,High School,37 Hay Al Massira,Berkane,60300.0,N,5,Y,Rent
7888,A00007217,Aziza Radi,X939800,27,Bachelor,26 Boulevard Salam,Smimou,,Y,5,Y,Own
7889,A00001440,Yahya Oufkir,X581426,63,High School,9 Avenue Centrale,Oulad Teima,,Y,6,N,Rent
7890,A00004793,Youssef Dadi,R678021,37,College,18 Boulevard Hassan II,El Hoceima,32000.0,N,7,Y,Mortgage
7891,A00002880,Hassan Tahiri,X210857,41,High School,42 Avenue Mohammed V,Khemis Sahel,,Y,3,Y,Rent
7892,A00003599,Omar Berrada,CC366917,46,College,41 Boulevard Hassan II,Fes,30000.0,Y,4,Y,Rent
7893,A00000423,Hajar El Yousfi,BJ851227,35,Masters,14 Hay El Fadl,Casablanca,20220.0,Y,3,N,Own
7894,A00005626,Hamza Tahiri,BJ465351,43,Masters,30 Hay El Fadl,Casablanca,20220.0,Y,6,Y,Rent
7895,A00006074,Ahmed Kibala,X832556,62,College,33 Lotissement Hlioua,Taounate,,Y,5,N,Rent
7896,A00002852,Khadija Moufkir ,DN398037,57,Bachelor,43 Avenue Zerktouni,Meknes,50010.0,N,7,Y,Rent
7897,A00006434,Kawtar Amine,X560814,44,Bachelor,45 Boulevard Zerktouni,Bni Hadifa,,Y,4,Y,Rent
7898,A00008101,Kawtar Tazi,X658118,39,Bachelor,4 Avenue Centrale,Echemmaia,,Y,4,Y,Rent
7899,A00006681,Adam Bachri,L698504,39,Bachelor,30 Avenue El Fadl,Tetouan,93000.0,Y,6,Y,Rent
7900,A00004536,Fatima Benali,JK631648,29,Bachelor,36 Residence Bernoussi,Agadir,80000.0,N,7,Y,Mortgage
7901,A00000971,Omar Metouali,BJ951760,57,High School,35 Rue Al Houda,Casablanca,20220.0,N,6,Y,Rent
7902,A00001001,Fatima El Yousfi,G435757,39,Bachelor,15 Residence Bernoussi,Kenitra,14110.0,Y,3,Y,Mortgage
7903,A00007343,Yahya Mansour,G766043,44,College,45 Boulevard Bernoussi,Kenitra,14110.0,Y,2,Y,Rent
7904,A00003871,Aziza Amine,SH856530,63,College,39 Rue Bernoussi,Laayoune,70000.0,Y,4,Y,Rent
7905,A00001541,Amine Mansour,CC859343,40,Bachelor,26 Avenue Al Houda,Fes,30000.0,Y,3,Y,Own
7906,A00007747,Salma Kibala,EE155476,46,Bachelor,43 Hay Salam,Marrakech,40000.0,Y,5,Y,Mortgage
7907,A00006348,Youssef Jamal,X375919,64,Masters,21 Boulevard Hassan II,Ayir,,Y,4,Y,Mortgage
7908,A00003022,Hiba Kibala,X872365,38,High School,21 Hay Hlioua,Chichaoua,,Y,2,N,Rent
7909,A00006824,Hajar Benali,DN895278,44,Bachelor,27 Boulevard Bernoussi,Meknes,50010.0,N,2,Y,Own
7910,A00001244,Youssef Radi,KB299291,48,High School,44 Avenue Centrale,Tanger,90053.0,Y,3,Y,Mortgage
7911,A00001999,Fatima Amine,JK746320,53,Bachelor,25 Lotissement Mohammed V,Agadir,80000.0,Y,4,Y,Own
7912,A00009391,Amine Kibala,BJ809517,34,Masters,11 Boulevard Bernoussi,Casablanca,20220.0,Y,3,Y,Rent
7913,A00009193,Amine Dadi,L534075,63,Bachelor,42 Hay Al Houda,Tetouan,93000.0,Y,2,Y,Own
7914,A00000810,Zineb Fadili,X557351,31,Masters,41 Avenue Salam,Ribat El Kheir,,Y,7,Y,Own
7915,A00009373,Amine Benali,X181989,56,Bachelor,14 Hay Hlioua,Khenichet,,Y,6,Y,Own
7916,A00006182,Fatima Skalli,X545487,30,High School,2 Avenue Hassan II,Mediouna,,Y,3,Y,Own
7917,A00007089,Jamila Jamal,F296566,48,Bachelor,37 Rue Al Massira,Oujda,60010.0,Y,2,Y,Rent
7918,A00009260,Ahmed Barghoud,EE987898,48,,24 Boulevard Salam,Marrakech,40000.0,Y,7,N,Own
7919,A00006675,Mohammed Amine Berrada,KB343793,30,Bachelor,1 Residence Bernoussi,Tanger,90053.0,Y,7,Y,Own
7920,A00004979,Ahmed Mansour,EE322422,30,High School,27 Rue Al Qods,Marrakech,40000.0,Y,2,Y,Own
7921,A00002979,Omar Lahlou,X315438,43,Bachelor,32 Rue Al Houda,Khourubga,25000.0,Y,5,Y,Rent
7922,A00009134,Adam Berrada,X249055,26,Masters,41 Boulevard Hlioua,Azilal,,Y,2,Y,Mortgage
7923,A00001777,Mohamed Dadi,DN776621,59,High School,29 Boulevard Zerktouni,Meknes,50010.0,Y,5,N,Mortgage
7924,A00000326,Kaoutar Bate,BJ245569,50,College,19 Boulevard El Fadl,Casablanca,20220.0,Y,3,Y,Own
7925,A00008814,Omar Salhi,KB480823,51,College,26 Residence Centrale,Tanger,90053.0,Y,3,N,Mortgage
7926,A00004198,Othmane Mansour,G232597,43,Bachelor,30 Lotissement Al Qods,Kenitra,14110.0,Y,2,Y,Mortgage
7927,A00007044,Omar Farissi,AG261782,36,High School,16 Residence Salam,Rabat,11025.0,Y,4,Y,Rent
7928,A00002359,Aya Banoune,KB755020,38,Bachelor,3 Rue Zerktouni,Tanger,90053.0,Y,5,Y,Own
7929,A00004904,Kawtar Radi,CC837003,56,MD,9 Residence Al Massira,Fes,30000.0,Y,3,Y,Mortgage
7930,A00004531,Fatima Mansour,SA328244,54,Bachelor,12 Lotissement Salam,Nador,62000.0,Y,5,N,Rent
7931,A00003824,Hajar Mansar,EE939061,58,High School,15 Avenue Hassan II,Marrakech,40000.0,Y,2,Y,Mortgage
7932,A00006920,Yahya Barghoud,AG821050,64,MD,49 Avenue Al Massira,Rabat,11025.0,Y,4,Y,Own
7933,A00004345,Khaoula Bachri,JK171471,36,High School,2 Residence El Fadl,Agadir,80000.0,N,7,Y,Own
7934,A00000459,Fatima Metouali,EE948505,62,High School,21 Lotissement El Fadl,Marrakech,40000.0,Y,4,Y,Mortgage
7935,A00006501,Aya Oufkir,KB579415,32,Bachelor,4 Avenue Bernoussi,Tanger,90053.0,Y,4,Y,Own
7936,A00009072,Salma Bennani,G846241,56,College,3 Boulevard Al Qods,Kenitra,14110.0,Y,7,Y,Rent
7937,A00005490,Salma Fadili,CC172918,32,Bachelor,8 Boulevard Al Massira,Fes,30000.0,Y,6,N,Own
7938,A00004528,Ahmed Amrani,KB904926,57,MD,3 Lotissement Zerktouni,Tanger,90053.0,Y,5,Y,Mortgage
7939,A00003525,Khadija El Yousfi,CC152448,33,Bachelor,24 Boulevard Al Houda,Fes,30000.0,Y,4,Y,Mortgage
7940,A00006308,Zineb Eddoughmi,M765434,28,Bachelor,2 Rue Zerktouni,El Jadida,24010.0,Y,3,N,Mortgage
7941,A00005978,Zineb Fadili,G545037,41,MD,23 Rue Al Qods,Kenitra,14110.0,Y,4,Y,Own
7942,A00006257,Malak Kibala,EE521083,38,High School,22 Hay Mohammed V,Marrakech,40000.0,Y,2,Y,Rent
7943,A00001005,Rachida El Fassi,SA112810,64,High School,4 Rue Bernoussi,Nador,62000.0,Y,3,Y,Rent
7944,A00007028,Youssef Bachri,AG342936,61,High School,19 Avenue Mohammed V,Rabat,11025.0,N,7,Y,Mortgage
7945,A00003388,Omar Tahiri,G248455,30,Bachelor,43 Avenue Zerktouni,Kenitra,14110.0,Y,2,Y,Own
7946,A00008926,Noha Tahiri,CC870108,53,MD,9 Residence Al Massira,Fes,30000.0,Y,3,N,Rent
7947,A00002386,Ahmed Berrada,F344910,33,High School,22 Lotissement Al Houda,Oujda,60010.0,Y,4,N,Rent
7948,A00005714,Malak Benali,X296227,63,Bachelor,21 Residence Al Massira,Goulmima,,N,4,Y,Rent
7949,A00002503,Zineb Barghoud,DN509867,26,Bachelor,33 Avenue Mohammed V,Meknes,50010.0,N,6,Y,Own
7950,A00002947,Youssef Fadili,AB666221,43,High School,31 Avenue Al Qods,Sale,11000.0,N,5,Y,Mortgage
7951,A00002647,Rania Eddoughmi,CC142593,43,Bachelor,29 Lotissement Bernoussi,Fes,30000.0,N,5,Y,Own
7952,A00008737,Othmane Benali,HH248083,59,Bachelor,20 Boulevard Zerktouni,Safi,46000.0,Y,4,Y,Mortgage
7953,A00008514,Kaoutar Lahlou,X739770,30,Bachelor,20 Rue Al Massira,Khourubga,25000.0,Y,2,Y,Own
7954,A00001301,Youssef Banoune,CC350707,54,Bachelor,10 Hay Bernoussi,Fes,30000.0,N,7,Y,Mortgage
7955,A00001607,Mohammed Amine Oufkir,BJ531514,60,Masters,4 Boulevard Al Massira,Casablanca,20220.0,Y,2,Y,Rent
7956,A00000499,Hassan Metouali,X543821,43,College,46 Lotissement Salam,Khourubga,25000.0,Y,5,Y,Own
7957,A00000484,Youssef Radi,F378744,51,High School,4 Boulevard Hlioua,Oujda,60010.0,Y,6,Y,Rent
7958,A00002265,Malak Fakhir,CC818347,47,Masters,41 Residence Hassan II,Fes,30000.0,Y,5,Y,Rent
7959,A00004680,Salma Lahlou,FA795601,58,Bachelor,28 Lotissement El Fadl,Berkane,60300.0,Y,4,Y,Own
7960,A00005804,Noha Kibala,N214545,47,High School,10 Boulevard Mohammed V,Essaouira,44000.0,Y,3,Y,Rent
7961,A00004507,Fatima Ezzahra  Mansour,KB162139,62,PhD,10 Avenue Al Houda,Tanger,90053.0,N,6,Y,Own
7962,A00004974,Aya Bachri,N871398,39,Masters,32 Boulevard Al Qods,Essaouira,44000.0,Y,3,Y,Rent
7963,A00000215,Taha Radi,CC249184,40,Masters,28 Avenue Centrale,Fes,30000.0,Y,4,Y,Mortgage
7964,A00006450,Malak Amine,DN119736,53,MD,21 Boulevard Zerktouni,Meknes,50010.0,N,3,Y,Own
7965,A00007805,Khaoula Oufkir,AB767144,56,Bachelor,38 Avenue Al Houda,Sale,11000.0,Y,4,Y,Own
7966,A00001514,Othmane Moufkir ,X877083,38,High School,31 Rue Al Qods,Souk Sebt Oulad Nemma,,Y,5,Y,Mortgage
7967,A00008190,Yahya El Idrissi,CC151606,39,Bachelor,28 Avenue Centrale,Fes,30000.0,Y,2,Y,Mortgage
7968,A00001074,Youssef Tahiri,AB106967,57,,11 Hay Mohammed V,Sale,11000.0,Y,2,Y,Mortgage
7969,A00009270,Omar Jamal,N361182,58,Masters,5 Rue Zerktouni,Essaouira,44000.0,Y,2,Y,Rent
7970,A00007652,Noha Bachri,CC127174,53,High School,27 Hay El Fadl,Fes,30000.0,N,3,Y,Own
7971,A00002783,Fatima Mansar,DN207457,64,Bachelor,40 Avenue Hassan II,Meknes,50010.0,Y,2,Y,Rent
7972,A00005160,Mohammed Amine El Idrissi,BJ743141,36,PhD,10 Hay Hlioua,Casablanca,20220.0,Y,5,Y,Rent
7973,A00002029,Hajar Fadili,KB913580,37,Bachelor,49 Boulevard Zerktouni,Tanger,90053.0,Y,7,Y,Rent
7974,A00005565,Adam Benali,EE493824,48,Bachelor,24 Rue Hassan II,Marrakech,40000.0,N,5,Y,Own
7975,A00006385,Othmane Dadi,JK319409,55,College,40 Boulevard Bernoussi,Agadir,80000.0,Y,7,Y,Rent
7976,A00001162,Hamza El Yousfi,DN958380,40,Bachelor,5 Hay Bernoussi,Meknes,50010.0,Y,4,Y,Own
7977,A00002714,Zineb Ouazzani,KB597681,50,Bachelor,44 Boulevard Al Massira,Tanger,90053.0,N,4,Y,Mortgage
7978,A00004762,Mohamed Bate,X580833,35,High School,28 Residence Bernoussi,Foum Jamaa,,Y,7,Y,Mortgage
7979,A00004625,Malak Oufkir,X500808,64,PhD,35 Boulevard Hassan II,Aourir,,Y,4,N,Mortgage
7980,A00009539,Fatima Benali,BJ989242,41,PhD,16 Rue Al Houda,Casablanca,20220.0,Y,6,Y,Own
7981,A00008174,Khadija Benchikh,X749962,26,Bachelor,18 Residence Mohammed V,Bir Jdid,,Y,4,Y,Rent
7982,A00000789,Fatima Radi,CC253136,38,Masters,29 Lotissement Hassan II,Fes,30000.0,Y,5,Y,Mortgage
7983,A00006779,Mohamed Lahlou,X785453,47,Bachelor,47 Boulevard Mohammed V,Charf,,Y,7,Y,Own
7984,A00007318,Omar Berrada,JK127574,53,High School,16 Avenue Bernoussi,Agadir,80000.0,N,5,Y,Rent
7985,A00004815,Mohamed Eddoughmi,CC263870,57,MD,34 Residence Salam,Fes,30000.0,Y,4,Y,Mortgage
7986,A00007394,Omar Dadi,AG895476,26,High School,33 Hay El Fadl,Rabat,11025.0,Y,3,N,Own
7987,A00001974,Aziza Fadili,CB821580,47,Bachelor,4 Hay Al Massira,Sefrou,31000.0,Y,4,Y,Rent
7988,A00009424,Rania El Idrissi,BJ791671,58,Bachelor,6 Rue Centrale,Casablanca,20220.0,Y,7,Y,Own
7989,A00007596,Hamza El Idrissi,AG398633,41,Bachelor,7 Avenue Hlioua,Rabat,11025.0,Y,6,Y,Rent
7990,A00009608,Fatima Ezzahra  Amrani,X215349,46,Bachelor,13 Hay Hassan II,Ouezzane,,Y,2,Y,Rent
7991,A00003813,Mohammed Amine Bachri,JK361792,26,High School,34 Rue Mohammed V,Agadir,80000.0,Y,6,Y,Rent
7992,A00005443,Jamila Skalli,KB155266,58,Bachelor,48 Lotissement Hassan II,Tanger,90053.0,N,6,Y,Mortgage
7993,A00002095,Khadija El Yousfi,AB876268,59,High School,27 Rue Zerktouni,Sale,11000.0,Y,3,Y,Mortgage
7994,A00008459,Khaoula Mansar,X569181,33,Bachelor,45 Hay Hlioua,Oulmes,,N,2,Y,Rent
7995,A00000248,Aziza Lahlou,AG289602,44,High School,23 Rue El Fadl,Rabat,11025.0,N,4,Y,Rent
7996,A00005602,Rania Moufkir ,AB880385,49,,28 Avenue Al Massira,Sale,11000.0,N,2,Y,Own
7997,A00005852,Kawtar Tazi,W560643,47,Bachelor,27 Boulevard Hassan II,Settat,26000.0,Y,6,Y,Mortgage
7998,A00004566,Salma El Idrissi,N982492,25,MD,45 Residence Centrale,Essaouira,44000.0,Y,2,Y,Mortgage
7999,A00009574,Mohamed Salhi,KB275898,36,High School,48 Residence Al Massira,Tanger,90053.0,N,2,Y,Rent
8000,A00009452,Fatima Kibala,F797922,61,Bachelor,15 Lotissement Al Massira,Oujda,60010.0,Y,6,Y,Rent
8001,A00004202,Youssef Dadi,HH887482,44,Bachelor,13 Residence Al Qods,Safi,46000.0,Y,2,Y,Mortgage
8002,A00007168,Omar Berrada,L867401,52,High School,7 Avenue Al Massira,Tetouan,93000.0,Y,6,N,Mortgage
8003,A00001009,Youssef Fadili,EE529553,64,PhD,38 Avenue Al Houda,Marrakech,40000.0,N,5,N,Mortgage
8004,A00009429,Meryem Oufkir,G932231,26,Bachelor,29 Boulevard Hassan II,Kenitra,14110.0,N,3,Y,Mortgage
8005,A00001766,Aziza Salhi,L337759,61,Bachelor,49 Hay Al Qods,Tetouan,93000.0,N,5,Y,Own
8006,A00007242,Aya Salhi,LC369595,56,Masters,4 Lotissement Bernoussi,Chefchaouen,91000.0,N,6,Y,Own
8007,A00009440,Mohammed Amine Bennani,AB846771,32,High School,34 Rue Al Massira,Sale,11000.0,Y,7,Y,Rent
8008,A00005539,Rania Moufkir ,T859810,26,Bachelor,49 Residence Mohammed V,Mohammedia,28810.0,Y,6,Y,Rent
8009,A00003789,Jamila Amine,L341789,43,Bachelor,24 Hay Hlioua,Tetouan,93000.0,N,7,Y,Own
8010,A00003073,Hajar Mansar,SH547466,25,Bachelor,16 Lotissement Al Houda,Laayoune,70000.0,Y,2,Y,Own
8011,A00008280,Kawtar Metouali,X111853,49,Bachelor,44 Lotissement Al Houda,Agourai,,Y,6,Y,Own
8012,A00001630,Rachida Benali,EE617583,37,MD,16 Lotissement Zerktouni,Marrakech,40000.0,N,7,Y,Rent
8013,A00009184,Malak Radi,X543446,33,High School,30 Boulevard Al Massira,Al Arroui,,Y,4,Y,Rent
8014,A00004842,Hassan Dadi,X676038,58,Bachelor,30 Residence Hassan II,Teroual,,N,5,Y,Rent
8015,A00006483,Zineb Alaoui,L696265,51,Masters,28 Lotissement El Fadl,Tetouan,93000.0,Y,4,Y,Rent
8016,A00009253,Mohammed Amine Jamal,AG427962,28,High School,33 Hay Bernoussi,Rabat,11025.0,Y,5,Y,Rent
8017,A00001236,Hassan Amine,CC277110,28,High School,8 Boulevard Al Massira,Fes,30000.0,N,6,Y,Mortgage
8018,A00002472,Hiba Barghoud,CC148989,36,Bachelor,13 Lotissement Hlioua,Fes,30000.0,Y,2,Y,Own
8019,A00006643,Khadija Ouazzani,BJ621670,25,MD,28 Avenue El Fadl,Casablanca,20220.0,Y,4,N,Rent
8020,A00009660,Amine El Fassi,AG628552,39,Bachelor,47 Hay Mohammed V,Rabat,11025.0,Y,3,N,Own
8021,A00003206,Hassan Metouali,KB744499,27,College,20 Boulevard Hlioua,Tanger,90053.0,N,5,Y,Rent
8022,A00000127,Aya Salhi,AB755574,60,Masters,48 Boulevard Zerktouni,Sale,11000.0,Y,7,Y,Mortgage
8023,A00001071,Fatima Ezzahra  Metouali,M171883,39,High School,13 Boulevard Centrale,El Jadida,24010.0,Y,7,Y,Mortgage
8024,A00007241,Khaoula Amrani,CC503332,52,Bachelor,17 Residence Al Qods,Fes,30000.0,Y,4,Y,Rent
8025,A00008254,Hajar Bate,EE441338,54,High School,13 Lotissement Centrale,Marrakech,40000.0,N,4,Y,Rent
8026,A00003324,Mohammed Amine Dadi,X339201,27,High School,36 Avenue Bernoussi,Tounfite,,Y,4,Y,Mortgage
8027,A00004236,Kaoutar Fadili,X703801,33,College,47 Hay Zerktouni,Tit Mellil,,Y,3,Y,Own
8028,A00002182,Ahmed Jamal,KB884613,39,PhD,17 Avenue Al Houda,Tanger,90053.0,Y,4,Y,Mortgage
8029,A00008732,Khadija Farissi,X411364,38,High School,42 Avenue Mohammed V,Khourubga,25000.0,Y,4,Y,Rent
8030,A00008838,Ahmed Bachri,AB455500,61,Bachelor,18 Residence Hlioua,Sale,11000.0,Y,6,Y,Rent
8031,A00005299,Youssef Amrani,EE560350,29,Bachelor,48 Lotissement Salam,Marrakech,40000.0,Y,4,N,Own
8032,A00003858,Kawtar Barghoud,X345897,54,Bachelor,19 Boulevard Zerktouni,Imi n'Tanoute,,N,4,Y,Mortgage
8033,A00003247,Amine Berrada,CC361499,49,College,48 Residence Hassan II,Fes,30000.0,Y,5,Y,Rent
8034,A00001867,Zineb Alaoui,N652305,56,Masters,9 Boulevard Al Massira,Essaouira,44000.0,Y,7,Y,Own
8035,A00006993,Aya Amrani,AG794007,37,College,8 Lotissement Al Qods,Rabat,11025.0,N,7,Y,Mortgage
8036,A00004752,Omar Radi,X728138,51,Bachelor,45 Boulevard Centrale,Akka,,Y,3,Y,Rent
8037,A00001721,Amine Lahlou,AB655653,27,Bachelor,2 Hay Zerktouni,Sale,11000.0,Y,6,Y,Rent
8038,A00005305,Omar Tahiri,X175701,34,Bachelor,41 Residence Zerktouni,Mnasra,,Y,5,N,Mortgage
8039,A00004162,Aya Eddoughmi,N443149,31,Masters,33 Boulevard Mohammed V,Essaouira,44000.0,Y,3,Y,Own
8040,A00003766,Youssef Kibala,X262030,59,Bachelor,47 Rue Mohammed V,Imouzzer,,Y,2,Y,Rent
8041,A00006004,Jamila Amrani,AB118193,56,Bachelor,13 Boulevard Al Massira,Sale,11000.0,Y,7,Y,Own
8042,A00006614,Aziza Ouazzani,BJ733673,32,Bachelor,4 Boulevard Bernoussi,Casablanca,20220.0,Y,4,Y,Rent
8043,A00008912,Hiba Eddoughmi,JK534571,45,PhD,17 Boulevard Centrale,Agadir,80000.0,Y,4,Y,Own
8044,A00003289,Zineb Ouazzani,L562093,31,PhD,36 Residence Al Houda,Tetouan,93000.0,Y,5,Y,Mortgage
8045,A00003002,Hajar Lahlou,AG207730,48,,37 Rue Al Qods,Rabat,11025.0,N,5,Y,Own
8046,A00006231,Khaoula Jamal,X757402,33,Bachelor,26 Hay Centrale,Tsaft,,N,6,Y,Own
8047,A00003831,Rachida Farissi,M678804,58,PhD,42 Avenue Mohammed V,El Jadida,24010.0,Y,6,Y,Rent
8048,A00009112,Khadija Tazi,X106326,64,High School,49 Residence Bernoussi,,,N,2,Y,Mortgage
8049,A00002314,Mohammed Amine Fakhir,ZG307437,50,Bachelor,49 Avenue Al Houda,Guercif,37000.0,N,3,Y,Rent
8050,A00005164,Youssef Mansour,CC932831,60,MD,44 Rue Hassan II,Fes,30000.0,Y,3,Y,Rent
8051,A00006655,Ahmed El Yousfi,G208814,28,Bachelor,13 Hay Hlioua,Kenitra,14110.0,Y,4,Y,Rent
8052,A00008863,Aya Alaoui,X477860,55,Bachelor,42 Avenue Salam,Krouchen,,Y,4,Y,Rent
8053,A00002698,Yahya Metouali,AB565930,42,High School,2 Residence Al Massira,Sale,11000.0,N,4,Y,Own
8054,A00002093,Hiba Bate,SH869059,34,High School,49 Boulevard Hlioua,Laayoune,70000.0,Y,5,Y,Rent
8055,A00003896,Noha Skalli,JK713577,54,Bachelor,48 Rue Hassan II,Agadir,80000.0,N,5,Y,Own
8056,A00004340,Fatima Banoune,CC825970,26,High School,22 Residence Hlioua,Fes,30000.0,Y,4,Y,Rent
8057,A00001559,Ahmed Benchikh,QA766614,26,Bachelor,19 Rue Hlioua,Oued Zem,25200.0,Y,2,Y,Mortgage
8058,A00000794,Meryem Lahlou,AB154020,33,Masters,20 Residence Zerktouni,Sale,11000.0,N,2,Y,Rent
8059,A00009384,Mohamed Alaoui,KB918317,63,College,47 Boulevard Al Massira,Tanger,90053.0,N,4,N,Own
8060,A00007388,Khadija Amrani,CB249660,43,High School,6 Avenue Mohammed V,Sefrou,31000.0,Y,6,Y,Own
8061,A00002164,Youssef Amine,CC115827,63,Bachelor,33 Boulevard Hlioua,Fes,30000.0,Y,4,Y,Own
8062,A00007493,Hiba El Idrissi,DN408217,53,MD,15 Avenue Zerktouni,Meknes,50010.0,Y,7,Y,Mortgage
8063,A00009995,Amine El Idrissi,X572033,54,College,1 Lotissement Al Qods,Arekmane,,N,5,Y,Own
8064,A00006910,Fatima El Idrissi,G365865,44,Bachelor,16 Boulevard Al Massira,Kenitra,14110.0,N,3,Y,Own
8065,A00009613,Omar Berrada,KB438981,41,High School,46 Avenue Al Massira,Tanger,90053.0,Y,7,Y,Mortgage
8066,A00006583,Kawtar Metouali,BJ442788,35,Bachelor,6 Lotissement Al Houda,Casablanca,20220.0,Y,5,Y,Mortgage
8067,A00008034,Fatima Ezzahra  El Idrissi,X287487,60,Bachelor,35 Rue Salam,Gueznaia,,Y,6,Y,Rent
8068,A00003927,Youssef El Yousfi,X787682,53,College,2 Avenue Centrale,Ouezzane,,Y,7,Y,Own
8069,A00000575,Fatima El Yousfi,X658310,40,MD,40 Hay Hassan II,Bouznika,,N,5,Y,Mortgage
8070,A00009165,Meryem Kibala,DN168871,49,High School,4 Rue Bernoussi,Meknes,50010.0,Y,7,Y,Mortgage
8071,A00003553,Hajar Oufkir,EE939681,54,College,35 Avenue Mohammed V,Marrakech,40000.0,Y,7,Y,Mortgage
8072,A00006932,Mohamed Bennani,X358322,25,MD,49 Boulevard Al Qods,Zaouiat Cheikh,,Y,3,Y,Mortgage
8073,A00001066,Omar Banoune,JK318224,44,Bachelor,11 Hay Salam,Agadir,80000.0,Y,6,Y,Rent
8074,A00003863,Noha Bennani,BJ843315,42,College,8 Residence Bernoussi,Casablanca,20220.0,Y,7,Y,Mortgage
8075,A00009444,Fatima Ezzahra  Kibala,EE200872,32,Bachelor,49 Residence El Fadl,Marrakech,40000.0,Y,7,N,Rent
8076,A00004306,Salma Kibala,EE763676,62,Bachelor,6 Residence Zerktouni,Marrakech,40000.0,Y,7,Y,Rent
8077,A00000898,Hajar Radi,JK701081,28,MD,48 Lotissement Hlioua,Agadir,80000.0,Y,4,N,Mortgage
8078,A00000951,Hassan Banoune,JK304006,54,Bachelor,26 Boulevard Bernoussi,Agadir,80000.0,Y,6,Y,Mortgage
8079,A00003262,Kaoutar Eddoughmi,X171321,45,College,45 Hay Hlioua,Oulmes,,Y,2,Y,Mortgage
8080,A00004312,Salma Tahiri,P736113,39,Masters,14 Hay Hlioua,Ouarzazate,45000.0,N,4,Y,Rent
8081,A00006464,Jamila Barghoud,X823530,32,Masters,11 Rue Hlioua,Sebt El Guerdane,,Y,3,Y,Mortgage
8082,A00003148,Aya Skalli,DN658422,53,High School,40 Lotissement Hlioua,Meknes,50010.0,Y,2,N,Rent
8083,A00005645,Aziza Tazi,EE631977,45,Masters,2 Boulevard Bernoussi,Marrakech,40000.0,Y,3,Y,Rent
8084,A00007569,Fatima Bennani,CC214547,33,Bachelor,16 Rue Bernoussi,Fes,30000.0,N,5,Y,Rent
8085,A00000188,Khaoula El Yousfi,AG575067,37,High School,8 Rue Hlioua,Rabat,11025.0,Y,6,Y,Rent
8086,A00002770,Jamila El Yousfi,BJ971612,40,MD,23 Boulevard Mohammed V,Casablanca,20220.0,N,7,Y,Mortgage
8087,A00002537,Yahya Banoune,BJ241958,48,Bachelor,32 Residence Al Massira,Casablanca,20220.0,Y,7,Y,Own
8088,A00005248,Othmane El Yousfi,X531393,45,High School,19 Boulevard Centrale,Arekmane,,Y,7,Y,Mortgage
8089,A00006809,Youssef El Fassi,CC406910,33,High School,32 Hay Al Massira,Fes,30000.0,Y,7,Y,Own
8090,A00002946,Omar Berrada,EE541605,52,High School,36 Hay Mohammed V,Marrakech,40000.0,Y,7,Y,Rent
8091,A00002147,Fatima Ezzahra  Benchikh,AB621480,37,Masters,30 Residence Hassan II,Sale,11000.0,Y,5,Y,Mortgage
8092,A00006386,Salma Kibala,JK101759,37,Bachelor,24 Boulevard Al Massira,Agadir,80000.0,Y,5,Y,Own
8093,A00008390,Yahya Benali,X798499,25,Bachelor,28 Rue Salam,MideltDakhla,,Y,4,Y,Rent
8094,A00002055,Mohamed Metouali,F998678,25,High School,12 Boulevard Mohammed V,Oujda,60010.0,Y,5,Y,Own
8095,A00007288,Mohamed Skalli,EE604909,37,Bachelor,2 Boulevard Bernoussi,Marrakech,40000.0,Y,4,Y,Mortgage
8096,A00007024,Noha Dadi,SA356744,38,High School,1 Rue Zerktouni,Nador,62000.0,N,2,Y,Own
8097,A00000371,Hiba Fadili,X230507,63,Bachelor,33 Lotissement Mohammed V,Lqliiaa,,Y,7,Y,Own
8098,A00003228,Omar Radi,G370484,61,High School,47 Boulevard Hassan II,Kenitra,14110.0,N,4,Y,Own
8099,A00004330,Khaoula Bennani,N556984,63,Bachelor,23 Lotissement Bernoussi,Essaouira,44000.0,Y,2,Y,Own
8100,A00005745,Khaoula El Fassi,AG866961,60,PhD,40 Rue Mohammed V,Rabat,11025.0,N,3,Y,Own
8101,A00004300,Salma Kibala,F667571,46,Bachelor,42 Hay Mohammed V,Oujda,60010.0,Y,6,Y,Mortgage
8102,A00000464,Malak Mansar,BJ749887,26,College,49 Hay El Fadl,Casablanca,20220.0,N,7,Y,Rent
8103,A00000469,Rachida Fakhir,X191323,35,High School,31 Rue Centrale,MideltDakhla,,Y,5,Y,Mortgage
8104,A00000310,Rania Benchikh,AG628337,25,College,49 Avenue Al Massira,Rabat,11025.0,Y,7,Y,Own
8105,A00002189,Kaoutar Banoune,X344307,43,Masters,33 Lotissement El Fadl,Boujniba,,Y,6,N,Own
8106,A00002370,Omar Mansar,BJ901426,57,Bachelor,1 Residence Al Massira,Casablanca,20220.0,Y,5,Y,Rent
8107,A00004356,Hamza El Fassi,JF858589,41,PhD,16 Lotissement Al Qods,Tan Tan,82000.0,Y,2,Y,Rent
8108,A00004223,Khadija Tazi,JK701966,54,MD,7 Lotissement Al Massira,Agadir,80000.0,N,6,Y,Mortgage
8109,A00006465,Jamila Banoune,BJ596953,44,Bachelor,10 Hay Hlioua,Casablanca,20220.0,Y,2,Y,Rent
8110,A00008124,Khaoula Amrani,G521827,53,High School,45 Boulevard Bernoussi,Kenitra,14110.0,Y,6,Y,Own
8111,A00004748,Fatima Ezzahra  Skalli,X536831,43,Bachelor,18 Residence Al Qods,Bouarfa,,Y,5,Y,Mortgage
8112,A00001880,Zineb Benali,HH245778,35,Bachelor,13 Residence Al Qods,Safi,46000.0,N,5,Y,Own
8113,A00007573,Kaoutar Bachri,AG219285,60,Bachelor,2 Residence Bernoussi,Rabat,11025.0,Y,3,Y,Mortgage
8114,A00005179,Aziza Farissi,CC987466,64,High School,47 Hay Al Qods,Fes,30000.0,Y,3,Y,Rent
8115,A00002337,Omar Bachri,X776296,28,Bachelor,12 Avenue Hlioua,Khemisset,,Y,7,Y,Own
8116,A00001207,Adam Fadili,M591410,40,Bachelor,24 Residence Al Qods,El Jadida,24010.0,N,2,Y,Mortgage
8117,A00008575,Othmane El Fassi,EE437307,43,Bachelor,31 Hay Al Massira,Marrakech,40000.0,Y,3,Y,Own
8118,A00005753,Hajar Bachri,DN227426,35,Bachelor,39 Hay Hlioua,Meknes,50010.0,Y,6,Y,Own
8119,A00004088,Amine Moufkir ,KB643803,31,Bachelor,46 Rue Al Houda,Tanger,90053.0,N,5,Y,Own
8120,A00000663,Khaoula Salhi,BJ236178,32,Bachelor,2 Boulevard Zerktouni,Casablanca,20220.0,N,2,Y,Rent
8121,A00008051,Aziza Farissi,WA425957,61,Bachelor,6 Lotissement El Fadl,Berrechid,26100.0,N,5,Y,Rent
8122,A00002461,Hiba El Idrissi,AB158677,53,High School,40 Lotissement Salam,Sale,11000.0,Y,2,Y,Mortgage
8123,A00006024,Fatima Ezzahra  Tazi,HH680898,48,College,30 Residence Mohammed V,Safi,46000.0,Y,5,Y,Own
8124,A00005838,Zineb Bate,BJ712856,25,MD,31 Hay Al Houda,Casablanca,20220.0,Y,4,Y,Mortgage
8125,A00009421,Kawtar Mansar,X960775,46,Bachelor,13 Hay Hassan II,Ben Taieb,,Y,4,Y,Mortgage
8126,A00002391,Aya Ouazzani,DN521499,49,PhD,27 Boulevard Bernoussi,Meknes,50010.0,Y,5,Y,Mortgage
8127,A00000752,Adam Benchikh,WA663445,49,College,37 Avenue El Fadl,Berrechid,26100.0,Y,5,Y,Rent
8128,A00000318,Rachida Radi,CC355706,61,High School,26 Boulevard Mohammed V,Fes,30000.0,Y,3,Y,Own
8129,A00005050,Amine Mansar,X514008,50,Bachelor,37 Hay Hlioua,Zirara,,N,3,Y,Rent
8130,A00003883,Yahya El Fassi,CC815049,52,High School,14 Lotissement El Fadl,Fes,30000.0,Y,6,Y,Rent
8131,A00008869,Rania Banoune,AG605263,29,,6 Residence Al Qods,Rabat,11025.0,Y,2,Y,Mortgage
8132,A00003802,Fatima Ezzahra  Dadi,R780656,60,Masters,18 Boulevard Al Qods,El Hoceima,32000.0,Y,7,Y,Rent
8133,A00005810,Zineb Ouazzani,L549182,52,Bachelor,45 Lotissement Zerktouni,Tetouan,93000.0,Y,7,Y,Rent
8134,A00008577,Aya Mansour,G412714,46,Masters,33 Hay Bernoussi,Kenitra,14110.0,Y,6,Y,Mortgage
8135,A00001994,Hamza Mansour,G472167,28,College,37 Lotissement Mohammed V,Kenitra,14110.0,Y,4,Y,Rent
8136,A00006448,Meryem Alaoui,CB391875,44,High School,32 Lotissement Al Houda,Sefrou,31000.0,Y,3,N,Own
8137,A00005997,Fatima Ezzahra  Farissi,DN450749,42,College,25 Rue Zerktouni,Meknes,50010.0,Y,2,Y,Rent
8138,A00006684,Hajar Mansar,DB413734,25,Masters,14 Residence Zerktouni,Ifrane,53000.0,N,6,Y,Rent
8139,A00006337,Fatima Bate,X203670,58,Bachelor,5 Hay Al Qods,Taghramt,,Y,6,Y,Mortgage
8140,A00006515,Othmane Mansar,X258946,27,Bachelor,34 Hay Al Massira,Lamrasla,,Y,4,Y,Mortgage
8141,A00004195,Omar El Yousfi,X241739,33,High School,27 Avenue Al Qods,Guelta Zemmur,,N,4,Y,Rent
8142,A00004071,Noha Fadili,X843013,38,,14 Lotissement Hassan II,Foum Jamaa,,Y,4,Y,Rent
8143,A00005943,Hiba El Fassi,FA991248,62,High School,34 Rue Al Qods,Berkane,60300.0,Y,7,Y,Rent
8144,A00008745,Ahmed Tahiri,KB522333,37,College,10 Lotissement Salam,Tanger,90053.0,Y,2,Y,Mortgage
8145,A00004482,Rachida Salhi,X425170,40,MD,29 Hay Al Massira,Asjen,,Y,5,Y,Mortgage
8146,A00008477,Youssef Ouazzani,BJ861008,44,Bachelor,37 Lotissement Zerktouni,Casablanca,20220.0,Y,5,Y,Rent
8147,A00000154,Mohamed Mansour,EE458203,45,Masters,38 Lotissement Centrale,Marrakech,40000.0,Y,7,Y,Own
8148,A00003970,Hassan Tazi,CC841836,38,Masters,29 Residence Hassan II,Fes,30000.0,Y,6,Y,Rent
8149,A00003061,Khadija Barghoud,X243773,62,PhD,32 Boulevard Hlioua,Lbir Jdid,,N,7,Y,Own
8150,A00001666,Fatima Ezzahra  Bachri,LF578976,51,College,38 Boulevard Al Houda,Fnideq,93200.0,N,2,Y,Mortgage
8151,A00000784,Mohammed Amine El Yousfi,X426555,25,College,28 Lotissement Hassan II,Driouch,,Y,5,Y,Rent
8152,A00002500,Rachida El Yousfi,X135178,30,Bachelor,46 Residence Zerktouni,,,N,5,Y,Mortgage
8153,A00002246,Malak El Yousfi,HH320828,54,Bachelor,26 Lotissement Hassan II,Safi,46000.0,N,2,Y,Mortgage
8154,A00002038,Omar Benali,G318422,61,Bachelor,47 Hay Mohammed V,Kenitra,14110.0,Y,2,Y,Mortgage
8155,A00004789,Hassan Benchikh,DA273002,47,Bachelor,26 Boulevard Salam,Azrou,53100.0,Y,6,Y,Mortgage
8156,A00002377,Youssef Lahlou,X425032,57,Masters,2 Rue Al Qods,Had Soualem,,N,7,Y,Rent
8157,A00004477,Salma Benali,ZG328101,43,Masters,3 Boulevard Salam,Guercif,37000.0,Y,6,Y,Mortgage
8158,A00008930,Fatima Jamal,EE148103,26,High School,10 Avenue Al Qods,Marrakech,40000.0,Y,6,Y,Own
8159,A00008269,Salma Skalli,CB525146,40,College,40 Lotissement Hlioua,Sefrou,31000.0,Y,3,Y,Rent
8160,A00006282,Hamza Amrani,CB782296,61,,42 Boulevard Salam,Sefrou,31000.0,Y,7,Y,Own
8161,A00004617,Taha Banoune,X734237,43,College,7 Hay Al Massira,Ouezzane,,Y,6,Y,Mortgage
8162,A00000756,Amine Fadili,JK690913,50,Bachelor,19 Avenue Al Houda,Agadir,80000.0,N,4,Y,Mortgage
8163,A00008643,Meryem Amrani,X116318,37,Bachelor,16 Rue Hassan II,Tata,,N,7,Y,Own
8164,A00006560,Aya Farissi,N319614,55,Bachelor,42 Residence Bernoussi,Essaouira,44000.0,Y,5,Y,Rent
8165,A00006826,Aya El Idrissi,X738231,64,Bachelor,28 Residence El Fadl,Figuig,,Y,5,Y,Mortgage
8166,A00003504,Yahya Lahlou,KB424213,27,Bachelor,7 Boulevard Al Massira,Tanger,90053.0,N,4,Y,Rent
8167,A00004774,Othmane Amine,G423324,45,Bachelor,41 Rue Salam,Kenitra,14110.0,Y,2,Y,Rent
8168,A00000100,Omar Salhi,JK293600,25,High School,49 Boulevard Hlioua,Agadir,80000.0,Y,3,Y,Rent
8169,A00007944,Aziza Radi,DN394078,45,Bachelor,28 Avenue Mohammed V,Meknes,50010.0,N,2,Y,Mortgage
8170,A00003469,Omar Lahlou,X404545,38,PhD,7 Lotissement Centrale,Ribat El Kheir,,Y,2,Y,Rent
8171,A00002354,Adam Ouazzani,BJ924735,54,Masters,45 Residence Mohammed V,Casablanca,20220.0,N,7,Y,Own
8172,A00001488,Meryem Fadili,AG882045,25,College,49 Hay Mohammed V,Rabat,11025.0,Y,3,Y,Mortgage
8173,A00004552,Yahya Dadi,L304354,36,Bachelor,31 Rue Hlioua,Tetouan,93000.0,Y,5,Y,Rent
8174,A00008461,Mohamed Barghoud,F109484,39,Bachelor,37 Rue Al Massira,Oujda,60010.0,Y,7,Y,Own
8175,A00000647,Mohamed Radi,AG541506,57,Bachelor,8 Lotissement Al Qods,Rabat,11025.0,N,3,Y,Mortgage
8176,A00000614,Amine Radi,X814488,43,Bachelor,3 Residence Bernoussi,Sidi Bennour,,Y,5,Y,Rent
8177,A00004715,Mohamed Barghoud,DN564564,36,PhD,11 Rue Centrale,Meknes,50010.0,N,3,Y,Own
8178,A00009377,Mohamed El Fassi,CC168354,50,College,12 Lotissement Mohammed V,Fes,30000.0,Y,2,Y,Mortgage
8179,A00002356,Adam Moufkir ,BJ391844,43,Bachelor,24 Rue Al Houda,Casablanca,20220.0,Y,5,N,Own
8180,A00003628,Taha Amrani,N903421,43,High School,22 Boulevard Mohammed V,Essaouira,44000.0,Y,7,Y,Mortgage
8181,A00006053,Kaoutar Skalli,BJ653224,49,Bachelor,14 Hay El Fadl,Casablanca,20220.0,Y,7,Y,Rent
8182,A00004178,Amine El Yousfi,EE635581,32,Bachelor,17 Lotissement Al Qods,Marrakech,40000.0,Y,6,Y,Rent
8183,A00009091,Kaoutar Moufkir ,GK780698,47,Masters,25 Residence Hlioua,Sidi Kacem,16000.0,N,7,Y,Own
8184,A00009006,Youssef Barghoud,AB334199,61,Bachelor,44 Rue Bernoussi,Sale,11000.0,Y,7,Y,Own
8185,A00006141,Amine Kibala,JE804696,44,Masters,38 Rue Al Houda,Tiznit,85000.0,Y,4,Y,Rent
8186,A00004323,Taha Mansour,JK516017,37,High School,15 Boulevard Centrale,Agadir,80000.0,Y,6,Y,Mortgage
8187,A00009027,Kawtar Ouazzani,BJ202555,43,High School,45 Residence Al Massira,Casablanca,20220.0,Y,6,Y,Rent
8188,A00004124,Adam Berrada,X941394,57,High School,42 Boulevard Mohammed V,Ouezzane,,Y,5,Y,Own
8189,A00003640,Hajar Bate,AG611147,49,High School,28 Lotissement Hlioua,Rabat,11025.0,Y,5,Y,Mortgage
8190,A00004784,Othmane El Yousfi,AB384316,45,,44 Boulevard Mohammed V,Sale,11000.0,Y,3,Y,Rent
8191,A00006179,Kawtar Barghoud,P863186,35,PhD,35 Lotissement Bernoussi,Ouarzazate,45000.0,Y,7,Y,Mortgage
8192,A00007679,Fatima Banoune,EE916503,58,Bachelor,10 Boulevard Bernoussi,Marrakech,40000.0,N,6,Y,Rent
8193,A00009416,Taha Mansour,DN659422,61,Bachelor,46 Residence Al Massira,Meknes,50010.0,N,2,Y,Mortgage
8194,A00001753,Salma Alaoui,JE800135,32,Masters,25 Avenue Salam,Tiznit,85000.0,N,2,Y,Mortgage
8195,A00003650,Othmane Barghoud,AG809466,52,Bachelor,9 Boulevard Al Houda,Rabat,11025.0,Y,4,Y,Mortgage
8196,A00004007,Yahya Barghoud,AG667926,31,PhD,31 Lotissement Al Massira,Rabat,11025.0,Y,3,Y,Mortgage
8197,A00000058,Salma Tahiri,CC977380,30,College,18 Lotissement Centrale,Fes,30000.0,N,3,Y,Rent
8198,A00007848,Mohammed Amine Lahlou,W537301,32,Bachelor,26 Avenue Zerktouni,Settat,26000.0,N,7,Y,Mortgage
8199,A00000695,Mohammed Amine Eddoughmi,N122119,57,Bachelor,1 Lotissement Centrale,Essaouira,44000.0,N,4,Y,Own
8200,A00003699,Aya Ouazzani,KB165917,50,Masters,6 Avenue Bernoussi,Tanger,90053.0,Y,2,Y,Own
8201,A00000799,Meryem Amrani,R333248,55,High School,39 Hay Centrale,El Hoceima,32000.0,Y,5,Y,Own
8202,A00007310,Khaoula Amine,L738548,58,Bachelor,11 Lotissement Bernoussi,Tetouan,93000.0,N,7,Y,Rent
8203,A00003256,Aziza Alaoui,X180038,46,Masters,1 Boulevard Al Qods,Gzenaya,,Y,2,N,Rent
8204,A00004015,Kawtar Lahlou,N584445,42,MD,44 Rue Mohammed V,Essaouira,44000.0,N,4,Y,Mortgage
8205,A00008854,Hassan El Yousfi,X489708,61,MD,16 Boulevard Centrale,Ouzoud,,Y,5,N,Rent
8206,A00007839,Yahya Jamal,DN464328,50,High School,4 Rue Centrale,Meknes,50010.0,Y,3,Y,Rent
8207,A00004675,Hiba Amrani,AB932225,44,Bachelor,24 Residence Bernoussi,Sale,11000.0,Y,5,Y,Rent
8208,A00006662,Rachida Ouazzani,DN895006,34,High School,45 Boulevard Bernoussi,Meknes,50010.0,Y,4,Y,Mortgage
8209,A00004260,Aya Mansar,AG520028,32,College,42 Avenue Al Massira,Rabat,11025.0,Y,6,Y,Rent
8210,A00001536,Amine Lahlou,N901134,51,High School,5 Rue Zerktouni,Essaouira,44000.0,Y,2,Y,Rent
8211,A00001180,Salma Skalli,X869099,26,High School,38 Residence Centrale,Tamraght,,N,6,Y,Mortgage
8212,A00007960,Kawtar Radi,X986094,39,MD,48 Rue Salam,Zghenghen,,Y,4,N,Own
8213,A00005323,Hiba Barghoud,DN927826,40,High School,48 Lotissement El Fadl,Meknes,50010.0,N,5,Y,Rent
8214,A00004852,Rachida Tahiri,EE290702,34,High School,24 Boulevard Salam,Marrakech,40000.0,Y,3,Y,Mortgage
8215,A00005483,Ahmed Tahiri,X588821,47,Bachelor,30 Residence Hassan II,Teroual,,Y,6,Y,Mortgage
8216,A00003561,Mohammed Amine Benali,JK659899,30,High School,49 Avenue Hassan II,Agadir,80000.0,Y,5,Y,Rent
8217,A00000896,Salma Salhi,HH126099,31,College,30 Lotissement El Fadl,Safi,46000.0,N,5,Y,Own
8218,A00006339,Fatima Alaoui,JK466789,49,High School,14 Lotissement El Fadl,Agadir,80000.0,Y,6,Y,Own
8219,A00008438,Amine Skalli,BJ595818,62,Bachelor,13 Lotissement Zerktouni,Casablanca,20220.0,Y,2,Y,Mortgage
8220,A00000847,Jamila Skalli,JK854508,47,Bachelor,2 Residence Hassan II,Agadir,80000.0,Y,7,Y,Own
8221,A00001318,Aziza Banoune,EE477008,37,Bachelor,38 Lotissement Centrale,Marrakech,40000.0,Y,3,Y,Mortgage
8222,A00001284,Aziza Bachri,L119539,56,PhD,39 Hay Mohammed V,Tetouan,93000.0,Y,4,Y,Own
8223,A00000826,Rania Bachri,CC147608,64,Bachelor,28 Residence El Fadl,Fes,30000.0,Y,3,Y,Rent
8224,A00002261,Rania Alaoui,X222040,56,Bachelor,4 Avenue Centrale,Echemmaia,,N,6,Y,Own
8225,A00000196,Kaoutar Bennani,JK967586,61,Bachelor,30 Residence Al Qods,Agadir,80000.0,Y,7,Y,Mortgage
8226,A00001739,Yahya Benali,X495057,55,MD,10 Boulevard Zerktouni,Boufakrane,,Y,3,Y,Rent
8227,A00009855,Aya Lahlou,N509936,28,Bachelor,32 Residence Mohammed V,Essaouira,44000.0,N,2,Y,Rent
8228,A00001446,Fatima Benchikh,AG128505,30,Bachelor,2 Rue Hlioua,Rabat,11025.0,Y,5,Y,Mortgage
8229,A00004837,Yahya Oufkir,AB511680,63,,48 Hay Bernoussi,Sale,11000.0,Y,3,Y,Mortgage
8230,A00004341,Zineb Mansour,BJ115544,26,High School,23 Boulevard Mohammed V,Casablanca,20220.0,Y,7,Y,Mortgage
8231,A00003516,Aya Moufkir ,T420750,55,Bachelor,45 Boulevard Al Massira,Mohammedia,28810.0,Y,5,Y,Own
8232,A00009406,Zineb El Idrissi,BJ153068,54,Bachelor,17 Lotissement Zerktouni,Casablanca,20220.0,Y,6,Y,Own
8233,A00003909,Khaoula Mansar,P780898,56,Bachelor,14 Boulevard Bernoussi,Ouarzazate,45000.0,Y,5,Y,Own
8234,A00001423,Othmane Metouali,L662935,26,,16 Residence Bernoussi,Tetouan,93000.0,N,7,Y,Mortgage
8235,A00008829,Rania Salhi,X371082,25,Bachelor,33 Avenue Hlioua,Tazenakht,,N,3,Y,Rent
8236,A00009202,Mohamed Bennani,EE187406,31,Bachelor,30 Residence Al Houda,Marrakech,40000.0,Y,2,Y,Mortgage
8237,A00008958,Fatima Mansour,L385820,32,Bachelor,11 Lotissement Bernoussi,Tetouan,93000.0,Y,4,Y,Mortgage
8238,A00008010,Ahmed Ouazzani,R593670,59,MD,11 Boulevard Al Houda,El Hoceima,32000.0,N,4,Y,Mortgage
8239,A00001083,Rachida Jamal,BJ418647,39,Bachelor,7 Avenue Bernoussi,Casablanca,20220.0,Y,7,Y,Mortgage
8240,A00001332,Hiba Banoune,BJ101260,58,Bachelor,15 Boulevard Al Houda,Casablanca,20220.0,Y,3,Y,Rent
8241,A00003164,Fatima Ezzahra  Alaoui,BJ601031,42,College,16 Rue Bernoussi,Casablanca,20220.0,Y,2,Y,Mortgage
8242,A00005609,Omar Lahlou,CC383033,27,High School,20 Boulevard Bernoussi,Fes,30000.0,Y,3,N,Own
8243,A00000008,Fatima Salhi,LF992608,28,Bachelor,36 Rue Al Massira,Fnideq,93200.0,Y,5,Y,Mortgage
8244,A00006296,Zineb Mansar,KB239531,26,High School,38 Hay Salam,Tanger,90053.0,Y,4,Y,Rent
8245,A00006079,Mohamed Metouali,ZG683119,44,College,8 Residence Hlioua,Guercif,37000.0,Y,7,Y,Mortgage
8246,A00006311,Fatima Ezzahra  Bachri,DN800136,30,College,27 Rue Centrale,Meknes,50010.0,N,2,Y,Mortgage
8247,A00007260,Omar Eddoughmi,G333434,61,Bachelor,16 Rue Bernoussi,Kenitra,14110.0,Y,7,Y,Mortgage
8248,A00001862,Hajar Dadi,CB809250,53,Bachelor,6 Avenue Mohammed V,Sefrou,31000.0,Y,6,N,Rent
8249,A00005201,Hajar Tazi,BJ189599,41,PhD,37 Hay Hassan II,Casablanca,20220.0,N,3,Y,Mortgage
8250,A00003450,Kawtar Barghoud,X825944,42,College,42 Lotissement El Fadl,Farkhana,,N,2,Y,Rent
8251,A00003112,Hajar Eddoughmi,JC500143,45,High School,26 Boulevard Centrale,Taaroudant,83000.0,N,2,Y,Rent
8252,A00001173,Mohammed Amine Jamal,JK522077,56,Masters,2 Lotissement Al Massira,Agadir,80000.0,Y,2,Y,Rent
8253,A00008471,Amine El Yousfi,VA575547,56,Bachelor,36 Boulevard Hassan II,Midelt,54350.0,Y,2,Y,Rent
8254,A00007797,Hiba Barghoud,JK811885,28,High School,26 Boulevard Bernoussi,Agadir,80000.0,Y,5,Y,Mortgage
8255,A00007721,Hassan El Fassi,N890720,57,Bachelor,39 Rue Bernoussi,Essaouira,44000.0,Y,7,Y,Rent
8256,A00009248,Jamila Moufkir ,BJ258041,54,Bachelor,37 Rue Hlioua,Casablanca,20220.0,Y,6,Y,Mortgage
8257,A00004924,Omar Salhi,X215950,54,High School,6 Lotissement Hassan II,Ksar El Kebir,,Y,3,Y,Mortgage
8258,A00004192,Khadija Bennani,JK238893,56,High School,38 Avenue Mohammed V,Agadir,80000.0,N,6,Y,Own
8259,A00006682,Yahya El Fassi,AB370077,30,PhD,40 Lotissement Salam,Sale,11000.0,Y,4,N,Rent
8260,A00004635,Adam Kibala,P374105,26,High School,17 Boulevard Hlioua,Ouarzazate,45000.0,Y,5,Y,Rent
8261,A00008937,Hamza Berrada,AB383100,42,College,4 Avenue Al Massira,Sale,11000.0,Y,2,Y,Own
8262,A00006197,Jamila Mansour,AG797919,56,MD,20 Boulevard Zerktouni,Rabat,11025.0,Y,5,Y,Own
8263,A00003419,Kawtar Salhi,AG560191,45,High School,34 Hay Zerktouni,Rabat,11025.0,Y,2,Y,Rent
8264,A00008391,Kaoutar Tazi,EE835625,35,Bachelor,27 Avenue Hassan II,Marrakech,40000.0,Y,5,Y,Mortgage
8265,A00002629,Omar Radi,Z147509,33,Bachelor,7 Boulevard El Fadl,Taza,35000.0,Y,3,Y,Rent
8266,A00009347,Khaoula Amrani,AB306839,40,Bachelor,20 Lotissement El Fadl,Sale,11000.0,Y,5,Y,Own
8267,A00007268,Aya El Idrissi,X260593,34,Masters,26 Lotissement Al Qods,Driouch,,N,2,Y,Rent
8268,A00004096,Fatima Ezzahra  Tahiri,HH328777,29,,1 Avenue Salam,Safi,46000.0,Y,2,Y,Rent
8269,A00001452,Omar Barghoud,M585386,60,College,26 Avenue El Fadl,El Jadida,24010.0,Y,7,Y,Rent
8270,A00001177,Ahmed Ouazzani,X697923,56,Bachelor,35 Boulevard Hassan II,Aourir,,Y,7,Y,Own
8271,A00005940,Jamila Salhi,X914370,60,Bachelor,42 Lotissement Mohammed V,Driouch,,Y,2,Y,Mortgage
8272,A00008975,Kaoutar Berrada,N135080,50,PhD,49 Rue Al Houda,Essaouira,44000.0,Y,2,Y,Rent
8273,A00009893,Aziza Radi,F397226,62,Bachelor,29 Avenue Al Qods,Oujda,60010.0,Y,7,Y,Mortgage
8274,A00004983,Khadija Banoune,AG805298,25,MD,18 Rue Al Massira,Rabat,11025.0,Y,2,Y,Mortgage
8275,A00006888,Amine Berrada,BJ599386,46,Bachelor,15 Boulevard Al Houda,Casablanca,20220.0,Y,2,N,Mortgage
8276,A00007397,Khaoula Mansour,AB353398,42,High School,28 Avenue Al Massira,Sale,11000.0,N,4,Y,Rent
8277,A00006798,Salma Bachri,G405731,55,Masters,23 Lotissement Al Qods,Kenitra,14110.0,N,3,Y,Rent
8278,A00005563,Khaoula Lahlou,F265629,59,Masters,12 Boulevard Mohammed V,Oujda,60010.0,Y,7,Y,Rent
8279,A00008204,Hassan Mansar,G267134,53,High School,2 Lotissement Al Houda,Kenitra,14110.0,Y,7,Y,Rent
8280,A00009435,Khadija Tahiri,AB170753,36,Bachelor,45 Hay Al Qods,Sale,11000.0,Y,6,N,Mortgage
8281,A00008441,Meryem Banoune,N463509,32,Bachelor,25 Hay Al Massira,Essaouira,44000.0,Y,4,Y,Own
8282,A00009934,Youssef Salhi,X525977,50,College,2 Boulevard Al Massira,Stehat,,Y,2,Y,Rent
8283,A00000601,Adam Lahlou,F365861,64,High School,37 Lotissement Hlioua,Oujda,60010.0,Y,3,Y,Rent
8284,A00003358,Kaoutar Bachri,DN262104,60,Bachelor,28 Residence Al Houda,Meknes,50010.0,Y,7,Y,Mortgage
8285,A00006445,Youssef El Idrissi,L517654,39,College,47 Rue Mohammed V,Tetouan,93000.0,Y,2,Y,Rent
8286,A00000491,Hassan Bate,X172727,58,Bachelor,17 Lotissement Al Qods,Sidi Slimane,,Y,2,Y,Rent
8287,A00006058,Khadija Banoune,DN270344,42,Bachelor,11 Rue Hassan II,Meknes,50010.0,Y,7,Y,Mortgage
8288,A00008252,Khadija El Yousfi,CC671927,45,Bachelor,49 Residence Bernoussi,Fes,30000.0,Y,3,Y,Mortgage
8289,A00001557,Fatima Amine,JK177643,44,High School,23 Residence Hlioua,Agadir,80000.0,Y,3,Y,Rent
8290,A00002690,Jamila Farissi,CC628865,47,College,48 Residence Centrale,Fes,30000.0,Y,2,N,Rent
8291,A00007592,Yahya Benali,BJ534513,47,High School,12 Boulevard Bernoussi,Casablanca,20220.0,Y,3,Y,Rent
8292,A00005126,Omar Bennani,WA244167,41,Masters,1 Lotissement Salam,Berrechid,26100.0,Y,4,Y,Mortgage
8293,A00006169,Rania Barghoud,N350762,61,MD,5 Avenue Hlioua,Essaouira,44000.0,Y,2,Y,Own
8294,A00007800,Zineb Moufkir ,BJ117139,36,PhD,47 Avenue Al Massira,Casablanca,20220.0,N,2,Y,Mortgage
8295,A00006256,Othmane Benali,L759075,51,Bachelor,16 Residence Bernoussi,Tetouan,93000.0,N,5,Y,Mortgage
8296,A00006392,Youssef Bachri,CC546631,59,Masters,36 Lotissement Hassan II,Fes,30000.0,N,2,Y,Own
8297,A00009566,Rania Farissi,JK947087,44,Masters,2 Avenue Hassan II,Agadir,80000.0,Y,2,Y,Mortgage
8298,A00007485,Meryem El Idrissi,X433592,37,Masters,43 Lotissement Al Qods,Lamsabih,,N,3,Y,Rent
8299,A00006302,Hajar El Idrissi,DN777572,32,Bachelor,36 Residence Hlioua,Meknes,50010.0,Y,6,Y,Rent
8300,A00001394,Fatima Bennani,KB935251,51,Bachelor,47 Boulevard Al Massira,Tanger,90053.0,Y,4,Y,Mortgage
8301,A00005285,Noha Tazi,EE727524,29,Bachelor,2 Boulevard Bernoussi,Marrakech,40000.0,Y,2,Y,Own
8302,A00008871,Hajar Tazi,CB379221,38,Bachelor,29 Hay Hassan II,Sefrou,31000.0,N,7,Y,Mortgage
8303,A00000889,Noha Bachri,AG360747,46,Bachelor,2 Residence Al Houda,Rabat,11025.0,Y,5,Y,Rent
8304,A00003594,Youssef El Yousfi,AB812503,48,High School,8 Hay Bernoussi,Sale,11000.0,Y,6,Y,Own
8305,A00005100,Jamila Eddoughmi,F211725,47,High School,41 Rue Al Qods,Oujda,60010.0,N,7,Y,Mortgage
8306,A00006268,Omar Tahiri,AB429172,58,College,31 Residence Bernoussi,Sale,11000.0,Y,5,Y,Mortgage
8307,A00007673,Yahya El Fassi,G345785,36,Masters,37 Avenue Bernoussi,Kenitra,14110.0,N,6,Y,Rent
8308,A00009214,Omar Amine,X292100,45,Bachelor,45 Residence Salam,Er-Rich,,Y,7,N,Mortgage
8309,A00004608,Kaoutar Fadili,DN199494,43,Masters,39 Lotissement Al Houda,Meknes,50010.0,N,7,Y,Mortgage
8310,A00006562,Ahmed Dadi,G931620,48,Bachelor,30 Rue Al Houda,Kenitra,14110.0,Y,5,N,Rent
8311,A00007824,Mohammed Amine Skalli,N289662,29,Masters,49 Avenue Centrale,Essaouira,44000.0,Y,3,Y,Mortgage
8312,A00009783,Aya El Fassi,G830022,28,High School,49 Residence Salam,Kenitra,14110.0,Y,3,Y,Own
8313,A00004186,Ahmed El Yousfi,CC604839,32,Bachelor,33 Residence Al Qods,Fes,30000.0,Y,5,Y,Rent
8314,A00008938,Kaoutar Eddoughmi,KB593745,59,,49 Hay Centrale,Tanger,90053.0,Y,4,Y,Own
8315,A00003768,Hiba El Yousfi,BJ204584,35,High School,34 Boulevard Salam,Casablanca,20220.0,Y,5,Y,Rent
8316,A00000627,Meryem Ouazzani,EE703414,52,Bachelor,6 Residence Zerktouni,Marrakech,40000.0,Y,4,N,Own
8317,A00001912,Mohamed Benali,X746604,35,High School,3 Lotissement El Fadl,Moqrisset,,Y,5,Y,Rent
8318,A00006234,Aziza Oufkir,X952243,54,College,33 Hay Bernoussi,Ben Taieb,,Y,4,Y,Rent
8319,A00007658,Aya Bennani,JK106319,45,Bachelor,29 Avenue Hassan II,Agadir,80000.0,Y,3,Y,Rent
8320,A00008680,Mohamed Metouali,AB467349,57,PhD,19 Lotissement Mohammed V,Sale,11000.0,N,7,Y,Rent
8321,A00003428,Hamza Barghoud,X555467,25,MD,45 Hay Hlioua,Oulmes,,Y,2,Y,Own
8322,A00002638,Aziza Alaoui,X802743,41,High School,40 Boulevard Hassan II,Bir Jdid,,Y,6,Y,Rent
8323,A00000351,Taha Oufkir,JK135381,51,High School,12 Rue Al Houda,Agadir,80000.0,N,7,N,Own
8324,A00007177,Kawtar Jamal,X343253,29,Bachelor,43 Lotissement Al Qods,Lamsabih,,N,3,Y,Rent
8325,A00008380,Rachida Bennani,JK967765,58,High School,7 Avenue Al Houda,Agadir,80000.0,N,7,Y,Rent
8326,A00008907,Hiba Mansour,L435445,52,Bachelor,14 Hay Hlioua,Tetouan,93000.0,N,7,Y,Mortgage
8327,A00003502,Omar Lahlou,EA984105,61,,18 Residence Al Houda,Ben Guerir,43150.0,Y,4,Y,Rent
8328,A00001842,Youssef Mansour,L416093,46,High School,48 Lotissement Zerktouni,Tetouan,93000.0,N,7,Y,Rent
8329,A00007682,Mohammed Amine Ouazzani,JA227926,38,Masters,15 Hay Al Houda,Guelmim,81000.0,N,7,Y,Mortgage
8330,A00009891,Mohamed Lahlou,AG589430,46,Bachelor,37 Rue Mohammed V,Rabat,11025.0,Y,7,Y,Mortgage
8331,A00005794,Aziza Fakhir,X132230,27,High School,14 Lotissement Hlioua,Ras El Ma,,Y,6,Y,Rent
8332,A00008683,Noha Fakhir,X965885,58,Bachelor,1 Boulevard Hlioua,Demnate,,Y,3,Y,Mortgage
8333,A00007182,Aya Lahlou,JA348664,49,PhD,15 Residence Centrale,Guelmim,81000.0,Y,2,Y,Mortgage
8334,A00005765,Hamza Skalli,AG593820,46,High School,14 Rue Al Qods,Rabat,11025.0,Y,2,Y,Mortgage
8335,A00009750,Omar Mansar,X646731,43,College,15 Hay Bernoussi,Dar Gueddari,,N,4,Y,Rent
8336,A00000587,Mohamed Alaoui,F167669,28,College,9 Avenue Al Massira,Oujda,60010.0,N,7,Y,Rent
8337,A00005769,Khaoula Dadi,N767488,52,College,5 Avenue Hlioua,Essaouira,44000.0,N,2,Y,Rent
8338,A00005937,Youssef Bachri,L898512,40,PhD,15 Hay Centrale,Tetouan,93000.0,Y,4,Y,Rent
8339,A00009931,Amine El Yousfi,EE964770,62,High School,30 Rue Hassan II,Marrakech,40000.0,Y,2,Y,Rent
8340,A00000048,Adam Amrani,X984576,58,College,7 Lotissement Hlioua,Ouezzane,,Y,5,Y,Mortgage
8341,A00001542,Fatima Alaoui,BJ499657,51,Masters,29 Residence Zerktouni,Casablanca,20220.0,N,7,N,Mortgage
8342,A00000411,Othmane Benchikh,L815516,27,Bachelor,17 Boulevard Hlioua,Tetouan,93000.0,Y,3,Y,Rent
8343,A00005797,Hiba Kibala,BJ171620,49,High School,40 Hay Zerktouni,Casablanca,20220.0,N,2,Y,Own
8344,A00002556,Aya Barghoud,CC804817,50,PhD,22 Residence Hassan II,Fes,30000.0,Y,4,Y,Rent
8345,A00002048,Mohamed Fadili,X960320,32,High School,3 Avenue Al Houda,Sidi Mohamed Lahmar,,Y,5,Y,Own
8346,A00002382,Kawtar Barghoud,EE905222,47,Bachelor,23 Residence Bernoussi,Marrakech,40000.0,N,6,Y,Mortgage
8347,A00007115,Taha Bate,EE408908,51,High School,2 Boulevard Al Massira,Marrakech,40000.0,N,2,Y,Own
8348,A00005795,Rachida Radi,CC269850,61,High School,14 Lotissement El Fadl,Fes,30000.0,Y,6,Y,Mortgage
8349,A00008037,Amine Bennani,AG591078,42,Bachelor,4 Lotissement Mohammed V,Rabat,11025.0,Y,2,Y,Mortgage
8350,A00002684,Yahya Bachri,CB287516,46,High School,6 Avenue Mohammed V,Sefrou,31000.0,N,6,Y,Rent
8351,A00005256,Fatima Ezzahra  El Fassi,GK381388,25,Bachelor,38 Avenue Salam,Sidi Kacem,16000.0,N,7,Y,Own
8352,A00004633,Malak Bachri,CC727021,62,,13 Lotissement Zerktouni,Fes,30000.0,N,6,N,Own
8353,A00001117,Khadija Salhi,EE732425,47,Masters,20 Hay Al Houda,Marrakech,40000.0,N,3,Y,Own
8354,A00007137,Othmane Fadili,X406272,36,Bachelor,6 Boulevard El Fadl,,,N,5,Y,Rent
8355,A00003021,Fatima Ezzahra  El Yousfi,KB647845,44,High School,2 Rue Mohammed V,Tanger,90053.0,Y,6,Y,Rent
8356,A00009841,Mohammed Amine Barghoud,F422947,64,High School,24 Boulevard Al Houda,Oujda,60010.0,Y,2,N,Rent
8357,A00005364,Noha Radi,DN828550,56,MD,49 Residence Hlioua,Meknes,50010.0,Y,6,Y,Own
8358,A00008217,Hajar Moufkir ,JF974747,31,High School,8 Boulevard Al Qods,Tan Tan,82000.0,N,4,Y,Rent
8359,A00008707,Youssef Benali,JK706292,31,Bachelor,33 Lotissement El Fadl,Agadir,80000.0,N,5,Y,Own
8360,A00005349,Fatima Lahlou,BJ970109,51,Bachelor,42 Boulevard Centrale,Casablanca,20220.0,N,4,Y,Mortgage
8361,A00002600,Zineb Lahlou,DN433853,36,High School,17 Residence Mohammed V,Meknes,50010.0,Y,6,Y,Own
8362,A00008156,Malak El Yousfi,G319842,52,Bachelor,8 Rue El Fadl,Kenitra,14110.0,Y,6,Y,Own
8363,A00001707,Adam Fadili,L318464,37,Bachelor,2 Lotissement Al Houda,Tetouan,93000.0,Y,5,Y,Mortgage
8364,A00007561,Zineb Radi,DN161288,53,Masters,33 Hay El Fadl,Meknes,50010.0,N,3,Y,Mortgage
8365,A00007929,Adam Fakhir,KB232539,61,Bachelor,46 Boulevard Centrale,Tanger,90053.0,Y,5,Y,Own
8366,A00007616,Hassan Jamal,AG913995,39,Masters,23 Rue El Fadl,Rabat,11025.0,N,2,Y,Own
8367,A00000097,Yahya Berrada,X501584,37,High School,25 Lotissement Hassan II,Souk El Arbaa,,Y,6,Y,Mortgage
8368,A00008473,Malak Banoune,AG631643,45,Bachelor,39 Rue Hassan II,Rabat,11025.0,Y,2,Y,Rent
8369,A00008982,Zineb Fakhir,BJ821897,47,College,9 Hay Al Qods,Casablanca,20220.0,Y,4,Y,Mortgage
8370,A00000446,Fatima Ezzahra  Tahiri,JK665438,42,,37 Residence Bernoussi,Agadir,80000.0,Y,5,Y,Rent
8371,A00001591,Yahya Farissi,F744632,41,High School,29 Avenue Al Qods,Oujda,60010.0,Y,4,N,Rent
8372,A00005447,Adam Barghoud,R452948,54,College,18 Boulevard Al Qods,El Hoceima,32000.0,N,2,Y,Mortgage
8373,A00006071,Hamza Berrada,N775468,40,Bachelor,5 Rue Zerktouni,Essaouira,44000.0,Y,5,Y,Own
8374,A00009725,Jamila Bachri,JK561244,56,Bachelor,41 Boulevard Al Qods,Agadir,80000.0,Y,2,Y,Mortgage
8375,A00006067,Aya Eddoughmi,AG134236,51,,34 Hay Zerktouni,Rabat,11025.0,Y,2,Y,Own
8376,A00000606,Meryem Barghoud,JC646909,53,Bachelor,43 Avenue Hlioua,Taaroudant,83000.0,Y,2,Y,Own
8377,A00007266,Youssef Mansar,DB290880,41,Bachelor,28 Avenue Bernoussi,Ifrane,53000.0,Y,3,Y,Own
8378,A00004277,Yahya Bate,L267772,47,Bachelor,15 Boulevard Al Qods,Tetouan,93000.0,Y,4,Y,Own
8379,A00002651,Zineb Salhi,VA848283,42,High School,36 Boulevard Hassan II,Midelt,54350.0,Y,2,Y,Rent
8380,A00006144,Ahmed El Fassi,X524012,44,High School,8 Avenue Zerktouni,Oukaimeden,,Y,3,Y,Own
8381,A00004814,Meryem Bennani,P651153,28,Bachelor,19 Boulevard Hlioua,Ouarzazate,45000.0,Y,7,Y,Mortgage
8382,A00006699,Noha Dadi,KB208318,52,,39 Hay Mohammed V,Tanger,90053.0,Y,7,Y,Rent
8383,A00001432,Yahya Amrani,X515714,59,Bachelor,19 Rue Zerktouni,Imilchil,,Y,2,Y,Rent
8384,A00004343,Kawtar El Fassi,BJ296515,40,Bachelor,39 Hay Mohammed V,Casablanca,20220.0,N,2,Y,Rent
8385,A00007048,Hamza Fakhir,BJ418166,37,Bachelor,9 Hay Al Qods,Casablanca,20220.0,N,2,Y,Own
8386,A00002586,Rachida Fadili,X540808,40,Bachelor,2 Lotissement El Fadl,Mhaya,,Y,6,Y,Rent
8387,A00003471,Kawtar Lahlou,AB409748,52,Bachelor,19 Lotissement Al Massira,Sale,11000.0,N,4,Y,Own
8388,A00004558,Malak Metouali,G981339,36,Bachelor,21 Rue Al Qods,Kenitra,14110.0,Y,6,Y,Own
8389,A00009594,Zineb Benali,L618579,34,College,36 Hay Centrale,Tetouan,93000.0,Y,5,N,Own
8390,A00003962,Jamila Barghoud,JF386629,49,High School,10 Lotissement Hassan II,Tan Tan,82000.0,N,3,Y,Mortgage
8391,A00004390,Aziza Farissi,SA100006,63,Bachelor,44 Rue Centrale,Nador,62000.0,N,5,Y,Own
8392,A00002654,Rania Bennani,WA240667,57,Bachelor,35 Rue Hlioua,Berrechid,26100.0,Y,7,Y,Rent
8393,A00000610,Kawtar Fadili,X858566,35,Bachelor,10 Rue Al Massira,Tinghir,,Y,3,Y,Own
8394,A00006372,Kaoutar Tazi,X902925,55,High School,33 Lotissement Hlioua,Taounate,,Y,6,Y,Own
8395,A00008050,Khaoula Skalli,EE143076,53,Masters,44 Boulevard Salam,Marrakech,40000.0,Y,4,Y,Mortgage
8396,A00000355,Kaoutar Bennani,X662526,55,Bachelor,32 Residence Hlioua,Boujniba,,Y,4,N,Mortgage
8397,A00001376,Hajar Benchikh,X459058,45,Bachelor,18 Hay Hlioua,Sebt El Guerdane,,Y,7,Y,Mortgage
8398,A00005844,Hassan Benali,BJ220712,47,Bachelor,37 Rue Hlioua,Casablanca,20220.0,N,7,Y,Rent
8399,A00004622,Salma Dadi,X813157,52,Bachelor,1 Lotissement Al Houda,Teroual,,Y,2,Y,Rent
8400,A00003098,Kaoutar Bachri,X730957,44,PhD,40 Boulevard Bernoussi,Ait Melloul,,N,4,Y,Mortgage
8401,A00007754,Fatima Benchikh,AG842154,43,High School,11 Residence Al Houda,Rabat,11025.0,Y,3,Y,Mortgage
8402,A00007738,Aziza Skalli,X763714,47,,2 Rue Hlioua,Zghanghan,,Y,2,Y,Rent
8403,A00007074,Omar Barghoud,KB968438,50,Bachelor,44 Residence Zerktouni,Tanger,90053.0,Y,5,Y,Own
8404,A00000252,Noha Banoune,X898791,49,Bachelor,37 Residence Hassan II,Imouzzer Kandar,,Y,4,Y,Mortgage
8405,A00007105,Khaoula Bachri,X195936,30,College,38 Boulevard Hlioua,Karia Ba Mohamed,,N,6,Y,Own
8406,A00000713,Kawtar Oufkir,N915977,61,Bachelor,29 Lotissement Mohammed V,Essaouira,44000.0,Y,6,Y,Own
8407,A00005592,Salma Benchikh,X643603,44,Bachelor,1 Avenue Hassan II,Tahla,,Y,2,Y,Own
8408,A00002833,Mohamed El Yousfi,T310577,47,Bachelor,45 Boulevard Al Massira,Mohammedia,28810.0,Y,7,Y,Rent
8409,A00000570,Aziza Moufkir ,KB814929,61,Bachelor,44 Residence Zerktouni,Tanger,90053.0,Y,3,Y,Rent
8410,A00006383,Amine Ouazzani,X650177,26,Masters,17 Hay Salam,Khatazakane,,Y,2,Y,Own
8411,A00001393,Hajar Banoune,AB726227,35,Bachelor,45 Lotissement Hlioua,Sale,11000.0,Y,6,Y,Own
8412,A00001221,Omar Bate,CC888347,46,Bachelor,12 Avenue Mohammed V,Fes,30000.0,Y,3,N,Own
8413,A00005992,Hamza Eddoughmi,KB950959,62,College,12 Rue Al Massira,Tanger,90053.0,N,6,N,Own
8414,A00000483,Mohamed Oufkir,G437405,57,PhD,38 Residence Hassan II,Kenitra,14110.0,N,4,Y,Mortgage
8415,A00001913,Zineb Lahlou,CC841907,41,High School,13 Boulevard Al Massira,Fes,30000.0,Y,2,Y,Rent
8416,A00005699,Amine Amine,X665203,31,Bachelor,41 Hay Bernoussi,Mechra Bel Ksiri,,Y,3,Y,Rent
8417,A00000781,Khadija Metouali,Y242157,28,Bachelor,25 Residence Hlioua,El Kelaa des Sraghna,43000.0,Y,2,Y,Rent
8418,A00008289,Meryem El Fassi,P323274,25,Bachelor,39 Avenue Hassan II,Ouarzazate,45000.0,Y,5,Y,Mortgage
8419,A00003058,Jamila Lahlou,X956365,56,MD,20 Rue Hassan II,,,Y,3,Y,Rent
8420,A00005821,Rachida Moufkir ,AG744826,42,PhD,27 Boulevard Hassan II,Rabat,11025.0,Y,4,Y,Own
8421,A00006458,Aziza Bachri,AG607243,43,Bachelor,8 Avenue Hlioua,Rabat,11025.0,Y,4,Y,Own
8422,A00001065,Hajar Mansour,EE414750,61,Masters,22 Avenue Al Qods,Marrakech,40000.0,Y,6,Y,Rent
8423,A00002223,Omar Bennani,EE680341,25,Bachelor,6 Boulevard Centrale,Marrakech,40000.0,Y,5,Y,Mortgage
8424,A00009469,Aya Mansar,AB527473,59,Bachelor,31 Boulevard Hassan II,Sale,11000.0,Y,5,Y,Rent
8425,A00004923,Kawtar Benchikh,X917351,53,Bachelor,30 Lotissement Al Massira,Agdz,,Y,7,Y,Mortgage
8426,A00000266,Ahmed Benali,CC601310,33,College,33 Residence Mohammed V,Fes,30000.0,N,3,Y,Rent
8427,A00009402,Mohamed Dadi,L838116,34,Masters,45 Residence Mohammed V,Tetouan,93000.0,Y,6,Y,Rent
8428,A00001294,Fatima Ezzahra  Jamal,JK900873,52,Bachelor,11 Rue Al Qods,Agadir,80000.0,Y,7,Y,Own
8429,A00003528,Aziza Skalli,X973247,49,,18 Avenue Al Qods,Demnate,,Y,3,Y,Own
8430,A00007012,Othmane Fakhir,X823590,53,High School,19 Lotissement Hlioua,Bir Tam-Tam,,Y,6,Y,Own
8431,A00009451,Ahmed Eddoughmi,L160347,25,Bachelor,32 Rue Al Houda,Tetouan,93000.0,Y,5,Y,Mortgage
8432,A00003035,Hamza Tahiri,F384713,29,Bachelor,41 Rue Al Qods,Oujda,60010.0,Y,7,N,Rent
8433,A00008884,Othmane Salhi,AG688125,63,Bachelor,11 Residence Al Massira,Rabat,11025.0,Y,7,Y,Own
8434,A00002270,Khaoula Tahiri,N854697,60,MD,22 Rue Al Massira,Essaouira,44000.0,Y,2,Y,Mortgage
8435,A00005840,Taha Bennani,X636402,41,Masters,1 Rue Hassan II,Khenichet,,Y,3,Y,Mortgage
8436,A00003448,Hamza Amine,JK605032,28,High School,9 Lotissement El Fadl,Agadir,80000.0,Y,3,Y,Own
8437,A00007998,Kawtar Benali,AB419204,48,Masters,9 Avenue Hassan II,Sale,11000.0,Y,3,Y,Rent
8438,A00002660,Rania Metouali,CC644019,54,PhD,35 Boulevard Zerktouni,Fes,30000.0,Y,5,Y,Mortgage
8439,A00008566,Othmane Oufkir,F791977,40,Bachelor,19 Lotissement Hlioua,Oujda,60010.0,Y,3,Y,Rent
8440,A00006415,Khaoula Fadili,KB996357,51,Bachelor,18 Boulevard Mohammed V,Tanger,90053.0,Y,2,Y,Own
8441,A00005064,Salma Fakhir,X785942,33,Bachelor,11 Residence El Fadl,Moulay Bouazza,,Y,2,Y,Rent
8442,A00000315,Othmane El Yousfi,N458501,51,PhD,41 Rue Bernoussi,Essaouira,44000.0,Y,6,Y,Mortgage
8443,A00007119,Fatima Berrada,AG713071,56,High School,39 Boulevard Centrale,Rabat,11025.0,Y,7,Y,Own
8444,A00008311,Meryem Salhi,X928833,49,High School,11 Residence El Fadl,Moulay Bouazza,,N,5,Y,Mortgage
8445,A00006916,Kaoutar Bennani,X906875,36,Bachelor,9 Lotissement Zerktouni,Sidi Smail,,Y,6,Y,Mortgage
8446,A00001891,Salma El Idrissi,SH384350,34,Bachelor,4 Boulevard El Fadl,Laayoune,70000.0,Y,2,Y,Mortgage
8447,A00000987,Kaoutar El Fassi,R720942,28,Masters,27 Boulevard Zerktouni,El Hoceima,32000.0,Y,6,Y,Mortgage
8448,A00001555,Hajar Amine,EE418877,41,High School,10 Avenue Al Qods,Marrakech,40000.0,Y,5,Y,Own
8449,A00008650,Khaoula Farissi,CC205016,32,Bachelor,43 Hay Bernoussi,Fes,30000.0,Y,3,Y,Rent
8450,A00006691,Malak Fadili,JK603635,57,High School,25 Boulevard Al Qods,Agadir,80000.0,Y,3,Y,Rent
8451,A00005152,Zineb Bachri,P666688,38,Bachelor,33 Residence Bernoussi,Ouarzazate,45000.0,Y,6,Y,Mortgage
8452,A00005462,Ahmed Jamal,X149175,58,High School,19 Rue Bernoussi,Ras El Ma,,Y,6,Y,Own
8453,A00009524,Malak Fakhir,F859356,49,High School,2 Avenue Hlioua,Oujda,60010.0,Y,5,Y,Mortgage
8454,A00007965,Hajar Mansour,JK897370,27,Bachelor,39 Residence Zerktouni,Agadir,80000.0,Y,5,Y,Mortgage
8455,A00008064,Hiba Amine,X935203,31,Bachelor,9 Rue Centrale,Imilchil,,N,2,Y,Rent
8456,A00003329,Noha Skalli,X931878,41,Bachelor,49 Boulevard Al Qods,Fquih Ben Salah,,Y,4,N,Mortgage
8457,A00005723,Malak Benali,P921837,43,MD,17 Rue Salam,Ouarzazate,45000.0,Y,4,Y,Own
8458,A00000604,Jamila Amrani,AB362745,40,High School,19 Hay El Fadl,Sale,11000.0,Y,2,Y,Own
8459,A00007579,Malak Alaoui,AG376428,33,Bachelor,24 Boulevard Hassan II,Rabat,11025.0,N,7,Y,Mortgage
8460,A00003414,Aya Fakhir,FA236407,44,High School,7 Residence Al Qods,Berkane,60300.0,Y,7,Y,Mortgage
8461,A00004250,Jamila Banoune,BJ103287,46,Bachelor,4 Boulevard Al Massira,Casablanca,20220.0,Y,4,Y,Rent
8462,A00003572,Fatima Banoune,DN693576,44,High School,6 Boulevard Salam,Meknes,50010.0,N,5,Y,Mortgage
8463,A00000153,Malak Salhi,X198916,62,Bachelor,40 Avenue Al Houda,Saadia,,N,7,Y,Rent
8464,A00000665,Zineb Skalli,BJ983532,36,High School,9 Avenue Al Houda,Casablanca,20220.0,Y,3,Y,Mortgage
8465,A00005502,Kaoutar Lahlou,CC788414,36,MD,32 Hay Al Massira,Fes,30000.0,Y,5,Y,Mortgage
8466,A00008236,Hajar Radi,AB844526,55,Bachelor,17 Residence El Fadl,Sale,11000.0,Y,7,Y,Mortgage
8467,A00005598,Ahmed Lahlou,L589047,43,High School,14 Boulevard Zerktouni,Tetouan,93000.0,Y,5,Y,Own
8468,A00001338,Salma El Idrissi,G383421,30,Masters,5 Hay Hassan II,Kenitra,14110.0,N,6,Y,Own
8469,A00006882,Youssef Berrada,M491972,63,Bachelor,49 Avenue Al Qods,El Jadida,24010.0,Y,6,Y,Mortgage
8470,A00009255,Hassan Moufkir ,AG742837,51,Bachelor,16 Rue Al Houda,Rabat,11025.0,N,5,Y,Own
8471,A00008345,Jamila Banoune,AB302614,63,Bachelor,9 Rue Zerktouni,Sale,11000.0,Y,2,Y,Mortgage
8472,A00003362,Fatima Bate,L957151,54,Bachelor,14 Residence Al Houda,Tetouan,93000.0,N,7,Y,Own
8473,A00008718,Rachida Radi,DN954218,54,Masters,2 Residence Al Qods,Meknes,50010.0,Y,5,Y,Own
8474,A00004299,Khaoula Eddoughmi,F693403,36,High School,15 Lotissement Al Massira,Oujda,60010.0,Y,5,Y,Own
8475,A00001109,Amine Moufkir ,CC267397,52,Bachelor,43 Hay Al Qods,Fes,30000.0,Y,2,Y,Rent
8476,A00003243,Fatima Metouali,BJ797073,58,Bachelor,40 Lotissement Centrale,Casablanca,20220.0,Y,2,Y,Own
8477,A00008032,Ahmed Moufkir ,X322336,25,Masters,37 Avenue Hassan II,Oulmes,,Y,7,Y,Mortgage
8478,A00007381,Kawtar Radi,KB895426,50,Masters,28 Boulevard Al Massira,Tanger,90053.0,Y,3,Y,Mortgage
8479,A00000619,Mohamed Radi,X665290,44,Bachelor,19 Lotissement Zerktouni,Zaio,,Y,6,Y,Rent
8480,A00007853,Taha Skalli,F455548,51,High School,10 Lotissement Salam,Oujda,60010.0,Y,3,Y,Rent
8481,A00003755,Adam Benali,L890012,63,Bachelor,7 Hay Al Massira,Tetouan,93000.0,N,5,Y,Rent
8482,A00000489,Aziza Amine,JK446582,36,Masters,13 Residence Zerktouni,Agadir,80000.0,Y,4,Y,Own
8483,A00000677,Yahya Mansar,M777864,63,Bachelor,3 Lotissement Al Massira,El Jadida,24010.0,Y,6,Y,Mortgage
8484,A00002975,Hamza Jamal,GK345448,47,Bachelor,41 Avenue Bernoussi,Sidi Kacem,16000.0,Y,2,Y,Rent
8485,A00000827,Mohammed Amine Amrani,KB294043,26,,37 Boulevard Centrale,Tanger,90053.0,N,5,Y,Own
8486,A00008094,Hajar Amrani,JK760381,51,Bachelor,26 Avenue Hassan II,Agadir,80000.0,Y,4,Y,Own
8487,A00009201,Taha Amine,EE393295,39,High School,20 Hay Al Houda,Marrakech,40000.0,Y,6,Y,Mortgage
8488,A00001846,Othmane Berrada,L127355,40,Bachelor,29 Hay El Fadl,Tetouan,93000.0,Y,2,Y,Own
8489,A00000368,Yahya Ouazzani,X741496,32,High School,48 Hay Hlioua,Ait Melloul,,Y,4,Y,Rent
8490,A00001172,Adam Farissi,P535058,51,High School,39 Avenue Hassan II,Ouarzazate,45000.0,Y,5,Y,Rent
8491,A00009297,Rachida Moufkir ,F581135,60,Masters,7 Avenue Al Houda,Oujda,60010.0,Y,4,Y,Own
8492,A00006245,Ahmed Salhi,SH654492,29,High School,46 Residence Centrale,Laayoune,70000.0,N,3,Y,Own
8493,A00001568,Hamza Mansour,JK657120,48,Masters,31 Hay Al Massira,Agadir,80000.0,Y,5,Y,Rent
8494,A00003283,Kawtar Metouali,X430075,32,Bachelor,2 Hay Salam,Kerrouchen,,Y,6,Y,Mortgage
8495,A00009775,Fatima Ouazzani,F618739,37,Masters,6 Avenue Zerktouni,Oujda,60010.0,Y,2,Y,Mortgage
8496,A00006781,Yahya Bennani,CC155016,55,Bachelor,12 Avenue Mohammed V,Fes,30000.0,Y,3,Y,Mortgage
8497,A00006117,Mohamed Banoune,CC614045,44,MD,27 Residence Zerktouni,Fes,30000.0,Y,7,Y,Own
8498,A00001920,Othmane Moufkir ,HH755510,36,Bachelor,45 Boulevard Bernoussi,Safi,46000.0,Y,2,Y,Own
8499,A00008194,Hajar Metouali,X876475,57,High School,3 Hay Bernoussi,Tazart,,N,7,Y,Mortgage
8500,A00004188,Adam Fakhir,P242548,33,,46 Residence Zerktouni,Ouarzazate,45000.0,Y,3,Y,Own
8501,A00002492,Aya Bennani,L749208,52,College,25 Avenue Mohammed V,Tetouan,93000.0,Y,5,Y,Own
8502,A00001750,Hamza Fakhir,X515594,34,Bachelor,10 Hay Zerktouni,Krouchen,,N,6,Y,Mortgage
8503,A00003209,Fatima Ezzahra  Metouali,X196121,52,PhD,10 Avenue Al Houda,Fam El Hisn,,Y,7,Y,Mortgage
8504,A00003792,Salma Mansar,N938975,27,Bachelor,47 Avenue Zerktouni,Essaouira,44000.0,Y,2,Y,Own
8505,A00006624,Omar Fadili,X822421,53,High School,25 Rue Al Houda,Sidi Mohamed Lahmar,,Y,5,Y,Own
8506,A00006044,Noha Radi,AB439776,62,Bachelor,38 Hay Hassan II,Sale,11000.0,N,3,Y,Rent
8507,A00006797,Othmane Amine,BJ574010,39,Bachelor,36 Boulevard Salam,Casablanca,20220.0,N,2,Y,Mortgage
8508,A00007526,Omar Banoune,G688088,46,Bachelor,44 Avenue Al Houda,Kenitra,14110.0,Y,4,Y,Rent
8509,A00008310,Amine El Idrissi,L350201,63,PhD,48 Rue Mohammed V,Tetouan,93000.0,Y,3,Y,Rent
8510,A00009392,Rachida Barghoud,M541580,25,Masters,10 Residence El Fadl,El Jadida,24010.0,Y,7,Y,Mortgage
8511,A00005224,Mohammed Amine El Fassi,G747212,43,Masters,29 Lotissement Hassan II,Kenitra,14110.0,Y,2,Y,Mortgage
8512,A00008897,Hassan Dadi,JK436864,39,Bachelor,47 Lotissement Mohammed V,Agadir,80000.0,Y,4,Y,Own
8513,A00005280,Kawtar Farissi,DA669633,47,College,8 Boulevard Mohammed V,Azrou,53100.0,Y,5,Y,Mortgage
8514,A00003632,Rania Salhi,L379756,40,Masters,23 Hay Hlioua,Tetouan,93000.0,Y,7,Y,Rent
8515,A00000453,Omar Tazi,X687834,47,Bachelor,6 Lotissement Hassan II,Ksar El Kebir,,Y,7,Y,Mortgage
8516,A00002891,Kawtar Dadi,X278434,48,College,21 Boulevard Hlioua,Er-Rich,,Y,6,Y,Rent
8517,A00001035,Salma Ouazzani,L524938,52,High School,1 Lotissement Al Houda,Tetouan,93000.0,Y,7,Y,Rent
8518,A00007712,Malak Alaoui,CC877222,54,High School,49 Boulevard Salam,Fes,30000.0,Y,4,Y,Own
8519,A00001121,Mohamed Bachri,AB557613,51,MD,38 Avenue Al Houda,Sale,11000.0,Y,4,Y,Rent
8520,A00005686,Youssef Tahiri,BJ992616,36,Bachelor,27 Avenue Salam,Casablanca,20220.0,Y,3,Y,Rent
8521,A00007924,Youssef Benali,CC921128,39,College,43 Avenue Al Houda,Fes,30000.0,Y,6,Y,Own
8522,A00002420,Malak Barghoud,X396385,34,Masters,20 Rue Al Massira,Khourubga,25000.0,Y,5,Y,Own
8523,A00004906,Amine Tazi,X616120,44,High School,49 Residence Hlioua,El Ksiba,,Y,2,Y,Own
8524,A00006701,Khadija Eddoughmi,JK406419,32,College,43 Lotissement Hlioua,Agadir,80000.0,N,3,Y,Rent
8525,A00008054,Hajar Fadili,M442657,57,Bachelor,19 Avenue El Fadl,El Jadida,24010.0,Y,5,Y,Mortgage
8526,A00005975,Omar Mansour,BJ471028,29,Bachelor,32 Boulevard Mohammed V,Casablanca,20220.0,Y,6,Y,Mortgage
8527,A00006394,Mohammed Amine El Idrissi,X992254,50,Bachelor,10 Boulevard Zerktouni,Boufakrane,,N,4,Y,Mortgage
8528,A00000189,Fatima Mansar,EE256891,60,,49 Boulevard Bernoussi,Marrakech,40000.0,N,3,Y,Own
8529,A00002045,Noha Tahiri,DN651041,42,PhD,34 Boulevard Al Massira,Meknes,50010.0,Y,5,Y,Own
8530,A00001635,Aya Tazi,G395018,28,MD,1 Avenue Centrale,Kenitra,14110.0,Y,4,Y,Own
8531,A00000828,Aya Fadili,AG515199,64,High School,49 Avenue Al Massira,Rabat,11025.0,N,6,Y,Mortgage
8532,A00004850,Mohammed Amine Fadili,X761216,62,High School,37 Hay Zerktouni,Taounate,,Y,4,N,Rent
8533,A00006626,Aya Moufkir ,BJ383439,64,College,42 Boulevard Salam,Casablanca,20220.0,Y,5,Y,Mortgage
8534,A00004533,Zineb Oufkir,X714348,38,High School,3 Hay Al Qods,Missour,,Y,3,Y,Own
8535,A00002649,Omar Oufkir,AG958339,62,PhD,11 Lotissement Hassan II,Rabat,11025.0,Y,7,Y,Rent
8536,A00008910,Adam El Yousfi,KB192673,38,Bachelor,12 Rue El Fadl,Tanger,90053.0,Y,6,Y,Own
8537,A00008432,Omar Dadi,JK832882,48,High School,27 Boulevard Centrale,Agadir,80000.0,Y,5,Y,Rent
8538,A00000540,Hajar Mansour,P913176,45,Masters,26 Hay Zerktouni,Ouarzazate,45000.0,Y,6,Y,Mortgage
8539,A00009978,Malak Benali,JK772568,63,Bachelor,31 Hay Al Massira,Agadir,80000.0,N,7,N,Rent
8540,A00009346,Omar Fadili,X676622,35,MD,35 Hay Bernoussi,Sidi Redouane,,Y,7,Y,Own
8541,A00004595,Noha Alaoui,EE901219,33,College,42 Avenue El Fadl,Marrakech,40000.0,N,6,N,Rent
8542,A00003932,Yahya Mansar,F961817,33,College,40 Hay El Fadl,Oujda,60010.0,Y,2,Y,Mortgage
8543,A00002864,Youssef El Fassi,P968735,49,Bachelor,37 Lotissement Bernoussi,Ouarzazate,45000.0,N,7,Y,Rent
8544,A00003093,Rania Tahiri,ZG250117,54,Masters,8 Residence Hlioua,Guercif,37000.0,Y,2,N,Mortgage
8545,A00008818,Taha Dadi,KB804174,36,College,31 Lotissement Mohammed V,Tanger,90053.0,Y,7,Y,Own
8546,A00004499,Youssef Barghoud,DN346996,27,Bachelor,44 Boulevard Mohammed V,Meknes,50010.0,Y,6,Y,Mortgage
8547,A00008895,Amine Amrani,BJ823490,26,Masters,2 Boulevard Zerktouni,Casablanca,20220.0,N,6,Y,Mortgage
8548,A00003518,Zineb Moufkir ,HH446790,34,Bachelor,18 Avenue Salam,Safi,46000.0,Y,3,Y,Rent
8549,A00003261,Meryem Farissi,X190557,56,Masters,47 Rue Mohammed V,Imouzzer,,Y,3,Y,Mortgage
8550,A00005597,Khaoula Kibala,AB461663,55,High School,41 Boulevard Al Qods,Sale,11000.0,N,7,Y,Own
8551,A00000340,Omar Bate,DN738421,62,College,48 Hay Al Houda,Meknes,50010.0,Y,7,Y,Mortgage
8552,A00003957,Omar Lahlou,EE399621,26,Masters,43 Boulevard Centrale,Marrakech,40000.0,Y,2,Y,Mortgage
8553,A00007879,Kaoutar Oufkir,X853207,26,Bachelor,21 Lotissement Mohammed V,,,N,7,Y,Rent
8554,A00001329,Fatima Ezzahra  Bennani,KB609318,39,Masters,3 Residence Salam,Tanger,90053.0,N,6,Y,Own
8555,A00002148,Khaoula Lahlou,X507521,26,Bachelor,41 Residence Hassan II,Sebaa Aiyoun,,N,4,Y,Own
8556,A00000167,Yahya Kibala,X582591,36,Bachelor,29 Boulevard Centrale,Midar,,Y,7,Y,Own
8557,A00000172,Aya Salhi,X319418,44,High School,28 Lotissement Hassan II,Driouch,,Y,5,Y,Mortgage
8558,A00001894,Othmane Bate,L384990,47,High School,16 Residence Salam,Tetouan,93000.0,Y,3,Y,Own
8559,A00008144,Meryem Bate,X525969,31,PhD,16 Hay Al Massira,Ras El Ma,,Y,5,Y,Rent
8560,A00003980,Rachida Amine,GK986519,62,High School,28 Rue Al Houda,Sidi Kacem,16000.0,Y,4,Y,Mortgage
8561,A00003542,Hiba Eddoughmi,X728306,64,MD,38 Lotissement Bernoussi,Bouarfa,,Y,7,Y,Rent
8562,A00008492,Hassan Berrada,DN720783,63,High School,48 Hay Mohammed V,Meknes,50010.0,N,2,Y,Mortgage
8563,A00006859,Youssef Fakhir,X961816,49,Bachelor,33 Rue Hassan II,Shoul,,N,3,Y,Own
8564,A00003459,Hajar Oufkir,AG677551,44,Masters,14 Lotissement Hassan II,Rabat,11025.0,N,4,N,Mortgage
8565,A00004181,Mohamed Benali,EA776481,25,Masters,1 Avenue Al Houda,Ben Guerir,43150.0,Y,2,N,Mortgage
8566,A00004788,Khaoula Moufkir ,AG911193,54,Bachelor,47 Hay Hassan II,Rabat,11025.0,Y,4,Y,Mortgage
8567,A00008887,Hiba Berrada,L868569,54,MD,15 Hay Mohammed V,Tetouan,93000.0,Y,7,Y,Mortgage
8568,A00004646,Salma El Idrissi,X768721,55,College,35 Avenue Al Qods,El Marsa,,Y,7,Y,Mortgage
8569,A00003484,Fatima Ezzahra  El Yousfi,L223377,42,PhD,24 Avenue Mohammed V,Tetouan,93000.0,Y,5,N,Own
8570,A00008209,Jamila Skalli,W309354,61,Bachelor,46 Residence Al Houda,Settat,26000.0,Y,7,Y,Rent
8571,A00002091,Khaoula Dadi,R193560,63,Bachelor,27 Lotissement Salam,El Hoceima,32000.0,N,7,Y,Own
8572,A00006874,Malak Bate,AG923731,61,,34 Hay Zerktouni,Rabat,11025.0,Y,2,Y,Mortgage
8573,A00008969,Omar El Yousfi,X591492,55,College,24 Rue Al Houda,Asilah,,Y,2,Y,Rent
8574,A00008596,Kaoutar Bennani,JK736445,49,High School,38 Avenue Centrale,Agadir,80000.0,Y,4,Y,Own
8575,A00000396,Salma Mansar,X755595,49,College,14 Residence Mohammed V,Zag,,Y,4,Y,Own
8576,A00004592,Fatima Ezzahra  Mansour,CC818321,45,High School,41 Residence Centrale,Fes,30000.0,Y,6,Y,Mortgage
8577,A00003995,Malak Fadili,AG463597,57,High School,42 Avenue Al Massira,Rabat,11025.0,Y,2,Y,Rent
8578,A00003782,Fatima Bate,KB134587,52,Bachelor,12 Rue Mohammed V,Tanger,90053.0,Y,3,Y,Mortgage
8579,A00002097,Fatima Ezzahra  Kibala,SH809113,61,College,39 Rue Bernoussi,Laayoune,70000.0,Y,7,N,Own
8580,A00002258,Khaoula Ouazzani,AB627100,51,Bachelor,13 Hay El Fadl,Sale,11000.0,N,4,Y,Mortgage
8581,A00009075,Othmane Benali,AG850809,43,Masters,26 Boulevard Al Qods,Rabat,11025.0,Y,6,Y,Mortgage
8582,A00004713,Fatima Oufkir,P189717,51,Bachelor,7 Lotissement Al Houda,Ouarzazate,45000.0,N,5,Y,Rent
8583,A00004714,Yahya Mansar,DN196150,33,College,44 Hay Bernoussi,Meknes,50010.0,Y,6,N,Mortgage
8584,A00001047,Khadija Eddoughmi,DN353586,56,High School,28 Boulevard Al Houda,Meknes,50010.0,N,5,Y,Mortgage
8585,A00006406,Noha Mansar,L333438,58,Bachelor,28 Lotissement Mohammed V,Tetouan,93000.0,N,3,Y,Rent
8586,A00002030,Omar Lahlou,EE861801,58,Bachelor,6 Residence Zerktouni,Marrakech,40000.0,Y,3,Y,Own
8587,A00008270,Adam Benali,BJ979481,44,Bachelor,37 Boulevard Mohammed V,Casablanca,20220.0,N,3,Y,Mortgage
8588,A00004575,Mohamed Mansar,L198832,53,Masters,24 Hay Hlioua,Tetouan,93000.0,Y,4,Y,Mortgage
8589,A00000442,Omar Oufkir,EE879691,60,PhD,20 Lotissement Bernoussi,Marrakech,40000.0,Y,7,Y,Own
8590,A00002008,Omar El Idrissi,W883538,58,Masters,9 Avenue Centrale,Settat,26000.0,N,4,Y,Own
8591,A00001194,Mohamed Amrani,DN981300,40,Bachelor,29 Rue Al Houda,Meknes,50010.0,Y,6,Y,Mortgage
8592,A00001325,Khadija Tahiri,G189483,36,College,3 Boulevard Mohammed V,Kenitra,14110.0,N,6,Y,Rent
8593,A00000456,Zineb Lahlou,OD577864,57,Bachelor,30 Rue Zerktouni,Dakhla,73000.0,Y,7,Y,Mortgage
8594,A00005999,Zineb Fadili,G609014,59,Bachelor,47 Boulevard Al Houda,Kenitra,14110.0,Y,5,Y,Own
8595,A00007888,Zineb Benchikh,CC560114,30,Bachelor,43 Hay Bernoussi,Fes,30000.0,Y,6,Y,Own
8596,A00004459,Othmane Benali,F539856,35,Bachelor,30 Avenue Zerktouni,Oujda,60010.0,Y,6,Y,Mortgage
8597,A00004578,Khadija Bachri,X457554,44,,7 Boulevard Bernoussi,Ain Dfali,,Y,2,Y,Mortgage
8598,A00002851,Khadija Bachri,L168959,63,,42 Lotissement El Fadl,Tetouan,93000.0,Y,6,Y,Mortgage
8599,A00006544,Othmane Amrani,X393584,38,College,27 Rue Al Houda,Oulad Teima,,N,6,Y,Mortgage
8600,A00003109,Kawtar Amrani,CB838027,50,PhD,40 Lotissement Hlioua,Sefrou,31000.0,N,3,Y,Mortgage
8601,A00006843,Aziza Eddoughmi,DB701028,28,High School,2 Lotissement Bernoussi,Ifrane,53000.0,N,3,Y,Own
8602,A00004753,Rachida Moufkir ,KB850183,61,Bachelor,37 Boulevard Centrale,Tanger,90053.0,N,2,Y,Rent
8603,A00009208,Khadija Tahiri,G803088,57,College,13 Boulevard Al Massira,Kenitra,14110.0,Y,3,Y,Mortgage
8604,A00007127,Fatima Mansar,AB455174,53,High School,49 Lotissement Salam,Sale,11000.0,Y,6,Y,Own
8605,A00004130,Hamza Tazi,X579646,53,,33 Residence Salam,Sidi Bou Othmane,,Y,5,N,Mortgage
8606,A00006273,Hajar Eddoughmi,X596343,60,Masters,40 Avenue Al Massira,Ras El Ma,,Y,4,Y,Mortgage
8607,A00009442,Hiba Bate,JK889743,52,Bachelor,23 Avenue Hassan II,Agadir,80000.0,Y,7,Y,Rent
8608,A00001441,Aya Amine,X220354,64,Bachelor,29 Lotissement Mohammed V,Anergui,,N,7,Y,Mortgage
8609,A00000984,Omar Farissi,AG754400,45,College,31 Lotissement Mohammed V,Rabat,11025.0,Y,6,Y,Mortgage
8610,A00009618,Omar Amrani,JK953092,34,College,39 Lotissement El Fadl,Agadir,80000.0,Y,3,Y,Mortgage
8611,A00002521,Amine Amrani,AG704914,44,Bachelor,21 Avenue Hlioua,Rabat,11025.0,Y,4,Y,Mortgage
8612,A00006087,Noha Amine,X755567,58,High School,10 Residence Hlioua,Ras El Ma,,Y,5,Y,Own
8613,A00006155,Zineb Jamal,X738552,45,High School,22 Avenue Hlioua,Khourubga,25000.0,Y,7,Y,Rent
8614,A00003876,Malak Alaoui,AB960824,44,Bachelor,32 Lotissement Hlioua,Sale,11000.0,N,2,Y,Rent
8615,A00009437,Youssef Ouazzani,KB252922,25,MD,21 Residence Zerktouni,Tanger,90053.0,N,7,Y,Rent
8616,A00002280,Khaoula Jamal,BJ797963,55,High School,9 Hay Al Qods,Casablanca,20220.0,Y,5,Y,Own
8617,A00008576,Khaoula Benchikh,KB412776,36,PhD,9 Residence Mohammed V,Tanger,90053.0,Y,5,Y,Mortgage
8618,A00008833,Fatima Banoune,AB885432,61,Bachelor,20 Lotissement Al Qods,Sale,11000.0,Y,4,Y,Rent
8619,A00004200,Hamza Jamal,AG291302,50,Bachelor,34 Hay Al Houda,Rabat,11025.0,Y,5,Y,Mortgage
8620,A00008928,Youssef Berrada,L957937,60,Bachelor,15 Rue Al Massira,Tetouan,93000.0,Y,3,Y,Mortgage
8621,A00006217,Hamza Moufkir ,CC353141,53,High School,23 Residence Mohammed V,Fes,30000.0,Y,3,Y,Own
8622,A00005121,Othmane Eddoughmi,P925003,32,PhD,39 Avenue El Fadl,Ouarzazate,45000.0,Y,7,Y,Mortgage
8623,A00004241,Hiba Eddoughmi,AG326079,44,College,33 Hay Salam,Rabat,11025.0,Y,7,Y,Rent
8624,A00004036,Adam El Fassi,JK813050,38,Bachelor,18 Avenue El Fadl,Agadir,80000.0,Y,5,Y,Rent
8625,A00000597,Mohamed Tazi,AB710001,35,Bachelor,27 Lotissement Al Houda,Sale,11000.0,N,5,Y,Rent
8626,A00008803,Hajar Salhi,BJ356511,32,MD,37 Boulevard Mohammed V,Casablanca,20220.0,N,2,Y,Rent
8627,A00001769,Jamila Amine,M248094,51,,24 Residence Al Qods,El Jadida,24010.0,Y,3,Y,Mortgage
8628,A00005869,Khaoula Eddoughmi,R546057,43,,29 Avenue El Fadl,El Hoceima,32000.0,N,6,Y,Mortgage
8629,A00005989,Zineb Bachri,X547013,44,Bachelor,15 Hay Bernoussi,Dar Gueddari,,N,6,Y,Own
8630,A00008881,Omar Ouazzani,JK463563,58,High School,6 Boulevard Hlioua,Agadir,80000.0,N,6,Y,Mortgage
8631,A00008193,Zineb Mansour,X701028,31,High School,7 Rue Zerktouni,Mediouna,,Y,6,Y,Own
8632,A00002876,Meryem Salhi,EE538256,62,Bachelor,5 Avenue Mohammed V,Marrakech,40000.0,Y,4,Y,Own
8633,A00001938,Aziza Lahlou,M107732,41,High School,34 Hay Al Qods,El Jadida,24010.0,Y,6,N,Rent
8634,A00003498,Othmane Jamal,DN796274,56,Bachelor,6 Hay Al Massira,Meknes,50010.0,Y,2,Y,Rent
8635,A00007258,Fatima Moufkir ,F795905,26,Masters,47 Avenue Salam,Oujda,60010.0,Y,7,Y,Own
8636,A00002924,Mohamed Bate,X302462,47,Bachelor,46 Hay Bernoussi,Boujniba,,Y,6,Y,Mortgage
8637,A00005874,Meryem Salhi,F237878,38,Masters,48 Boulevard Bernoussi,Oujda,60010.0,N,7,Y,Own
8638,A00000975,Ahmed Jamal,N926364,30,Bachelor,47 Boulevard Zerktouni,Essaouira,44000.0,N,7,Y,Mortgage
8639,A00000739,Hamza Lahlou,EE529414,49,,2 Residence Mohammed V,Marrakech,40000.0,Y,3,Y,Rent
8640,A00002922,Hiba Barghoud,X531864,46,High School,42 Avenue Salam,Krouchen,,N,6,Y,Rent
8641,A00005739,Yahya Amine,DN275157,46,High School,46 Lotissement Al Qods,Meknes,50010.0,Y,2,Y,Rent
8642,A00003107,Mohamed Barghoud,M890490,34,Bachelor,7 Lotissement Al Houda,El Jadida,24010.0,Y,7,Y,Rent
8643,A00007931,Hiba Banoune,X161767,62,College,37 Residence Al Massira,Imouzzer,,Y,7,Y,Mortgage
8644,A00005005,Hiba Tahiri,EE194605,55,Bachelor,8 Boulevard Zerktouni,Marrakech,40000.0,Y,2,Y,Mortgage
8645,A00000435,Yahya Bennani,JK773932,38,High School,9 Residence Al Qods,Agadir,80000.0,N,3,Y,Own
8646,A00002013,Kaoutar Mansar,X700163,33,MD,15 Boulevard Bernoussi,Skhirat,,N,4,Y,Rent
8647,A00007452,Hiba Eddoughmi,AB177491,30,Bachelor,35 Hay Bernoussi,Sale,11000.0,N,6,Y,Rent
8648,A00001210,Khadija Benali,JE819818,61,,25 Avenue Salam,Tiznit,85000.0,Y,5,Y,Mortgage
8649,A00006823,Hamza Oufkir,FA113524,50,College,28 Lotissement El Fadl,Berkane,60300.0,N,3,Y,Own
8650,A00003798,Taha El Idrissi,CC719912,26,Bachelor,19 Lotissement Al Houda,Fes,30000.0,Y,4,Y,Own
8651,A00001164,Taha Bachri,F135143,49,High School,28 Rue El Fadl,Oujda,60010.0,Y,4,Y,Rent
8652,A00009585,Hajar Fadili,JK465704,27,Bachelor,49 Boulevard Hlioua,Agadir,80000.0,Y,5,Y,Own
8653,A00006356,Khadija Berrada,F246889,62,High School,37 Hay Centrale,Oujda,60010.0,N,4,Y,Rent
8654,A00006493,Khadija Tazi,AB411487,58,Bachelor,8 Boulevard Centrale,Sale,11000.0,Y,6,Y,Own
8655,A00008533,Taha Amrani,AG376720,35,,46 Hay El Fadl,Rabat,11025.0,N,2,Y,Rent
8656,A00007809,Salma Benali,X616203,58,High School,10 Lotissement Hassan II,Ain Harrouda,,Y,4,N,Own
8657,A00007867,Rachida Benchikh,EE443843,37,High School,10 Residence Mohammed V,Marrakech,40000.0,Y,6,Y,Rent
8658,A00002576,Amine Moufkir ,KB125776,32,Bachelor,39 Boulevard Al Massira,Tanger,90053.0,Y,3,Y,Mortgage
8659,A00000791,Hamza Amine,X777944,63,Bachelor,34 Residence Centrale,Tafraout,,Y,2,Y,Rent
8660,A00000179,Malak Mansour,L425858,41,Bachelor,12 Boulevard Mohammed V,Tetouan,93000.0,Y,3,Y,Own
8661,A00000895,Omar Mansour,G464291,51,PhD,48 Lotissement Hassan II,Kenitra,14110.0,Y,2,Y,Rent
8662,A00003034,Salma Fakhir,EE437607,25,College,41 Residence Salam,Marrakech,40000.0,Y,7,Y,Rent
8663,A00004019,Fatima Ezzahra  Bennani,F324784,61,High School,14 Rue Al Massira,Oujda,60010.0,Y,2,N,Rent
8664,A00002240,Mohamed Amine,L405157,40,Bachelor,15 Lotissement Al Massira,Tetouan,93000.0,N,5,Y,Rent
8665,A00007895,Adam Lahlou,X499283,26,,27 Hay Centrale,Youssoufia,,Y,4,Y,Rent
8666,A00005569,Jamila Mansar,AG554692,55,Masters,19 Boulevard Hlioua,Rabat,11025.0,Y,5,Y,Mortgage
8667,A00004263,Fatima Radi,N388308,50,Bachelor,28 Avenue Al Massira,Essaouira,44000.0,Y,4,Y,Rent
8668,A00002080,Youssef Farissi,Y242274,25,High School,47 Lotissement Hassan II,El Kelaa des Sraghna,43000.0,N,4,N,Rent
8669,A00001245,Hassan Berrada,JK510716,52,College,33 Residence Al Massira,Agadir,80000.0,N,4,Y,Mortgage
8670,A00006937,Rania Banoune,X793023,31,Bachelor,32 Avenue Salam,Sidi Tiet,,Y,6,Y,Mortgage
8671,A00004538,Zineb Bennani,AB918490,32,College,7 Hay Centrale,Sale,11000.0,Y,7,Y,Rent
8672,A00002173,Omar Skalli,X790967,53,Bachelor,31 Lotissement Zerktouni,Bab Berred,,N,6,Y,Rent
8673,A00006191,Noha Berrada,L305031,34,College,45 Residence Hlioua,Tetouan,93000.0,Y,2,N,Mortgage
8674,A00002526,Fatima Banoune,G797558,35,PhD,23 Boulevard Al Houda,Kenitra,14110.0,Y,6,N,Mortgage
8675,A00009479,Hassan Moufkir ,X763612,53,Bachelor,28 Rue Hlioua,Khourubga,25000.0,Y,5,Y,Own
8676,A00005693,Hiba Fakhir,L110712,39,Bachelor,35 Avenue Centrale,Tetouan,93000.0,Y,4,Y,Mortgage
8677,A00008720,Taha Salhi,X732941,39,Masters,39 Hay Al Massira,Tounfite,,Y,4,Y,Own
8678,A00004743,Rachida Metouali,AB600747,52,Masters,11 Avenue Salam,Sale,11000.0,Y,7,Y,Rent
8679,A00002991,Aya Eddoughmi,BJ114769,60,High School,9 Avenue Hlioua,Casablanca,20220.0,N,6,Y,Rent
8680,A00001582,Fatima Tahiri,X302683,39,Masters,14 Lotissement El Fadl,Tinjdad,,Y,6,Y,Mortgage
8681,A00001979,Hamza Skalli,KB296788,38,High School,12 Residence Zerktouni,Tanger,90053.0,Y,6,Y,Rent
8682,A00006346,Youssef Bennani,DN867879,47,Bachelor,48 Hay Mohammed V,Meknes,50010.0,Y,4,Y,Mortgage
8683,A00007401,Taha Moufkir ,AG239831,28,Bachelor,43 Rue Hassan II,Rabat,11025.0,Y,7,Y,Rent
8684,A00001853,Hamza Skalli,KB361948,44,Bachelor,47 Boulevard Al Massira,Tanger,90053.0,Y,6,Y,Mortgage
8685,A00005371,Khadija Bennani,X229888,62,Bachelor,18 Avenue Al Houda,Ksar El Kebir,,N,7,Y,Rent
8686,A00005354,Hajar Fadili,AB303700,63,Bachelor,30 Lotissement Zerktouni,Sale,11000.0,Y,3,Y,Mortgage
8687,A00004289,Khadija Farissi,W284495,47,Bachelor,7 Boulevard El Fadl,Settat,26000.0,Y,6,Y,Own
8688,A00004674,Hiba Amine,BJ524384,36,Bachelor,1 Residence Al Massira,Casablanca,20220.0,Y,5,Y,Own
8689,A00001316,Zineb Fakhir,CC291258,47,Bachelor,49 Avenue Al Houda,Fes,30000.0,Y,5,Y,Mortgage
8690,A00002175,Kawtar Fadili,X441801,35,College,30 Hay Salam,Boudinar,,Y,4,Y,Own
8691,A00000535,Khadija Farissi,KB988633,26,PhD,28 Residence Salam,Tanger,90053.0,Y,6,Y,Mortgage
8692,A00007515,Khaoula Tahiri,EE649947,32,High School,4 Residence El Fadl,Marrakech,40000.0,Y,7,Y,Mortgage
8693,A00005694,Kaoutar Kibala,EE156262,50,Masters,27 Avenue Hassan II,Marrakech,40000.0,N,4,Y,Mortgage
8694,A00003177,Meryem Fadili,X849471,59,High School,25 Lotissement Zerktouni,Ras El Ma,,Y,7,Y,Own
8695,A00008464,Khadija Bennani,X972780,52,Bachelor,26 Residence Mohammed V,Ras El Ma,,Y,3,Y,Own
8696,A00008046,Othmane Farissi,DN350054,54,,23 Hay Zerktouni,Meknes,50010.0,Y,3,Y,Rent
8697,A00007717,Taha Mansour,N786167,41,High School,5 Avenue Hlioua,Essaouira,44000.0,N,2,Y,Own
8698,A00005676,Taha Amrani,F575810,31,Bachelor,22 Hay Zerktouni,Oujda,60010.0,Y,2,Y,Rent
8699,A00001004,Khaoula Benali,LA321113,26,Bachelor,46 Residence Mohammed V,Larache,92000.0,N,6,Y,Mortgage
8700,A00005074,Aya Banoune,N956598,45,Bachelor,49 Rue Al Houda,Essaouira,44000.0,Y,5,Y,Rent
8701,A00001737,Khadija Bate,EE459104,50,Masters,23 Lotissement Salam,Marrakech,40000.0,Y,2,Y,Mortgage
8702,A00005124,Hajar Jamal,G802086,32,High School,23 Lotissement Zerktouni,Kenitra,14110.0,N,2,Y,Own
8703,A00000220,Malak Eddoughmi,BJ838895,47,College,4 Boulevard Mohammed V,Casablanca,20220.0,N,7,Y,Rent
8704,A00000063,Aya Fakhir,L657328,31,MD,49 Boulevard Bernoussi,Tetouan,93000.0,N,4,Y,Mortgage
8705,A00006210,Yahya Benchikh,EE621517,49,Bachelor,21 Lotissement El Fadl,Marrakech,40000.0,Y,5,Y,Own
8706,A00003052,Mohamed Alaoui,DN446688,27,Bachelor,48 Boulevard Al Massira,Meknes,50010.0,Y,4,Y,Mortgage
8707,A00004114,Kawtar Bachri,CC103383,55,PhD,2 Avenue Centrale,Fes,30000.0,Y,4,Y,Own
8708,A00005414,Omar Bachri,SH451037,55,High School,4 Boulevard El Fadl,Laayoune,70000.0,Y,4,Y,Rent
8709,A00000861,Youssef Oufkir,X662927,31,Bachelor,36 Residence Hassan II,Zeghanghane,,Y,2,Y,Rent
8710,A00007309,Aziza Berrada,HH975221,62,High School,6 Avenue Al Houda,Safi,46000.0,N,4,Y,Own
8711,A00009220,Kawtar Mansar,BJ831317,27,Bachelor,15 Boulevard Al Houda,Casablanca,20220.0,N,7,Y,Rent
8712,A00004716,Hajar Lahlou,X102815,38,High School,34 Hay Bernoussi,Khourubga,25000.0,Y,2,N,Own
8713,A00000824,Omar Metouali,W264235,38,MD,46 Residence Al Houda,Settat,26000.0,Y,2,Y,Own
8714,A00008893,Salma Mansar,X738448,33,Bachelor,10 Lotissement Bernoussi,,,N,3,Y,Own
8715,A00005980,Fatima Ezzahra  Amine,CC493004,41,Bachelor,14 Lotissement El Fadl,Fes,30000.0,N,5,Y,Own
8716,A00007017,Jamila Fadili,EE526515,44,Bachelor,38 Hay Salam,Marrakech,40000.0,Y,4,Y,Mortgage
8717,A00007219,Khaoula Benali,X157390,59,Bachelor,24 Lotissement Mohammed V,Fair Haven,,Y,4,Y,Own
8718,A00000777,Meryem Barghoud,BJ716347,53,Bachelor,23 Hay Al Massira,Casablanca,20220.0,Y,2,Y,Mortgage
8719,A00003400,Meryem Lahlou,EE564749,36,College,40 Boulevard El Fadl,Marrakech,40000.0,Y,6,Y,Own
8720,A00009171,Othmane Farissi,JK814732,30,High School,15 Lotissement Salam,Agadir,80000.0,N,7,N,Own
8721,A00006203,Hajar Farissi,N580304,43,Bachelor,36 Rue Al Qods,Essaouira,44000.0,Y,6,Y,Mortgage
8722,A00004055,Malak Banoune,F798768,28,Bachelor,35 Boulevard Mohammed V,Oujda,60010.0,Y,5,Y,Own
8723,A00000553,Hiba Salhi,Y776622,56,Bachelor,9 Boulevard Bernoussi,El Kelaa des Sraghna,43000.0,Y,3,Y,Rent
8724,A00007423,Othmane Fadili,F191690,62,Bachelor,49 Boulevard Bernoussi,Oujda,60010.0,Y,2,Y,Mortgage
8725,A00003829,Noha Dadi,X147079,26,,17 Lotissement Bernoussi,Boumalne Dades,,Y,5,Y,Rent
8726,A00004908,Fatima Oufkir,AG119034,64,Bachelor,2 Rue Al Massira,Rabat,11025.0,Y,5,Y,Mortgage
8727,A00002109,Mohammed Amine Mansour,M131326,56,Bachelor,36 Rue Al Qods,El Jadida,24010.0,N,2,Y,Mortgage
8728,A00006756,Fatima Ezzahra  Kibala,X890171,35,Bachelor,4 Boulevard Zerktouni,Oulad Jamaa,,Y,4,N,Mortgage
8729,A00004053,Mohammed Amine El Idrissi,EE117133,28,Bachelor,30 Hay El Fadl,Marrakech,40000.0,Y,4,N,Rent
8730,A00000391,Salma Tazi,EE966014,48,Bachelor,24 Rue Hassan II,Marrakech,40000.0,Y,3,Y,Mortgage
8731,A00005385,Yahya Kibala,N922054,50,High School,14 Hay Hlioua,Essaouira,44000.0,Y,5,Y,Rent
8732,A00002064,Hajar Tahiri,VA217103,30,High School,34 Residence Bernoussi,Midelt,54350.0,Y,6,Y,Mortgage
8733,A00007945,Adam Farissi,X899556,51,High School,30 Boulevard Al Houda,Boulemane,,Y,4,Y,Own
8734,A00001330,Amine Farissi,X207703,55,High School,43 Residence Salam,Aknoul,,Y,4,Y,Rent
8735,A00009012,Hajar Metouali,JK116751,61,Bachelor,10 Avenue Al Qods,Agadir,80000.0,Y,4,Y,Rent
8736,A00005643,Mohammed Amine Mansour,SA725827,53,Masters,8 Boulevard Al Massira,Nador,62000.0,Y,2,Y,Mortgage
8737,A00005390,Mohammed Amine Tahiri,X823337,54,Bachelor,14 Hay Bernoussi,Benmansour,,N,7,Y,Mortgage
8738,A00000107,Othmane Radi,G463528,29,Masters,2 Hay Mohammed V,Kenitra,14110.0,Y,4,Y,Rent
8739,A00001292,Aziza Moufkir ,F855905,32,Bachelor,37 Hay Centrale,Oujda,60010.0,N,6,Y,Rent
8740,A00008581,Hassan Jamal,BJ294638,52,,42 Rue Al Qods,Casablanca,20220.0,Y,2,Y,Rent
8741,A00001944,Taha Moufkir ,X781767,44,Bachelor,29 Hay Al Qods,Karia Ba Mohamed,,Y,4,Y,Rent
8742,A00004582,Hajar Benali,AB582131,37,Masters,4 Residence Al Massira,Sale,11000.0,Y,3,Y,Own
8743,A00004158,Jamila Dadi,AB847884,42,Masters,27 Lotissement Al Houda,Sale,11000.0,Y,6,N,Mortgage
8744,A00008858,Taha Salhi,F169844,31,Bachelor,43 Rue El Fadl,Oujda,60010.0,Y,5,Y,Mortgage
8745,A00005740,Hajar Mansour,X322647,40,Bachelor,35 Avenue Salam,Majjat,,N,3,Y,Rent
8746,A00001813,Mohamed Lahlou,JK511028,60,Masters,10 Avenue Al Houda,Agadir,80000.0,Y,2,Y,Mortgage
8747,A00003102,Salma Tazi,AG371671,35,College,27 Lotissement Zerktouni,Rabat,11025.0,Y,6,Y,Own
8748,A00006018,Hamza Jamal,X510736,61,Bachelor,36 Rue Bernoussi,Amezmiz,,Y,5,Y,Own
8749,A00005946,Mohammed Amine Mansour,KB800317,61,Masters,12 Rue Al Massira,Tanger,90053.0,Y,7,Y,Rent
8750,A00008922,Hamza Metouali,LF570884,28,Bachelor,38 Boulevard Al Houda,Fnideq,93200.0,N,5,Y,Rent
8751,A00006708,Kawtar Oufkir,G309327,60,Bachelor,7 Rue Mohammed V,Kenitra,14110.0,Y,4,Y,Rent
8752,A00006194,Khadija Benali,AG459114,58,MD,4 Residence Centrale,Rabat,11025.0,N,5,Y,Own
8753,A00005377,Malak Kibala,X739571,46,PhD,20 Hay Zerktouni,Sidi Lamine,,Y,5,Y,Own
8754,A00005954,Meryem Bennani,X551824,49,Bachelor,31 Lotissement Hassan II,Agoudal,,Y,7,Y,Mortgage
8755,A00002297,Kaoutar Eddoughmi,JK544335,57,PhD,49 Avenue Al Qods,Agadir,80000.0,Y,2,Y,Mortgage
8756,A00008875,Hajar Benchikh,G507307,55,Bachelor,20 Boulevard Hlioua,Kenitra,14110.0,Y,5,Y,Mortgage
8757,A00002957,Omar Mansar,X553012,44,Bachelor,36 Avenue Zerktouni,Jerada,,Y,3,Y,Rent
8758,A00000331,Mohamed Mansar,KB699709,27,College,3 Lotissement Hlioua,Tanger,90053.0,Y,6,Y,Mortgage
8759,A00005315,Othmane Eddoughmi,L529436,29,Masters,46 Hay Centrale,Tetouan,93000.0,Y,7,Y,Mortgage
8760,A00003727,Amine Mansar,BJ572621,44,PhD,13 Boulevard Al Qods,Casablanca,20220.0,Y,3,Y,Rent
8761,A00001627,Rachida Benali,M681330,26,,3 Lotissement Al Massira,El Jadida,24010.0,N,7,Y,Mortgage
8762,A00000515,Hassan Moufkir ,KB777700,52,Bachelor,8 Residence Bernoussi,Tanger,90053.0,Y,5,Y,Own
8763,A00005438,Omar Mansour,X779308,45,High School,39 Hay El Fadl,Zagora,,N,5,Y,Own
8764,A00009363,Hiba Radi,KB318353,29,High School,31 Hay Salam,Tanger,90053.0,Y,4,Y,Mortgage
8765,A00006408,Amine Ouazzani,G647568,34,Masters,29 Hay Al Massira,Kenitra,14110.0,N,5,Y,Mortgage
8766,A00002299,Khaoula Benchikh,EE964867,49,,23 Residence Al Massira,Marrakech,40000.0,N,6,Y,Own
8767,A00008366,Hajar Oufkir,X666777,35,PhD,10 Rue Al Massira,Ait Daoud,,Y,4,Y,Rent
8768,A00004872,Ahmed Bate,SA115884,61,,25 Lotissement Zerktouni,Nador,62000.0,Y,7,Y,Own
8769,A00005078,Amine Farissi,XA728080,25,PhD,16 Lotissement Al Massira,Tiflet,15400.0,N,3,Y,Rent
8770,A00009381,Othmane Barghoud,X307805,54,High School,21 Residence Centrale,Zaouiat Cheikh,,N,4,Y,Rent
8771,A00008655,Mohammed Amine Amine,X696971,30,High School,26 Residence Zerktouni,Sidi Allal El Bahraoui,,Y,2,Y,Mortgage
8772,A00006476,Amine Tahiri,DN671097,60,High School,11 Boulevard El Fadl,Meknes,50010.0,N,4,Y,Mortgage
8773,A00000730,Fatima Benchikh,CC133145,26,High School,1 Boulevard Centrale,Fes,30000.0,Y,6,Y,Mortgage
8774,A00000246,Youssef Salhi,L776929,38,Bachelor,15 Rue Al Massira,Tetouan,93000.0,Y,7,Y,Mortgage
8775,A00004394,Meryem Barghoud,X501307,35,High School,25 Boulevard Salam,Matarka,,Y,4,Y,Mortgage
8776,A00007844,Fatima Radi,X598878,50,High School,31 Lotissement Zerktouni,Bab Berred,,Y,4,Y,Rent
8777,A00001738,Fatima Benchikh,AG526735,28,Bachelor,46 Hay El Fadl,Rabat,11025.0,N,4,Y,Rent
8778,A00007183,Taha Benchikh,CC223888,52,MD,20 Boulevard Bernoussi,Fes,30000.0,Y,4,Y,Own
8779,A00009264,Omar Amrani,L128013,35,High School,13 Residence El Fadl,Tetouan,93000.0,Y,3,Y,Mortgage
8780,A00008966,Amine Moufkir ,AB310184,46,,17 Boulevard Hlioua,Sale,11000.0,Y,6,Y,Rent
8781,A00006816,Aziza Amrani,JK852439,43,MD,11 Rue Al Qods,Agadir,80000.0,N,4,Y,Mortgage
8782,A00001320,Meryem Banoune,AB630674,41,College,6 Residence El Fadl,Sale,11000.0,N,5,Y,Mortgage
8783,A00002552,Youssef Dadi,JK334910,27,Bachelor,6 Boulevard Hlioua,Agadir,80000.0,Y,3,Y,Own
8784,A00009160,Rania Tazi,L758777,32,High School,45 Hay Centrale,Tetouan,93000.0,N,5,Y,Rent
8785,A00005687,Hassan Oufkir,P565476,57,Bachelor,43 Hay Al Massira,Ouarzazate,45000.0,Y,4,Y,Own
8786,A00003842,Jamila Bate,JK423536,25,MD,28 Lotissement Salam,Agadir,80000.0,Y,3,Y,Mortgage
8787,A00009917,Meryem Eddoughmi,AG162461,52,,37 Rue Al Qods,Rabat,11025.0,N,7,Y,Mortgage
8788,A00002025,Khadija Salhi,FB836177,62,College,27 Lotissement Mohammed V,Taourirt,65000.0,Y,3,Y,Rent
8789,A00009886,Hajar Amine,X976567,42,PhD,31 Boulevard Zerktouni,Bab Taza,,Y,4,Y,Own
8790,A00003944,Meryem El Idrissi,BJ531189,43,High School,27 Residence Hassan II,Casablanca,20220.0,Y,7,Y,Own
8791,A00004891,Fatima Ezzahra  Benali,AB283916,50,Bachelor,45 Boulevard Al Qods,Sale,11000.0,Y,4,Y,Own
8792,A00006065,Mohamed Dadi,EE511397,36,Bachelor,43 Residence Hlioua,Marrakech,40000.0,Y,6,Y,Rent
8793,A00007155,Hamza Jamal,EE943474,51,College,33 Boulevard Hlioua,Marrakech,40000.0,N,7,Y,Own
8794,A00002687,Adam Lahlou,AG515228,54,High School,24 Residence Al Qods,Rabat,11025.0,Y,7,Y,Own
8795,A00009401,Meryem Barghoud,X767411,58,Bachelor,17 Hay Hassan II,Erfoud,,Y,2,Y,Rent
8796,A00006890,Taha Salhi,KB321387,35,Masters,8 Boulevard Hlioua,Tanger,90053.0,Y,7,Y,Rent
8797,A00006852,Rachida Fadili,X290913,27,,49 Residence El Fadl,Khemisset,,N,3,Y,Rent
8798,A00005302,Kaoutar Amrani,JK137011,53,Masters,38 Hay Al Houda,Agadir,80000.0,Y,4,Y,Own
8799,A00004432,Fatima Ezzahra  Tahiri,DN257249,57,High School,40 Avenue Hassan II,Meknes,50010.0,Y,6,Y,Rent
8800,A00006249,Omar Bennani,R692809,48,Bachelor,8 Boulevard Hassan II,El Hoceima,32000.0,Y,2,Y,Mortgage
8801,A00008671,Omar Alaoui,CB760285,32,High School,15 Boulevard Hassan II,Sefrou,31000.0,Y,3,Y,Mortgage
8802,A00001360,Kaoutar El Idrissi,X635569,29,PhD,10 Hay Bernoussi,Erfoud,,Y,2,N,Rent
8803,A00005038,Fatima Ezzahra  Oufkir,X368389,50,High School,26 Boulevard Hlioua,Ouezzane,,Y,5,Y,Rent
8804,A00002761,Meryem Bate,KB596074,49,Bachelor,39 Avenue Hlioua,Tanger,90053.0,Y,7,Y,Own
8805,A00005177,Khadija Farissi,EE754740,55,,29 Residence Mohammed V,Marrakech,40000.0,N,5,Y,Rent
8806,A00000672,Taha Lahlou,G155756,38,PhD,41 Hay Mohammed V,Kenitra,14110.0,N,4,Y,Own
8807,A00004105,Yahya Mansar,X667612,33,Bachelor,4 Rue El Fadl,Ben Ahmed,,N,6,Y,Mortgage
8808,A00000860,Noha Tazi,L722860,63,High School,4 Boulevard Mohammed V,Tetouan,93000.0,Y,5,Y,Rent
8809,A00007828,Hassan Fakhir,JA791177,53,High School,16 Lotissement Bernoussi,Guelmim,81000.0,Y,6,Y,Rent
8810,A00004859,Jamila Barghoud,N791924,59,Masters,5 Avenue Hlioua,Essaouira,44000.0,Y,4,Y,Rent
8811,A00005610,Fatima Fakhir,JK562133,36,Bachelor,1 Hay Salam,Agadir,80000.0,Y,3,Y,Own
8812,A00006173,Mohammed Amine Banoune,L717953,64,Bachelor,29 Rue Bernoussi,Tetouan,93000.0,Y,2,Y,Own
8813,A00005434,Khadija El Idrissi,X509837,33,College,44 Residence Bernoussi,Jorf,,Y,3,Y,Rent
8814,A00001790,Fatima Ezzahra  Jamal,X444581,41,Bachelor,11 Rue Hlioua,Sebt El Guerdane,,N,4,Y,Own
8815,A00008251,Fatima Benali,L897569,27,College,14 Residence Al Houda,Tetouan,93000.0,Y,3,Y,Rent
8816,A00005319,Amine Alaoui,CC983815,33,High School,46 Rue Al Qods,Fes,30000.0,Y,5,Y,Rent
8817,A00002075,Hiba Tazi,X271647,46,Masters,14 Hay Bernoussi,Benmansour,,Y,7,N,Mortgage
8818,A00003292,Adam Ouazzani,N437585,64,College,36 Rue Mohammed V,Essaouira,44000.0,N,4,Y,Mortgage
8819,A00008035,Youssef Metouali,CC960916,30,High School,49 Rue Centrale,Fes,30000.0,N,2,Y,Own
8820,A00007141,Hamza Bachri,AG870902,52,High School,48 Rue Hlioua,Rabat,11025.0,Y,5,N,Own
8821,A00004709,Ahmed Benali,JK649974,61,Masters,37 Residence Bernoussi,Agadir,80000.0,Y,3,Y,Rent
8822,A00001487,Ahmed Amrani,X299442,40,,16 Boulevard Centrale,Ouzoud,,N,7,Y,Own
8823,A00002339,Adam Banoune,JK655941,57,High School,46 Hay Al Qods,Agadir,80000.0,N,7,Y,Mortgage
8824,A00008731,Hiba Bate,X184185,41,High School,20 Lotissement Hlioua,Shoul,,Y,7,Y,Rent
8825,A00009928,Khadija Bate,X585172,56,High School,44 Lotissement Al Houda,Lahdar,,Y,7,Y,Mortgage
8826,A00008008,Yahya Alaoui,JC772915,42,MD,7 Boulevard Hlioua,Taaroudant,83000.0,Y,5,Y,Rent
8827,A00003336,Othmane Alaoui,X278518,57,Bachelor,21 Hay Hlioua,Chichaoua,,Y,2,Y,Mortgage
8828,A00000865,Hamza Fakhir,X165207,58,Bachelor,26 Lotissement Al Qods,Driouch,,Y,2,Y,Rent
8829,A00006689,Othmane Berrada,EE281111,55,Bachelor,30 Avenue Hassan II,Marrakech,40000.0,Y,6,Y,Own
8830,A00000680,Adam Bachri,R450488,39,College,22 Boulevard Al Houda,El Hoceima,32000.0,Y,3,Y,Mortgage
8831,A00001201,Noha Benchikh,BJ601333,63,Bachelor,21 Residence Al Massira,Casablanca,20220.0,Y,6,Y,Rent
8832,A00005516,Omar Benchikh,CB797397,47,MD,36 Hay Centrale,Sefrou,31000.0,Y,3,N,Own
8833,A00007587,Fatima Ezzahra  Mansour,X593310,56,High School,11 Avenue Hassan II,Tamassint,,N,2,Y,Own
8834,A00002063,Mohammed Amine Mansour,KB450627,31,PhD,43 Hay Centrale,Tanger,90053.0,Y,6,N,Mortgage
8835,A00006485,Mohammed Amine Banoune,JK538047,60,Bachelor,26 Boulevard Bernoussi,Agadir,80000.0,Y,3,Y,Own
8836,A00002546,Salma El Fassi,EE592189,53,Masters,27 Rue Al Qods,Marrakech,40000.0,Y,4,Y,Mortgage
8837,A00007611,Mohamed Benchikh,R329843,36,Masters,16 Rue Hassan II,El Hoceima,32000.0,N,3,Y,Mortgage
8838,A00001504,Fatima Ezzahra  Alaoui,X759766,58,Masters,33 Residence Al Houda,Agourai,,Y,6,Y,Own
8839,A00000621,Kaoutar Barghoud,CC865062,45,Bachelor,27 Residence Zerktouni,Fes,30000.0,Y,6,N,Mortgage
8840,A00002644,Mohammed Amine Bachri,SA508966,34,Bachelor,41 Avenue El Fadl,Nador,62000.0,Y,3,Y,Own
8841,A00008467,Hiba Ouazzani,X286602,28,Masters,36 Avenue Bernoussi,Zeghanghane,,N,3,Y,Mortgage
8842,A00008815,Hiba Dadi,AG911746,62,Bachelor,26 Hay Al Qods,Rabat,11025.0,Y,6,Y,Own
8843,A00004137,Amine Berrada,X944370,45,Masters,24 Rue Hassan II,Skhour Rehamna,,Y,2,Y,Own
8844,A00007512,Taha Banoune,G731994,31,College,45 Rue Hlioua,Kenitra,14110.0,Y,2,Y,Own
8845,A00002805,Aziza Bennani,KB879041,32,High School,12 Rue El Fadl,Tanger,90053.0,Y,4,Y,Own
8846,A00002800,Adam Fakhir,X351807,39,Bachelor,30 Avenue Hlioua,Driouch,,Y,2,Y,Mortgage
8847,A00005670,Othmane Farissi,AB898249,29,Bachelor,30 Boulevard Al Qods,Sale,11000.0,Y,2,Y,Mortgage
8848,A00006199,Fatima Ezzahra  Jamal,L742582,42,High School,15 Hay Centrale,Tetouan,93000.0,Y,4,Y,Rent
8849,A00000872,Taha Bennani,R474911,39,Bachelor,32 Avenue Hlioua,El Hoceima,32000.0,Y,7,Y,Rent
8850,A00000516,Jamila Tazi,JK671215,39,Bachelor,10 Avenue Al Houda,Agadir,80000.0,Y,4,Y,Rent
8851,A00003889,Meryem El Fassi,KB942908,61,Bachelor,19 Hay El Fadl,Tanger,90053.0,Y,6,Y,Own
8852,A00002217,Khaoula Dadi,X354739,30,High School,39 Rue Zerktouni,Imouzzer Kandar,,N,6,Y,Own
8853,A00007909,Omar Oufkir,FA793716,54,Bachelor,34 Rue Al Qods,Berkane,60300.0,Y,4,Y,Mortgage
8854,A00008161,Malak Banoune,P577887,26,High School,24 Hay Al Qods,Ouarzazate,45000.0,N,7,Y,Mortgage
8855,A00008346,Omar Bennani,CC412404,47,Bachelor,47 Lotissement El Fadl,Fes,30000.0,Y,6,Y,Rent
8856,A00004999,Khadija Amine,X597527,60,Bachelor,25 Boulevard Salam,Zirara,,N,7,Y,Mortgage
8857,A00000964,Youssef Amine,L405617,58,PhD,31 Avenue Zerktouni,Tetouan,93000.0,N,3,Y,Rent
8858,A00009872,Khadija Ouazzani,CB171670,48,College,47 Boulevard Al Houda,Sefrou,31000.0,Y,6,N,Own
8859,A00009919,Ahmed Bachri,CC583103,59,Bachelor,30 Rue Centrale,Fes,30000.0,Y,2,Y,Own
8860,A00004997,Malak Berrada,AG543256,28,College,12 Hay Hlioua,Rabat,11025.0,Y,7,Y,Mortgage
8861,A00002943,Khaoula Skalli,X394755,35,Bachelor,46 Residence Al Houda,Ounagha,,Y,2,Y,Rent
8862,A00009301,Aya Fadili,X208616,46,College,40 Boulevard Zerktouni,Ouaoumana,,N,4,Y,Rent
8863,A00003280,Hassan Skalli,BJ971278,43,PhD,6 Rue El Fadl,Casablanca,20220.0,Y,4,Y,Own
8864,A00004980,Meryem El Fassi,L259749,34,Masters,11 Boulevard Bernoussi,Tetouan,93000.0,Y,3,Y,Mortgage
8865,A00007564,Khaoula Tazi,WA823169,28,College,7 Rue Hassan II,Berrechid,26100.0,N,4,N,Own
8866,A00005265,Khadija Salhi,CC992865,40,Bachelor,41 Residence Hassan II,Fes,30000.0,Y,4,Y,Mortgage
8867,A00000490,Youssef Bennani,CC956417,32,Bachelor,6 Residence Al Qods,Fes,30000.0,Y,2,Y,Rent
8868,A00001134,Mohamed Tahiri,EE266400,63,High School,27 Rue Al Qods,Marrakech,40000.0,Y,3,Y,Mortgage
8869,A00003485,Kawtar Eddoughmi,GK940622,49,Bachelor,18 Avenue Centrale,Sidi Kacem,16000.0,N,7,Y,Mortgage
8870,A00009045,Jamila Kibala,L672580,26,Bachelor,32 Rue Al Houda,Tetouan,93000.0,Y,7,Y,Mortgage
8871,A00008934,Khaoula Radi,X500656,54,High School,28 Residence El Fadl,Figuig,,N,7,Y,Mortgage
8872,A00001029,Hiba Bate,M730536,32,College,6 Boulevard Mohammed V,El Jadida,24010.0,N,5,Y,Mortgage
8873,A00001046,Salma Benchikh,X766841,64,MD,10 Rue Al Massira,Ait Daoud,,Y,7,Y,Rent
8874,A00002930,Omar Oufkir,X483452,33,MD,37 Rue Hassan II,Taza Haut,,Y,3,N,Mortgage
8875,A00000876,Kaoutar Benali,JK370221,29,Bachelor,29 Rue Al Qods,Agadir,80000.0,N,2,Y,Mortgage
8876,A00005859,Aya El Fassi,AB251006,46,Bachelor,7 Boulevard Al Qods,Sale,11000.0,Y,6,Y,Mortgage
8877,A00002326,Kaoutar Moufkir ,JK579710,57,,12 Rue Salam,Agadir,80000.0,N,2,Y,Own
8878,A00008638,Kaoutar Eddoughmi,X594126,31,High School,30 Lotissement Hlioua,Smimou,,Y,3,Y,Own
8879,A00005906,Mohamed Dadi,AB643953,56,College,13 Rue Salam,Sale,11000.0,Y,7,Y,Mortgage
8880,A00006050,Hajar Jamal,L797879,26,Masters,3 Hay Bernoussi,Tetouan,93000.0,N,5,Y,Rent
8881,A00000292,Youssef Salhi,X554510,64,Masters,20 Hay Al Massira,Skoura,,Y,6,Y,Mortgage
8882,A00002222,Noha Fakhir,KB849560,29,MD,45 Avenue Al Massira,Tanger,90053.0,N,5,Y,Mortgage
8883,A00000074,Omar Tazi,XA357429,42,Bachelor,16 Lotissement Al Massira,Tiflet,15400.0,N,4,Y,Mortgage
8884,A00004067,Hassan Moufkir ,AB363220,44,College,37 Residence Al Houda,Sale,11000.0,Y,3,Y,Rent
8885,A00005782,Zineb Mansour,DN730949,53,Bachelor,4 Rue Bernoussi,Meknes,50010.0,Y,7,Y,Own
8886,A00006855,Kawtar Tahiri,EE854469,49,High School,28 Rue Al Qods,Marrakech,40000.0,Y,6,Y,Rent
8887,A00007034,Salma Benchikh,AG356749,63,Bachelor,25 Rue Hlioua,Rabat,11025.0,Y,5,Y,Mortgage
8888,A00009669,Fatima Barghoud,AB653750,38,,2 Residence Al Massira,Sale,11000.0,Y,7,Y,Rent
8889,A00001506,Kawtar Oufkir,N358590,28,,13 Lotissement Al Houda,Essaouira,44000.0,Y,7,Y,Own
8890,A00003593,Othmane Ouazzani,AG940916,58,Bachelor,12 Lotissement El Fadl,Rabat,11025.0,Y,5,Y,Own
8891,A00009581,Adam Bennani,CC499844,42,,35 Hay Al Houda,Fes,30000.0,N,6,Y,Own
8892,A00002937,Khaoula Dadi,G531276,44,Masters,12 Residence Al Houda,Kenitra,14110.0,Y,4,Y,Rent
8893,A00006333,Malak Berrada,X381009,52,High School,28 Rue Hlioua,Khourubga,25000.0,N,4,Y,Mortgage
8894,A00006340,Hamza Radi,EE466559,54,High School,10 Avenue Al Qods,Marrakech,40000.0,Y,4,N,Rent
8895,A00009343,Rania Bennani,AB928713,28,MD,4 Residence Al Massira,Sale,11000.0,N,4,Y,Rent
8896,A00000941,Youssef Benali,L869056,60,College,29 Rue Bernoussi,Tetouan,93000.0,Y,7,Y,Rent
8897,A00005633,Salma Bate,T969708,41,College,49 Residence Mohammed V,Mohammedia,28810.0,Y,7,Y,Mortgage
8898,A00002675,Omar Dadi,KB580851,57,MD,4 Boulevard Al Massira,Tanger,90053.0,Y,2,Y,Own
8899,A00009222,Rachida Dadi,X757972,57,Bachelor,42 Residence Al Houda,Ain Harrouda,,Y,3,Y,Own
8900,A00000324,Hajar Berrada,X299149,35,High School,6 Boulevard El Fadl,Temara,,Y,6,N,Mortgage
8901,A00002344,Fatima Alaoui,JK927227,43,Masters,27 Avenue Hlioua,Agadir,80000.0,Y,4,Y,Mortgage
8902,A00009026,Youssef Metouali,AG366099,45,Bachelor,11 Hay Al Massira,Rabat,11025.0,N,4,Y,Own
8903,A00003066,Fatima Ezzahra  Dadi,X661485,44,PhD,37 Residence Al Massira,Imouzzer,,Y,5,Y,Rent
8904,A00008806,Jamila Metouali,JK677715,43,High School,4 Lotissement Centrale,Agadir,80000.0,Y,5,Y,Own
8905,A00008658,Kaoutar Tazi,EE419271,56,Bachelor,38 Avenue Hassan II,Marrakech,40000.0,Y,7,Y,Rent
8906,A00005101,Hamza Fadili,G917020,57,High School,34 Avenue Bernoussi,Kenitra,14110.0,Y,6,Y,Rent
8907,A00002719,Omar El Yousfi,CC292933,58,Bachelor,21 Residence Hlioua,Fes,30000.0,Y,4,Y,Rent
8908,A00000241,Omar Amine,W909270,38,Masters,46 Rue Bernoussi,Settat,26000.0,Y,7,Y,Rent
8909,A00007107,Yahya Fadili,L665840,64,Bachelor,11 Boulevard Bernoussi,Tetouan,93000.0,N,4,Y,Own
8910,A00003964,Khaoula Benali,N410368,39,Masters,22 Rue Al Massira,Essaouira,44000.0,N,5,Y,Rent
8911,A00004642,Salma Fakhir,X675667,42,College,8 Rue Hassan II,Mehdia,,N,2,Y,Own
8912,A00005536,Zineb Fadili,CC565235,29,Bachelor,35 Boulevard Zerktouni,Fes,30000.0,Y,3,Y,Own
8913,A00002239,Othmane Tazi,JK851106,61,College,23 Avenue Hlioua,Agadir,80000.0,N,4,Y,Mortgage
8914,A00002895,Aya Amrani,JK683685,36,College,13 Rue Al Massira,Agadir,80000.0,Y,6,Y,Rent
8915,A00002024,Jamila Jamal,X546359,35,,36 Boulevard Al Massira,Sidi Rahal,,Y,7,Y,Mortgage
8916,A00008164,Khadija Bennani,BJ464577,50,High School,19 Rue Centrale,Casablanca,20220.0,Y,4,Y,Mortgage
8917,A00004321,Amine Fakhir,X827022,54,College,41 Avenue Hlioua,,,Y,5,Y,Mortgage
8918,A00005764,Jamila Benali,BJ630594,51,Bachelor,13 Residence Hlioua,Casablanca,20220.0,Y,6,Y,Own
8919,A00007962,Meryem Lahlou,AG637366,41,Bachelor,20 Rue Centrale,Rabat,11025.0,Y,7,Y,Mortgage
8920,A00007691,Hiba Kibala,X461445,61,Bachelor,31 Boulevard El Fadl,Tamanar,,Y,7,Y,Own
8921,A00002711,Hamza Dadi,M914203,37,MD,2 Lotissement Hlioua,El Jadida,24010.0,Y,4,N,Rent
8922,A00002392,Ahmed Kibala,CC772294,54,High School,24 Lotissement Al Houda,Fes,30000.0,Y,6,Y,Rent
8923,A00001977,Rania Tahiri,X684226,56,High School,19 Boulevard Mohammed V,Rissani,,Y,3,N,Mortgage
8924,A00009929,Hiba Oufkir,AB299920,63,Bachelor,20 Residence Zerktouni,Sale,11000.0,Y,2,Y,Rent
8925,A00009720,Malak Oufkir,LC326784,32,High School,4 Lotissement Bernoussi,Chefchaouen,91000.0,Y,4,Y,Own
8926,A00008580,Mohamed Tazi,G917443,49,Bachelor,26 Rue Zerktouni,Kenitra,14110.0,Y,6,Y,Rent
8927,A00000289,Malak El Fassi,WA698784,45,High School,38 Avenue Salam,Berrechid,26100.0,Y,7,Y,Rent
8928,A00001197,Meryem Benchikh,KB211828,40,MD,17 Residence Mohammed V,Tanger,90053.0,Y,7,Y,Own
8929,A00007781,Rachida Amrani,X754763,52,Bachelor,20 Hay Al Massira,Skoura,,N,3,Y,Own
8930,A00009759,Yahya Bachri,KB940712,53,High School,1 Residence Bernoussi,Tanger,90053.0,N,5,Y,Mortgage
8931,A00003695,Ahmed El Yousfi,BJ123380,35,Bachelor,3 Boulevard Al Houda,Casablanca,20220.0,N,6,Y,Mortgage
8932,A00000678,Meryem Metouali,JF117384,38,Bachelor,4 Lotissement Al Massira,Tan Tan,82000.0,Y,6,Y,Mortgage
8933,A00008466,Hassan Moufkir ,ZG309774,44,High School,25 Boulevard Hassan II,Guercif,37000.0,Y,2,N,Mortgage
8934,A00005595,Noha Kibala,CC873998,45,Bachelor,23 Residence Mohammed V,Fes,30000.0,Y,4,Y,Rent
8935,A00003583,Jamila Mansar,SA983254,56,Bachelor,41 Avenue El Fadl,Nador,62000.0,Y,6,Y,Mortgage
8936,A00003977,Taha Oufkir,EE412410,43,Masters,31 Boulevard Zerktouni,Marrakech,40000.0,Y,4,N,Rent
8937,A00007913,Fatima Ezzahra  Alaoui,JK285723,57,College,42 Boulevard Hassan II,Agadir,80000.0,Y,3,Y,Mortgage
8938,A00005971,Yahya Farissi,JK579303,34,High School,49 Avenue Al Qods,Agadir,80000.0,Y,5,Y,Rent
8939,A00007640,Kawtar Benchikh,X351256,32,College,42 Boulevard Bernoussi,Sidi Yahya Zaer,,Y,2,Y,Mortgage
8940,A00006133,Aziza Barghoud,KB806097,49,College,12 Rue El Fadl,Tanger,90053.0,Y,2,Y,Own
8941,A00000930,Fatima Ezzahra  Bennani,EE685600,31,High School,17 Lotissement Al Qods,Marrakech,40000.0,Y,4,Y,Own
8942,A00004700,Omar Mansar,N217643,51,College,26 Residence Salam,Essaouira,44000.0,N,3,Y,Rent
8943,A00002514,Yahya Banoune,FA151903,63,High School,30 Rue Salam,Berkane,60300.0,N,7,Y,Rent
8944,A00008431,Salma Tahiri,P471301,53,Bachelor,14 Boulevard Bernoussi,Ouarzazate,45000.0,Y,3,Y,Rent
8945,A00001662,Salma Mansour,X249615,51,High School,20 Hay Al Houda,Aguelmous,,Y,6,Y,Mortgage
8946,A00009829,Hamza Berrada,VA354223,25,High School,34 Residence Bernoussi,Midelt,54350.0,Y,5,Y,Rent
8947,A00008006,Hajar Benchikh,KB722925,26,High School,35 Boulevard Bernoussi,Tanger,90053.0,N,7,Y,Rent
8948,A00003662,Youssef El Idrissi,BJ659063,47,,9 Avenue Al Houda,Casablanca,20220.0,Y,5,Y,Rent
8949,A00006509,Youssef Mansour,DA829583,62,College,36 Lotissement Centrale,Azrou,53100.0,N,2,Y,Rent
8950,A00005606,Omar Barghoud,DN467143,62,High School,39 Residence Al Massira,Meknes,50010.0,Y,7,Y,Mortgage
8951,A00009708,Youssef Tahiri,FA266144,34,Bachelor,36 Avenue Mohammed V,Berkane,60300.0,N,2,Y,Mortgage
8952,A00008430,Yahya Kibala,X491396,55,Bachelor,10 Rue Al Massira,Ait Daoud,,Y,2,Y,Mortgage
8953,A00005308,Zineb Ouazzani,X577679,63,Bachelor,36 Avenue Hassan II,Beni Ayat,,Y,4,Y,Rent
8954,A00001685,Youssef Metouali,JK538666,35,Masters,19 Hay Bernoussi,Agadir,80000.0,N,3,Y,Rent
8955,A00008890,Rania Dadi,KB182198,50,High School,35 Residence Hassan II,Tanger,90053.0,N,5,Y,Own
8956,A00002784,Adam Banoune,EE387079,29,Bachelor,2 Boulevard Bernoussi,Marrakech,40000.0,N,3,Y,Mortgage
8957,A00007530,Omar Eddoughmi,AG413529,45,High School,23 Rue El Fadl,Rabat,11025.0,Y,7,Y,Rent
8958,A00005136,Omar Barghoud,JK633140,30,MD,40 Boulevard Bernoussi,Agadir,80000.0,Y,3,Y,Mortgage
8959,A00000062,Kawtar Moufkir ,X279234,39,PhD,29 Boulevard Al Houda,Azilal,,Y,3,Y,Rent
8960,A00006612,Hajar Mansour,X190546,28,High School,42 Lotissement Salam,Oued Laou,,Y,6,Y,Rent
8961,A00002469,Fatima Amrani,AB168243,56,Masters,8 Boulevard Centrale,Sale,11000.0,Y,5,Y,Mortgage
8962,A00001193,Jamila Tazi,GK370500,48,Bachelor,25 Residence Hlioua,Sidi Kacem,16000.0,N,4,Y,Mortgage
8963,A00009741,Meryem Lahlou,X168795,43,PhD,2 Hay Hlioua,Nzalat,,Y,2,Y,Mortgage
8964,A00003972,Mohamed Tazi,N159422,60,Bachelor,17 Lotissement Bernoussi,Essaouira,44000.0,N,5,Y,Mortgage
8965,A00003776,Othmane Fakhir,EE355819,38,College,36 Residence Salam,Marrakech,40000.0,Y,3,Y,Own
8966,A00001401,Kawtar Bennani,EE222052,36,High School,10 Rue El Fadl,Marrakech,40000.0,Y,3,Y,Own
8967,A00007139,Khadija Metouali,X232265,48,,39 Boulevard Salam,Izaoumen,,Y,4,Y,Own
8968,A00002205,Taha Oufkir,X882522,39,High School,12 Avenue Hlioua,Ain Taoujdate,,N,6,Y,Own
8969,A00005751,Zineb Metouali,CC936296,32,MD,39 Hay Centrale,Fes,30000.0,Y,2,Y,Mortgage
8970,A00007311,Mohammed Amine Oufkir,BJ428117,48,PhD,26 Lotissement Hlioua,Casablanca,20220.0,N,6,Y,Rent
8971,A00005200,Yahya Fadili,X831369,32,Bachelor,9 Residence Al Qods,Nouaceur,,Y,7,Y,Own
8972,A00003614,Khadija Kibala,EE392135,38,Bachelor,10 Boulevard Al Qods,Marrakech,40000.0,Y,4,Y,Mortgage
8973,A00004038,Mohamed Eddoughmi,X610093,54,Bachelor,36 Boulevard Hassan II,Haj Kaddour,,Y,4,N,Mortgage
8974,A00007638,Kaoutar Jamal,DN425300,57,MD,43 Residence Zerktouni,Meknes,50010.0,Y,2,Y,Own
8975,A00005082,Othmane El Idrissi,AB811651,49,High School,42 Rue Al Houda,Sale,11000.0,N,7,Y,Own
8976,A00008610,Zineb El Fassi,P835275,59,Bachelor,25 Lotissement Bernoussi,Ouarzazate,45000.0,Y,2,Y,Mortgage
8977,A00008943,Mohamed Moufkir ,EE877241,61,Masters,29 Avenue Al Qods,Marrakech,40000.0,Y,7,Y,Mortgage
8978,A00003723,Taha Amine,P963288,54,High School,6 Lotissement Hlioua,Ouarzazate,45000.0,Y,2,Y,Rent
8979,A00009094,Hamza Benali,CC971352,25,College,31 Rue Centrale,Fes,30000.0,Y,7,Y,Rent
8980,A00005282,Youssef Jamal,W475370,40,College,28 Boulevard Centrale,Settat,26000.0,Y,2,N,Rent
8981,A00000195,Jamila Skalli,L413066,64,High School,32 Avenue Al Massira,Tetouan,93000.0,Y,4,Y,Rent
8982,A00000306,Hamza Fadili,KB971899,33,High School,8 Hay Al Qods,Tanger,90053.0,Y,3,Y,Mortgage
8983,A00002623,Omar El Idrissi,X220685,28,College,25 Boulevard Bernoussi,Tarfaya,,Y,5,Y,Mortgage
8984,A00003146,Meryem Kibala,M744301,49,High School,34 Hay Al Qods,El Jadida,24010.0,Y,6,Y,Own
8985,A00001698,Aziza El Idrissi,L810341,25,Bachelor,19 Rue Hassan II,Tetouan,93000.0,Y,4,Y,Own
8986,A00000577,Hajar Jamal,X131916,35,High School,15 Hay Hassan II,Ouezzane,,Y,4,Y,Own
8987,A00001299,Salma Oufkir,VA657190,38,High School,22 Residence Zerktouni,Midelt,54350.0,Y,2,N,Mortgage
8988,A00005505,Hajar Bennani,F866012,27,Masters,9 Residence Mohammed V,Oujda,60010.0,Y,3,Y,Rent
8989,A00005776,Kawtar Eddoughmi,CC905309,31,PhD,33 Residence Mohammed V,Fes,30000.0,Y,5,Y,Own
8990,A00002768,Yahya Kibala,X155134,51,PhD,28 Avenue Al Qods,Bir Gandouz,,Y,3,Y,Own
8991,A00006999,Adam Amine,DN108214,54,Masters,2 Boulevard Zerktouni,Meknes,50010.0,Y,7,Y,Mortgage
8992,A00005237,Taha Amrani,L813487,44,Masters,10 Boulevard Al Qods,Tetouan,93000.0,N,2,Y,Own
8993,A00000637,Youssef Bachri,CC415621,52,Bachelor,15 Residence Salam,Fes,30000.0,Y,3,Y,Rent
8994,A00007752,Zineb Mansar,EE185990,63,College,19 Avenue Al Massira,Marrakech,40000.0,Y,5,Y,Rent
8995,A00004296,Zineb Moufkir ,JK931523,58,,42 Rue Mohammed V,Agadir,80000.0,Y,7,Y,Own
8996,A00006723,Mohammed Amine Fadili,G787580,43,Masters,12 Hay El Fadl,Kenitra,14110.0,Y,3,Y,Mortgage
8997,A00006901,Noha El Fassi,JK905608,51,Masters,45 Boulevard Al Qods,Agadir,80000.0,Y,4,Y,Mortgage
8998,A00004083,Kaoutar El Fassi,X861486,44,College,11 Lotissement Salam,Khourubga,25000.0,Y,6,Y,Own
8999,A00007840,Salma Kibala,KB236900,53,Bachelor,32 Lotissement Hassan II,Tanger,90053.0,N,3,Y,Mortgage
9000,A00000642,Omar Benali,L234041,26,High School,32 Avenue Al Massira,Tetouan,93000.0,Y,2,Y,Rent
9001,A00009412,Mohamed Radi,DN609821,61,Bachelor,4 Hay Hassan II,Meknes,50010.0,Y,4,Y,Mortgage
9002,A00009852,Ahmed Radi,F540375,55,High School,19 Lotissement Salam,Oujda,60010.0,N,6,Y,Mortgage
9003,A00006758,Youssef Eddoughmi,EE563100,45,Masters,5 Avenue Mohammed V,Marrakech,40000.0,Y,6,Y,Mortgage
9004,A00005882,Taha Banoune,X859402,61,College,4 Rue El Fadl,Ben Ahmed,,Y,3,Y,Own
9005,A00006120,Mohammed Amine El Fassi,L449136,45,Bachelor,49 Lotissement Al Qods,Tetouan,93000.0,Y,4,N,Own
9006,A00007023,Omar Banoune,JK910932,26,Bachelor,48 Boulevard Salam,Agadir,80000.0,Y,5,Y,Own
9007,A00008348,Malak Farissi,X507605,55,Bachelor,8 Avenue Zerktouni,Foum Zguid,,Y,4,Y,Mortgage
9008,A00005715,Salma Banoune,AB477324,25,College,24 Rue Mohammed V,Sale,11000.0,Y,2,Y,Rent
9009,A00004695,Meryem Ouazzani,EE478648,32,Bachelor,43 Residence Centrale,Marrakech,40000.0,N,5,Y,Own
9010,A00003186,Aya Kibala,X878160,40,Bachelor,21 Lotissement Centrale,Ameur Seflia,,Y,4,Y,Own
9011,A00002332,Salma Oufkir,JK112828,61,Bachelor,20 Hay Hassan II,Agadir,80000.0,Y,6,Y,Own
9012,A00003715,Hassan Mansour,WA867606,50,College,38 Avenue Salam,Berrechid,26100.0,Y,7,Y,Own
9013,A00003607,Hiba El Fassi,WA290405,34,College,16 Lotissement Al Houda,Berrechid,26100.0,Y,5,N,Mortgage
9014,A00009971,Youssef Oufkir,CC198853,48,High School,48 Residence Hassan II,Fes,30000.0,Y,6,Y,Own
9015,A00002134,Adam Mansour,AB269945,40,High School,4 Residence El Fadl,Sale,11000.0,Y,2,Y,Rent
9016,A00000788,Malak Oufkir,G585236,53,College,28 Rue Hassan II,Kenitra,14110.0,Y,2,Y,Rent
9017,A00006440,Salma Bennani,N506028,50,High School,47 Residence Al Houda,Essaouira,44000.0,N,6,Y,Mortgage
9018,A00002439,Hajar Skalli,AG288638,49,Bachelor,16 Boulevard Zerktouni,Rabat,11025.0,Y,6,N,Mortgage
9019,A00008208,Malak Jamal,AB288852,38,High School,7 Hay Centrale,Sale,11000.0,Y,4,Y,Mortgage
9020,A00003933,Kaoutar Bennani,X791440,30,Bachelor,38 Boulevard Al Massira,Lalla Takerkoust,,N,7,Y,Mortgage
9021,A00001322,Hajar Metouali,X582839,26,High School,20 Rue Hassan II,,,Y,7,Y,Mortgage
9022,A00009856,Adam Dadi,G544249,31,Bachelor,23 Rue Al Qods,Kenitra,14110.0,Y,3,Y,Own
9023,A00007424,Zineb El Idrissi,L964558,56,High School,46 Hay Centrale,Tetouan,93000.0,Y,5,Y,Own
9024,A00003741,Salma Fakhir,CC126911,48,High School,9 Residence Al Massira,Fes,30000.0,Y,4,Y,Own
9025,A00001163,Yahya Eddoughmi,KB294311,60,,42 Avenue Al Qods,Tanger,90053.0,Y,5,Y,Rent
9026,A00005376,Aziza Benali,X827893,34,Bachelor,48 Avenue Centrale,Imindounit,,Y,4,Y,Mortgage
9027,A00008316,Taha Berrada,X985014,26,High School,10 Boulevard Zerktouni,Hardwick,,Y,5,Y,Own
9028,A00004734,Kaoutar Eddoughmi,EE965775,38,High School,24 Avenue Al Houda,Marrakech,40000.0,Y,7,Y,Own
9029,A00008277,Khaoula Radi,WA857515,39,High School,28 Rue Hassan II,Berrechid,26100.0,Y,2,Y,Rent
9030,A00006837,Youssef Amine,EE134842,60,Bachelor,4 Residence Bernoussi,Marrakech,40000.0,N,5,Y,Mortgage
9031,A00009874,Youssef Bate,X246506,26,College,17 Residence Mohammed V,Zag,,Y,5,Y,Mortgage
9032,A00000992,Fatima Ezzahra  Salhi,KB967400,63,High School,31 Lotissement Mohammed V,Tanger,90053.0,N,6,Y,Own
9033,A00003384,Fatima Ezzahra  El Idrissi,JK336348,63,PhD,9 Residence Al Qods,Agadir,80000.0,Y,5,N,Own
9034,A00009419,Hassan Mansour,P816483,48,Bachelor,44 Avenue Zerktouni,Ouarzazate,45000.0,Y,2,Y,Mortgage
9035,A00004074,Amine El Yousfi,KB952753,28,High School,39 Hay Mohammed V,Tanger,90053.0,Y,2,Y,Rent
9036,A00002494,Hiba Salhi,F344681,35,Masters,15 Avenue Al Qods,Oujda,60010.0,Y,5,Y,Mortgage
9037,A00009283,Fatima Moufkir ,JA479971,38,Bachelor,39 Boulevard Centrale,Guelmim,81000.0,Y,7,Y,Mortgage
9038,A00009621,Rachida Ouazzani,CC472930,44,Bachelor,17 Residence Al Qods,Fes,30000.0,N,5,Y,Mortgage
9039,A00009939,Noha Bennani,X834598,62,Masters,39 Hay El Fadl,Zagora,,N,4,N,Rent
9040,A00001390,Hassan Alaoui,DN246034,40,High School,7 Residence Centrale,Meknes,50010.0,N,5,Y,Mortgage
9041,A00008831,Youssef Moufkir ,EE360113,54,Bachelor,8 Hay Hlioua,Marrakech,40000.0,Y,4,Y,Rent
9042,A00004472,Hamza Farissi,X786506,28,High School,24 Lotissement Mohammed V,Aklim,,Y,5,Y,Rent
9043,A00001249,Amine Benchikh,N353754,45,College,15 Avenue El Fadl,Essaouira,44000.0,N,2,N,Own
9044,A00007930,Kawtar Metouali,BJ928991,62,Masters,38 Hay Salam,Casablanca,20220.0,Y,4,Y,Rent
9045,A00008751,Hajar Fakhir,DN756139,45,Bachelor,47 Avenue Zerktouni,Meknes,50010.0,Y,5,Y,Rent
9046,A00001848,Amine Benchikh,JA415621,58,PhD,39 Lotissement Salam,Guelmim,81000.0,Y,2,Y,Rent
9047,A00006304,Youssef Bate,X425056,33,PhD,31 Boulevard Zerktouni,Bab Taza,,Y,2,Y,Own
9048,A00006209,Rania El Idrissi,X309443,49,High School,20 Rue Al Qods,Tinjdad,,N,2,Y,Mortgage
9049,A00007670,Hassan Amine,EE619880,56,Masters,30 Avenue Hlioua,Marrakech,40000.0,Y,6,Y,Rent
9050,A00003924,Kawtar Berrada,X493882,43,College,18 Hay Zerktouni,Mahbes,,N,4,Y,Mortgage
9051,A00006529,Kawtar Amine,BJ528663,45,Bachelor,26 Hay Zerktouni,Casablanca,20220.0,Y,3,Y,Mortgage
9052,A00005090,Fatima Eddoughmi,X695037,39,Bachelor,10 Hay Bernoussi,Trougout,,N,5,N,Rent
9053,A00006427,Omar Tahiri,KB968958,62,Bachelor,31 Hay Salam,Tanger,90053.0,N,6,Y,Mortgage
9054,A00006025,Fatima Eddoughmi,X986195,62,High School,42 Avenue Hassan II,Ouezzane,,Y,4,Y,Rent
9055,A00004879,Adam Amine,N832931,61,College,49 Hay Bernoussi,Essaouira,44000.0,N,3,Y,Own
9056,A00008203,Hassan Banoune,BJ385366,42,Bachelor,4 Boulevard Bernoussi,Casablanca,20220.0,N,7,Y,Own
9057,A00009665,Youssef El Idrissi,EE713758,28,Bachelor,5 Avenue Mohammed V,Marrakech,40000.0,N,7,Y,Mortgage
9058,A00003603,Kaoutar Fadili,KB137044,60,MD,8 Avenue Hassan II,Tanger,90053.0,Y,2,Y,Mortgage
9059,A00006212,Aya Mansour,X862096,28,High School,42 Hay Salam,Dar Ould Zidouh,,N,4,Y,Rent
9060,A00000761,Kawtar Tazi,X958775,45,High School,5 Avenue Bernoussi,Rhaf Sai,,Y,4,Y,Rent
9061,A00001010,Noha El Fassi,L142677,38,Masters,48 Lotissement Hlioua,Tetouan,93000.0,Y,7,Y,Own
9062,A00009762,Mohammed Amine Benali,X195206,33,PhD,15 Avenue Hassan II,MideltDakhla,,Y,4,Y,Own
9063,A00007114,Ahmed Tazi,QA272339,35,High School,18 Lotissement Hassan II,Oued Zem,25200.0,Y,4,Y,Mortgage
9064,A00008287,Noha Oufkir,AG548005,53,Bachelor,37 Lotissement Al Qods,Rabat,11025.0,N,4,Y,Mortgage
9065,A00007893,Adam Moufkir ,N515447,45,High School,14 Boulevard Al Qods,Essaouira,44000.0,N,6,Y,Mortgage
9066,A00008057,Youssef Metouali,L569554,46,College,7 Hay Al Massira,Tetouan,93000.0,Y,5,Y,Rent
9067,A00003535,Youssef Bate,L944732,30,Bachelor,46 Boulevard Zerktouni,Tetouan,93000.0,Y,5,Y,Own
9068,A00000471,Khadija Ouazzani,HH549166,49,Bachelor,22 Hay Al Massira,Safi,46000.0,Y,2,Y,Mortgage
9069,A00004615,Malak Mansar,FB783420,37,Bachelor,9 Rue Mohammed V,Taourirt,65000.0,Y,6,Y,Own
9070,A00004897,Zineb Alaoui,AB892607,40,Bachelor,13 Rue Salam,Sale,11000.0,Y,2,Y,Own
9071,A00005899,Aziza El Idrissi,X455231,40,Masters,20 Lotissement Bernoussi,Bouarfa,,Y,7,Y,Rent
9072,A00003709,Khaoula Salhi,BJ854936,59,Bachelor,45 Lotissement Al Houda,Casablanca,20220.0,Y,5,Y,Rent
9073,A00005535,Kaoutar Bate,G474358,44,Bachelor,30 Lotissement Al Houda,Kenitra,14110.0,N,3,Y,Rent
9074,A00009336,Omar Radi,G780960,51,Bachelor,8 Avenue Zerktouni,Kenitra,14110.0,Y,3,Y,Own
9075,A00008059,Fatima Salhi,T466669,37,Bachelor,45 Boulevard Al Massira,Mohammedia,28810.0,Y,3,Y,Rent
9076,A00000135,Khaoula Bachri,BJ668005,46,Masters,37 Boulevard Mohammed V,Casablanca,20220.0,Y,5,Y,Own
9077,A00008935,Rania Banoune,DN949966,60,Bachelor,22 Lotissement Hassan II,Meknes,50010.0,Y,2,Y,Mortgage
9078,A00000279,Zineb Farissi,CC369896,33,High School,6 Lotissement Hlioua,Fes,30000.0,Y,7,Y,Mortgage
9079,A00002554,Mohamed Amine,CC590295,25,Bachelor,19 Avenue Salam,Fes,30000.0,Y,4,Y,Rent
9080,A00000843,Mohamed Amrani,AG717040,48,MD,48 Boulevard Al Massira,Rabat,11025.0,Y,7,Y,Mortgage
9081,A00000461,Yahya Fadili,X828880,47,PhD,31 Residence Mohammed V,Smara,,N,3,Y,Mortgage
9082,A00004380,Amine Fakhir,AG299040,54,PhD,34 Avenue Mohammed V,Rabat,11025.0,Y,2,Y,Mortgage
9083,A00005842,Hassan Moufkir ,X510808,25,Bachelor,35 Avenue Al Houda,Oulad Settout,,N,6,Y,Rent
9084,A00003743,Zineb Bennani,BJ819400,28,High School,8 Boulevard El Fadl,Casablanca,20220.0,N,4,Y,Rent
9085,A00008070,Noha Fadili,X720711,56,High School,8 Residence Al Houda,Aptos,,Y,6,Y,Rent
9086,A00005730,Kaoutar Radi,AG806999,31,Masters,20 Rue Al Massira,Rabat,11025.0,Y,7,Y,Mortgage
9087,A00008227,Omar Bennani,X821427,30,High School,37 Rue Hassan II,Taza Haut,,Y,2,N,Mortgage
9088,A00003954,Ahmed Kibala,X854392,26,High School,25 Hay Al Massira,Assa,,Y,6,Y,Own
9089,A00007057,Malak Fadili,G597901,26,,19 Lotissement Bernoussi,Kenitra,14110.0,Y,5,Y,Rent
9090,A00003314,Youssef Moufkir ,R417925,51,Bachelor,19 Lotissement Al Qods,El Hoceima,32000.0,Y,5,Y,Rent
9091,A00005202,Rachida Bate,AG118593,28,Masters,26 Boulevard Al Houda,Rabat,11025.0,Y,2,Y,Mortgage
9092,A00009837,Zineb Jamal,F989308,41,Masters,29 Boulevard Salam,Oujda,60010.0,N,3,Y,Mortgage
9093,A00000046,Meryem Eddoughmi,SA900301,26,Bachelor,41 Residence Al Houda,Nador,62000.0,Y,3,Y,Rent
9094,A00003017,Mohamed Jamal,L410061,33,Bachelor,4 Boulevard Mohammed V,Tetouan,93000.0,Y,5,Y,Own
9095,A00003224,Salma Banoune,X463689,63,MD,39 Residence Hlioua,Tanant,,Y,2,Y,Own
9096,A00001758,Khaoula Moufkir ,L436546,40,Bachelor,31 Hay Al Massira,Tetouan,93000.0,N,2,Y,Mortgage
9097,A00009606,Ahmed Ouazzani,X652088,50,Bachelor,47 Boulevard Bernoussi,Mrirt,,N,5,Y,Own
9098,A00000994,Amine Amine,AG531177,42,Bachelor,7 Avenue Hlioua,Rabat,11025.0,Y,6,Y,Mortgage
9099,A00005473,Meryem Tazi,F344943,52,MD,11 Residence Al Massira,Oujda,60010.0,N,7,Y,Mortgage
9100,A00006917,Fatima Radi,JK947189,49,High School,23 Avenue Hlioua,Agadir,80000.0,N,3,Y,Own
9101,A00009354,Rania Eddoughmi,X360712,42,High School,26 Lotissement Hassan II,Sebaa Aiyoun,,Y,4,Y,Mortgage
9102,A00007711,Zineb Kibala,EE547838,43,College,22 Avenue Al Massira,Marrakech,40000.0,N,2,Y,Own
9103,A00006950,Hamza Metouali,BJ256267,44,Masters,49 Hay El Fadl,Casablanca,20220.0,N,5,N,Own
9104,A00000953,Hassan El Fassi,DN260836,50,High School,35 Lotissement Mohammed V,Meknes,50010.0,N,3,Y,Rent
9105,A00002787,Hajar Radi,DN564922,61,Bachelor,21 Rue Salam,Meknes,50010.0,N,4,Y,Own
9106,A00001497,Zineb Banoune,R194089,29,High School,14 Rue Centrale,El Hoceima,32000.0,Y,4,Y,Rent
9107,A00003372,Kaoutar Salhi,L168074,60,High School,12 Boulevard Mohammed V,Tetouan,93000.0,Y,5,Y,Rent
9108,A00004288,Kaoutar Berrada,EE156701,40,,25 Boulevard Hassan II,Marrakech,40000.0,Y,3,Y,Rent
9109,A00004143,Hiba Bennani,X246552,41,Bachelor,17 Rue Centrale,Erfoud,,N,6,Y,Own
9110,A00006553,Taha Barghoud,L333688,44,PhD,26 Lotissement Mohammed V,Tetouan,93000.0,Y,7,Y,Own
9111,A00000589,Ahmed Jamal,N602743,51,Bachelor,47 Avenue Zerktouni,Essaouira,44000.0,Y,4,Y,Mortgage
9112,A00000021,Meryem Moufkir ,JK886969,41,Bachelor,29 Avenue Hassan II,Agadir,80000.0,N,5,Y,Rent
9113,A00008816,Salma Benchikh,R752037,29,Masters,32 Avenue Hlioua,El Hoceima,32000.0,N,6,Y,Mortgage
9114,A00006213,Mohamed Ouazzani,AG931472,58,Bachelor,24 Hay Bernoussi,Rabat,11025.0,Y,7,Y,Own
9115,A00000546,Omar Barghoud,BJ525890,62,Bachelor,41 Residence Al Qods,Casablanca,20220.0,N,6,Y,Own
9116,A00001089,Meryem Skalli,L940893,32,Bachelor,49 Boulevard Centrale,Tetouan,93000.0,Y,3,Y,Mortgage
9117,A00001859,Hajar Alaoui,DN571313,51,High School,46 Avenue Al Qods,Meknes,50010.0,Y,5,Y,Mortgage
9118,A00002611,Yahya Benchikh,JK170306,46,High School,44 Rue Al Qods,Agadir,80000.0,N,7,Y,Mortgage
9119,A00007368,Fatima Kibala,JK214829,58,Masters,29 Rue Al Qods,Agadir,80000.0,Y,2,Y,Rent
9120,A00004149,Rania Moufkir ,X670290,42,High School,20 Rue El Fadl,Sidi Boubker,,Y,6,Y,Rent
9121,A00003266,Amine Tahiri,KB608199,58,College,39 Residence Mohammed V,Tanger,90053.0,Y,2,Y,Rent
9122,A00001713,Khadija Fakhir,CC662133,54,Bachelor,4 Lotissement Salam,Fes,30000.0,Y,5,Y,Own
9123,A00001178,Adam Amrani,HH788657,33,Bachelor,49 Lotissement Salam,Safi,46000.0,Y,7,Y,Own
9124,A00006363,Zineb Banoune,AB437884,30,Masters,16 Residence Al Qods,Sale,11000.0,Y,3,Y,Rent
9125,A00000170,Hassan Benchikh,DN856756,25,PhD,39 Lotissement Mohammed V,Meknes,50010.0,Y,5,Y,Rent
9126,A00005362,Hiba Salhi,G828301,33,Masters,45 Rue Mohammed V,Kenitra,14110.0,Y,6,Y,Rent
9127,A00005770,Amine El Fassi,X518210,33,High School,1 Rue Bernoussi,Bni Makada,,N,3,N,Mortgage
9128,A00008304,Malak Fadili,DN487760,60,,8 Boulevard Zerktouni,Meknes,50010.0,Y,3,N,Rent
9129,A00007919,Aya Alaoui,G357012,50,College,38 Residence Hassan II,Kenitra,14110.0,N,7,Y,Mortgage
9130,A00006093,Khaoula Barghoud,VA738030,33,High School,30 Avenue Bernoussi,Midelt,54350.0,Y,4,Y,Rent
9131,A00009697,Kaoutar Benchikh,AG488953,61,,30 Rue Centrale,Rabat,11025.0,Y,7,Y,Rent
9132,A00000104,Hamza Fadili,CC851882,50,High School,26 Lotissement Al Massira,Fes,30000.0,Y,5,Y,Mortgage
9133,A00007835,Jamila Mansour,AG992415,29,College,4 Residence Al Houda,Rabat,11025.0,Y,4,Y,Rent
9134,A00009854,Hajar Salhi,SA237552,35,Masters,31 Avenue Mohammed V,Nador,62000.0,Y,2,Y,Mortgage
9135,A00003915,Hiba El Fassi,BJ400267,46,Masters,39 Hay Mohammed V,Casablanca,20220.0,N,7,Y,Mortgage
9136,A00002342,Hajar Fakhir,KB821299,43,High School,47 Lotissement Mohammed V,Tanger,90053.0,N,4,Y,Mortgage
9137,A00004548,Hamza Banoune,JK527993,50,MD,37 Residence Bernoussi,Agadir,80000.0,Y,6,Y,Mortgage
9138,A00002841,Youssef Barghoud,L106299,28,High School,17 Rue Al Massira,Tetouan,93000.0,Y,7,Y,Mortgage
9139,A00003984,Omar Benchikh,F903500,48,Bachelor,22 Boulevard Zerktouni,Oujda,60010.0,Y,3,Y,Own
9140,A00004179,Meryem El Fassi,W690462,46,Bachelor,43 Residence Al Massira,Settat,26000.0,Y,6,Y,Own
9141,A00006504,Omar El Yousfi,W723253,54,Bachelor,41 Rue Bernoussi,Settat,26000.0,Y,7,Y,Own
9142,A00002194,Rania Lahlou,BJ147560,32,High School,45 Residence Mohammed V,Casablanca,20220.0,N,4,Y,Mortgage
9143,A00001577,Khaoula Oufkir,N106267,54,Bachelor,25 Residence Al Massira,Essaouira,44000.0,N,2,Y,Rent
9144,A00002381,Aziza Fakhir,LA123501,63,Masters,30 Boulevard Al Qods,Larache,92000.0,N,3,Y,Mortgage
9145,A00000638,Hassan Alaoui,EE915803,34,Bachelor,4 Boulevard Hlioua,Marrakech,40000.0,N,3,Y,Own
9146,A00009563,Adam El Idrissi,X649481,46,College,4 Boulevard Zerktouni,Oulad Jamaa,,N,4,Y,Mortgage
9147,A00003295,Mohamed Mansar,L448652,54,College,22 Residence Hassan II,Tetouan,93000.0,Y,7,Y,Mortgage
9148,A00004062,Hiba El Yousfi,R591678,50,College,16 Avenue El Fadl,El Hoceima,32000.0,Y,7,Y,Mortgage
9149,A00001857,Aziza Barghoud,N690646,50,High School,25 Residence Al Massira,Essaouira,44000.0,N,7,Y,Mortgage
9150,A00005478,Hassan Amrani,SA188099,45,Bachelor,46 Rue Hlioua,Nador,62000.0,Y,7,Y,Rent
9151,A00001516,Taha Moufkir ,N756094,57,High School,1 Lotissement Centrale,Essaouira,44000.0,Y,6,Y,Own
9152,A00003253,Aziza Mansour,L837575,50,College,24 Boulevard Salam,Tetouan,93000.0,Y,7,Y,Rent
9153,A00004214,Zineb Skalli,AB698603,37,Bachelor,40 Residence Salam,Sale,11000.0,Y,2,Y,Mortgage
9154,A00001716,Yahya Moufkir ,X534198,29,Bachelor,2 Lotissement Mohammed V,Sebt Jahjouh,,Y,3,Y,Mortgage
9155,A00009135,Noha Mansar,N145814,43,Bachelor,21 Avenue Hlioua,Essaouira,44000.0,Y,7,Y,Rent
9156,A00006695,Othmane Kibala,KB822580,33,High School,24 Boulevard Salam,Tanger,90053.0,Y,6,Y,Mortgage
9157,A00000316,Amine El Idrissi,CC789924,37,Masters,41 Residence Al Houda,Fes,30000.0,Y,7,Y,Own
9158,A00007408,Rachida Tahiri,M480190,42,Masters,1 Rue Al Houda,El Jadida,24010.0,Y,7,Y,Own
9159,A00009119,Fatima Ezzahra  Kibala,AB470330,54,High School,8 Residence Al Massira,Sale,11000.0,Y,6,Y,Mortgage
9160,A00008138,Amine Bennani,X568729,26,College,32 Residence Hlioua,Boujniba,,N,7,Y,Rent
9161,A00006064,Kawtar Amrani,AB563105,34,Bachelor,31 Avenue Centrale,Sale,11000.0,Y,2,Y,Rent
9162,A00009198,Fatima Farissi,X562463,46,High School,17 Boulevard Centrale,Abadou,,N,2,Y,Mortgage
9163,A00004206,Adam Tazi,BJ521410,46,Bachelor,47 Hay Bernoussi,Casablanca,20220.0,N,7,Y,Mortgage
9164,A00002670,Youssef Moufkir ,X873591,44,Bachelor,18 Hay Zerktouni,Mahbes,,Y,5,Y,Mortgage
9165,A00000476,Noha Farissi,BJ681866,30,College,8 Boulevard El Fadl,Casablanca,20220.0,Y,3,N,Rent
9166,A00003026,Hassan Farissi,AG681908,37,,2 Residence Al Houda,Rabat,11025.0,Y,7,Y,Mortgage
9167,A00001142,Omar Mansar,X617145,50,High School,5 Rue Centrale,Zegzel,,N,3,Y,Mortgage
9168,A00007549,Fatima Tahiri,M138049,61,Bachelor,2 Rue Zerktouni,El Jadida,24010.0,N,3,Y,Own
9169,A00009542,Noha Alaoui,X677498,63,High School,14 Residence Centrale,Tamassint,,N,2,Y,Own
9170,A00002816,Ahmed Eddoughmi,X267347,56,High School,48 Rue Salam,Zghenghen,,Y,5,Y,Own
9171,A00007404,Fatima Jamal,CC114148,41,Bachelor,12 Avenue Mohammed V,Fes,30000.0,Y,2,Y,Mortgage
9172,A00009290,Hiba El Yousfi,DN661925,54,Bachelor,7 Hay Centrale,Meknes,50010.0,Y,2,Y,Mortgage
9173,A00003584,Rachida Lahlou,AG845608,28,Bachelor,2 Residence Bernoussi,Rabat,11025.0,Y,5,Y,Own
9174,A00007789,Ahmed Metouali,N869517,48,College,9 Hay Centrale,Essaouira,44000.0,Y,5,Y,Mortgage
9175,A00001025,Salma Tahiri,N908950,44,Masters,39 Rue Al Qods,Essaouira,44000.0,Y,3,Y,Rent
9176,A00001888,Malak Bate,CC668085,27,High School,36 Rue Zerktouni,Fes,30000.0,Y,2,Y,Own
9177,A00003111,Fatima Mansour,AG818488,48,Bachelor,18 Rue Centrale,Rabat,11025.0,N,4,Y,Mortgage
9178,A00001081,Fatima Bate,BJ515160,42,Masters,34 Avenue Al Massira,Casablanca,20220.0,Y,5,Y,Rent
9179,A00004110,Malak El Yousfi,F265821,25,Bachelor,44 Hay Hlioua,Oujda,60010.0,Y,5,Y,Rent
9180,A00004689,Adam Benali,G236705,33,Bachelor,21 Lotissement Al Houda,Kenitra,14110.0,Y,2,N,Mortgage
9181,A00008952,Othmane Oufkir,AG659448,25,Bachelor,45 Lotissement Zerktouni,Rabat,11025.0,Y,6,Y,Rent
9182,A00009481,Fatima Jamal,L883647,49,Bachelor,31 Rue Hlioua,Tetouan,93000.0,N,5,Y,Own
9183,A00009438,Kaoutar Lahlou,EE203973,37,High School,21 Avenue El Fadl,Marrakech,40000.0,N,2,Y,Mortgage
9184,A00007396,Aziza Bate,L454815,47,Bachelor,15 Boulevard Al Qods,Tetouan,93000.0,N,2,Y,Own
9185,A00002604,Othmane Radi,EE904148,25,,38 Hay Salam,Marrakech,40000.0,N,3,Y,Own
9186,A00006963,Omar Fadili,DN477729,25,Bachelor,46 Residence Bernoussi,Meknes,50010.0,Y,5,Y,Mortgage
9187,A00004858,Mohammed Amine Radi,X768046,50,Bachelor,14 Residence Mohammed V,Zag,,Y,4,Y,Own
9188,A00004193,Hassan Oufkir,G688398,45,High School,35 Residence Mohammed V,Kenitra,14110.0,Y,4,Y,Mortgage
9189,A00004648,Hamza Amine,AB896407,56,Bachelor,30 Lotissement Zerktouni,Sale,11000.0,N,7,Y,Own
9190,A00005798,Omar El Yousfi,N345163,30,College,5 Avenue Hlioua,Essaouira,44000.0,N,2,Y,Mortgage
9191,A00009768,Omar Radi,G752631,36,Bachelor,7 Avenue Zerktouni,Kenitra,14110.0,Y,5,Y,Own
9192,A00005540,Adam Benchikh,JK191368,34,MD,47 Boulevard Centrale,Agadir,80000.0,Y,4,Y,Own
9193,A00001966,Hassan Barghoud,BJ804311,44,PhD,42 Rue Al Qods,Casablanca,20220.0,Y,6,Y,Mortgage
9194,A00005442,Malak Kibala,JK707097,41,MD,30 Rue El Fadl,Agadir,80000.0,Y,2,Y,Rent
9195,A00008452,Aziza Benali,FA601361,48,College,23 Rue Al Houda,Berkane,60300.0,N,5,Y,Rent
9196,A00001242,Youssef Benali,X203237,31,PhD,39 Hay Bernoussi,Khemisset,,N,3,Y,Mortgage
9197,A00008091,Youssef Mansar,CC422312,55,High School,5 Residence Zerktouni,Fes,30000.0,N,5,N,Rent
9198,A00009724,Taha Kibala,R713639,57,High School,21 Residence Salam,El Hoceima,32000.0,Y,2,Y,Mortgage
9199,A00006615,Aziza Amine,AG123823,32,,37 Lotissement Al Qods,Rabat,11025.0,Y,3,Y,Own
9200,A00008041,Jamila Salhi,X113248,38,,12 Avenue Hlioua,Ain Taoujdate,,N,5,Y,Mortgage
9201,A00004941,Amine Bachri,F362294,62,High School,36 Avenue Al Houda,Oujda,60010.0,N,4,Y,Rent
9202,A00000254,Hamza Fakhir,X526706,63,MD,10 Residence Zerktouni,Bhalil,,Y,4,Y,Mortgage
9203,A00008463,Hamza Berrada,DN964512,30,Bachelor,48 Lotissement El Fadl,Meknes,50010.0,Y,4,Y,Rent
9204,A00001578,Kaoutar Mansar,EE961604,53,Bachelor,46 Hay Centrale,Marrakech,40000.0,Y,6,Y,Rent
9205,A00008155,Noha Berrada,DN907927,31,High School,21 Boulevard El Fadl,Meknes,50010.0,Y,7,Y,Rent
9206,A00003487,Youssef Farissi,X455278,26,High School,7 Residence Mohammed V,El Menzel,,Y,6,Y,Rent
9207,A00000124,Omar Radi,AB278916,48,Bachelor,45 Lotissement Hassan II,Sale,11000.0,N,7,Y,Rent
9208,A00009156,Hajar Kibala,EE704001,43,Bachelor,23 Residence Bernoussi,Marrakech,40000.0,Y,7,Y,Rent
9209,A00002505,Hamza Benchikh,X725090,48,High School,49 Residence El Fadl,Khemisset,,N,2,N,Mortgage
9210,A00002018,Yahya Mansour,F614251,30,PhD,15 Avenue Zerktouni,Oujda,60010.0,N,2,Y,Mortgage
9211,A00004489,Omar Skalli,P903042,38,Bachelor,7 Lotissement Al Houda,Ouarzazate,45000.0,Y,2,Y,Rent
9212,A00003088,Hiba Tahiri,DN934808,56,High School,44 Boulevard Mohammed V,Meknes,50010.0,N,7,Y,Rent
9213,A00001819,Kaoutar Farissi,BJ743463,50,Bachelor,15 Boulevard Al Houda,Casablanca,20220.0,N,7,Y,Mortgage
9214,A00008862,Aya Fadili,F645893,54,MD,13 Rue Al Houda,Oujda,60010.0,Y,4,Y,Mortgage
9215,A00006698,Omar Kibala,X744929,47,,48 Residence Salam,Missour,,Y,2,Y,Rent
9216,A00002837,Mohammed Amine Benchikh,BJ717284,51,High School,16 Lotissement Hassan II,Casablanca,20220.0,N,2,Y,Rent
9217,A00007497,Kaoutar El Fassi,EE506890,37,MD,27 Avenue Hassan II,Marrakech,40000.0,Y,3,N,Own
9218,A00002184,Hamza Moufkir ,BJ944746,44,College,38 Boulevard Al Houda,Casablanca,20220.0,N,7,Y,Own
9219,A00005807,Aya Radi,CC914048,51,Bachelor,29 Lotissement Bernoussi,Fes,30000.0,N,6,Y,Rent
9220,A00000349,Youssef Bennani,KB170547,48,College,29 Rue Mohammed V,Tanger,90053.0,Y,5,Y,Own
9221,A00005711,Youssef Eddoughmi,X509984,56,Masters,12 Lotissement Hassan II,Mediouna,,Y,7,Y,Own
9222,A00003046,Kawtar Mansour,AG381816,44,College,25 Rue Hlioua,Rabat,11025.0,Y,4,Y,Rent
9223,A00004120,Omar Farissi,X486790,64,High School,42 Boulevard Bernoussi,Sidi Yahya Zaer,,N,5,Y,Rent
9224,A00000406,Youssef Amrani,JK469510,41,,33 Lotissement Mohammed V,Agadir,80000.0,Y,7,Y,Mortgage
9225,A00002834,Kawtar Dadi,AG561991,29,High School,35 Avenue Centrale,Rabat,11025.0,Y,5,Y,Mortgage
9226,A00000808,Meryem Benali,KB477611,59,Masters,45 Boulevard Mohammed V,Tanger,90053.0,Y,7,Y,Own
9227,A00008599,Zineb Bachri,AG744780,31,High School,14 Boulevard Al Qods,Rabat,11025.0,Y,5,N,Own
9228,A00002220,Kawtar Tazi,CC780709,55,Bachelor,27 Rue Centrale,Fes,30000.0,Y,6,Y,Rent
9229,A00001387,Kaoutar Mansour,AB576422,34,,5 Rue Hassan II,Sale,11000.0,Y,4,Y,Own
9230,A00006365,Hamza Lahlou,AG533786,49,Bachelor,14 Boulevard Al Qods,Rabat,11025.0,Y,5,Y,Rent
9231,A00000428,Taha Bennani,X417721,28,,17 Rue Al Massira,Ouezzane,,Y,4,Y,Mortgage
9232,A00006243,Omar Benali,AB597368,36,High School,40 Lotissement Salam,Sale,11000.0,Y,3,Y,Mortgage
9233,A00006109,Hajar Fakhir,KB930906,39,Bachelor,3 Lotissement Hlioua,Tanger,90053.0,N,5,Y,Mortgage
9234,A00004089,Fatima Bachri,JK303861,64,Bachelor,39 Residence Salam,Agadir,80000.0,Y,5,Y,Own
9235,A00009057,Zineb Kibala,AG177421,52,Bachelor,41 Rue Hlioua,Rabat,11025.0,Y,6,Y,Mortgage
9236,A00004100,Hiba Moufkir ,X151098,57,College,12 Residence Bernoussi,Ouezzane,,Y,7,Y,Rent
9237,A00008081,Hajar Oufkir,AG612825,62,High School,11 Lotissement Hassan II,Rabat,11025.0,Y,2,N,Rent
9238,A00001443,Omar Metouali,AB780951,49,MD,35 Hay Centrale,Sale,11000.0,Y,2,Y,Rent
9239,A00005373,Jamila Dadi,BJ518409,54,High School,9 Rue Centrale,Casablanca,20220.0,Y,5,N,Rent
9240,A00006860,Omar Radi,CB829376,58,Bachelor,15 Boulevard Hassan II,Sefrou,31000.0,Y,3,N,Mortgage
9241,A00005118,Zineb Fadili,SA785562,62,Bachelor,8 Boulevard Al Massira,Nador,62000.0,Y,7,Y,Rent
9242,A00007571,Omar Ouazzani,X518684,57,Bachelor,42 Avenue Salam,Krouchen,,N,6,N,Own
9243,A00001103,Fatima Ezzahra  Oufkir,R605560,29,College,16 Avenue El Fadl,El Hoceima,32000.0,N,6,Y,Own
9244,A00000959,Othmane Salhi,X105167,52,Masters,28 Lotissement Hassan II,Driouch,,Y,2,Y,Rent
9245,A00004329,Ahmed Mansour,AG232572,43,High School,24 Boulevard Salam,Rabat,11025.0,Y,5,Y,Mortgage
9246,A00003086,Malak Moufkir ,L504488,32,High School,46 Hay Centrale,Tetouan,93000.0,Y,3,Y,Mortgage
9247,A00009548,Mohamed Dadi,JK834880,38,Bachelor,42 Lotissement Al Massira,Agadir,80000.0,Y,7,Y,Own
9248,A00009099,Aziza Fakhir,F598907,43,Bachelor,6 Avenue Zerktouni,Oujda,60010.0,N,3,Y,Mortgage
9249,A00008901,Mohamed Tahiri,AB226905,43,Bachelor,8 Hay Bernoussi,Sale,11000.0,N,5,Y,Own
9250,A00000354,Salma Benali,AB431734,33,Bachelor,30 Lotissement Zerktouni,Sale,11000.0,Y,4,Y,Rent
9251,A00008355,Hiba Lahlou,JK362073,26,Bachelor,14 Lotissement Mohammed V,Agadir,80000.0,Y,2,Y,Mortgage
9252,A00006095,Salma Alaoui,CC621968,50,High School,24 Hay El Fadl,Fes,30000.0,Y,6,Y,Own
9253,A00004391,Youssef El Fassi,T335239,58,High School,24 Residence Al Qods,Mohammedia,28810.0,Y,3,Y,Mortgage
9254,A00007693,Aziza Amine,JK145398,53,Bachelor,30 Residence El Fadl,Agadir,80000.0,Y,5,Y,Rent
9255,A00007108,Khadija Farissi,CC659952,33,Masters,21 Residence Hlioua,Fes,30000.0,N,7,Y,Own
9256,A00007166,Omar Bachri,X889731,43,College,10 Rue Al Houda,Khourubga,25000.0,N,2,Y,Rent
9257,A00002309,Hiba Barghoud,X657946,55,High School,8 Avenue Bernoussi,M'diq,,N,5,Y,Own
9258,A00002648,Rachida Bate,X806033,37,Masters,30 Lotissement Hlioua,Tifariti,,Y,7,Y,Own
9259,A00005896,Aziza Skalli,G590942,26,High School,44 Avenue Al Houda,Kenitra,14110.0,Y,7,N,Own
9260,A00001674,Rania Kibala,X270398,61,Bachelor,6 Boulevard El Fadl,Rommani,,Y,2,Y,Own
9261,A00004990,Hamza El Idrissi,DN419038,55,Bachelor,6 Boulevard Salam,Meknes,50010.0,N,2,Y,Rent
9262,A00009871,Ahmed Farissi,X944713,64,Bachelor,25 Rue Mohammed V,Loudaya,,N,6,Y,Own
9263,A00009675,Omar Fakhir,X546095,36,College,26 Residence Mohammed V,Ras El Ma,,Y,5,Y,Own
9264,A00002865,Ahmed Fadili,F364620,36,Masters,37 Boulevard Hlioua,Oujda,60010.0,Y,3,Y,Rent
9265,A00009865,Fatima Ezzahra  Bate,EE951184,37,Bachelor,13 Lotissement Centrale,Marrakech,40000.0,Y,2,Y,Own
9266,A00008401,Taha Bachri,AG914592,46,,36 Lotissement Centrale,Rabat,11025.0,Y,5,Y,Rent
9267,A00008502,Mohammed Amine Bennani,KB565269,37,Bachelor,39 Avenue Hlioua,Tanger,90053.0,Y,5,Y,Own
9268,A00005393,Noha Lahlou,KB867147,44,Bachelor,38 Hay Salam,Tanger,90053.0,Y,6,Y,Rent
9269,A00004712,Khadija El Fassi,DN667929,54,High School,2 Avenue Zerktouni,Meknes,50010.0,Y,3,Y,Rent
9270,A00009730,Fatima Ezzahra  Mansar,EE562174,46,Bachelor,43 Residence Centrale,Marrakech,40000.0,Y,4,Y,Mortgage
9271,A00001475,Rachida Bachri,BJ721906,51,High School,40 Residence Centrale,Casablanca,20220.0,Y,2,Y,Rent
9272,A00003392,Jamila Ouazzani,X540076,40,High School,18 Residence Al Qods,Bouarfa,,Y,6,Y,Own
9273,A00006518,Aya Eddoughmi,L991919,38,High School,39 Rue Hlioua,Tetouan,93000.0,Y,2,Y,Own
9274,A00009334,Taha Fadili,CC518879,26,Bachelor,13 Rue Al Houda,Fes,30000.0,Y,5,Y,Mortgage
9275,A00005712,Hassan Mansour,EE901580,25,Masters,11 Residence El Fadl,Marrakech,40000.0,N,4,N,Mortgage
9276,A00004954,Mohamed Amrani,BJ898857,47,Bachelor,5 Boulevard Al Qods,Casablanca,20220.0,Y,5,Y,Own
9277,A00009764,Kaoutar Mansar,AB501827,25,Bachelor,29 Residence Zerktouni,Sale,11000.0,Y,4,Y,Mortgage
9278,A00007760,Zineb Tazi,AG673764,48,Bachelor,48 Residence Bernoussi,Rabat,11025.0,N,6,Y,Mortgage
9279,A00004213,Meryem Radi,X507550,55,College,20 Hay Zerktouni,Sidi Lamine,,Y,2,Y,Own
9280,A00005624,Meryem Amrani,L616417,44,High School,5 Lotissement Zerktouni,Tetouan,93000.0,Y,2,Y,Mortgage
9281,A00000897,Hiba Tahiri,X699491,28,Masters,6 Boulevard El Fadl,,,Y,7,Y,Own
9282,A00008544,Kawtar Mansar,DN539805,34,High School,36 Rue Mohammed V,Meknes,50010.0,Y,4,N,Own
9283,A00004249,Adam Metouali,DN375946,59,High School,8 Boulevard Hassan II,Meknes,50010.0,Y,7,Y,Rent
9284,A00009789,Omar Metouali,X901961,28,MD,34 Lotissement Al Massira,Beni Ensar,,Y,3,Y,Rent
9285,A00006812,Hajar Jamal,L186312,32,Bachelor,39 Hay Al Massira,Tetouan,93000.0,Y,5,Y,Rent
9286,A00000996,Hassan Radi,KB533788,41,College,21 Hay El Fadl,Tanger,90053.0,Y,7,Y,Mortgage
9287,A00005479,Salma El Fassi,X104983,57,Bachelor,13 Residence El Fadl,Asilah,,N,5,Y,Own
9288,A00007617,Taha Bate,DN131524,36,Masters,43 Lotissement Bernoussi,Meknes,50010.0,Y,2,Y,Rent
9289,A00009652,Fatima Ezzahra  El Fassi,DN917762,41,Bachelor,45 Rue Salam,Meknes,50010.0,N,7,Y,Rent
9290,A00001910,Mohamed Alaoui,L989721,37,Bachelor,49 Rue Hlioua,Tetouan,93000.0,N,4,Y,Rent
9291,A00009760,Hiba Eddoughmi,F554253,41,High School,11 Residence Al Massira,Oujda,60010.0,N,6,Y,Mortgage
9292,A00006934,Omar Barghoud,X297362,52,Bachelor,1 Lotissement Hassan II,Sidi Taibi,,Y,4,Y,Mortgage
9293,A00004885,Othmane Barghoud,BJ524486,38,Bachelor,39 Lotissement El Fadl,Casablanca,20220.0,Y,3,Y,Rent
9294,A00006972,Yahya Eddoughmi,X535242,60,Bachelor,15 Hay Hassan II,Ouezzane,,Y,3,N,Own
9295,A00009396,Salma Fadili,N129975,34,High School,21 Avenue Hlioua,Essaouira,44000.0,Y,3,Y,Rent
9296,A00007413,Omar Skalli,DN400425,46,Bachelor,33 Residence Zerktouni,Meknes,50010.0,N,3,Y,Rent
9297,A00003260,Hiba Barghoud,AG311268,54,Bachelor,38 Lotissement El Fadl,Rabat,11025.0,Y,5,Y,Own
9298,A00006726,Hassan El Idrissi,JK268278,38,Bachelor,17 Hay Centrale,Agadir,80000.0,Y,6,Y,Own
9299,A00007613,Mohamed Farissi,L424093,32,High School,9 Hay El Fadl,Tetouan,93000.0,N,6,Y,Rent
9300,A00006134,Jamila Tahiri,KB202604,48,Bachelor,20 Avenue Hassan II,Tanger,90053.0,Y,7,Y,Own
9301,A00007982,Amine El Idrissi,X158433,53,Bachelor,42 Residence Salam,Boujdour,,Y,4,Y,Mortgage
9302,A00004078,Youssef Oufkir,X632868,33,Bachelor,38 Residence Bernoussi,Ras El Ma,,N,3,Y,Mortgage
9303,A00008158,Hiba Kibala,DN868645,26,Bachelor,11 Rue Hassan II,Meknes,50010.0,N,2,Y,Rent
9304,A00003154,Omar Fadili,N553595,27,Bachelor,43 Lotissement El Fadl,Essaouira,44000.0,Y,2,Y,Own
9305,A00003183,Khadija Berrada,AB323248,60,MD,36 Lotissement Mohammed V,Sale,11000.0,Y,4,Y,Own
9306,A00001885,Adam Berrada,AG701748,40,College,33 Hay El Fadl,Rabat,11025.0,N,2,Y,Own
9307,A00009927,Adam Eddoughmi,X419405,48,College,25 Hay Salam,Nouaceur,,Y,2,Y,Own
9308,A00005089,Kaoutar Ouazzani,X925530,30,College,44 Boulevard El Fadl,Ras El Ma,,Y,5,Y,Own
9309,A00000477,Salma Oufkir,SA455651,29,Masters,8 Rue Al Qods,Nador,62000.0,Y,7,Y,Rent
9310,A00007609,Mohammed Amine Eddoughmi,AG794313,61,High School,24 Rue Hassan II,Rabat,11025.0,Y,6,Y,Mortgage
9311,A00008589,Khadija Alaoui,CC498011,54,High School,35 Boulevard Zerktouni,Fes,30000.0,N,4,Y,Rent
9312,A00002560,Mohammed Amine Mansar,BJ587960,62,College,31 Hay Al Houda,Casablanca,20220.0,Y,5,Y,Rent
9313,A00008804,Malak Alaoui,JK647818,59,Bachelor,44 Lotissement Zerktouni,Agadir,80000.0,Y,4,Y,Mortgage
9314,A00007357,Mohamed Salhi,DN259298,35,Masters,49 Rue Hlioua,Meknes,50010.0,Y,7,Y,Mortgage
9315,A00001498,Hiba Bennani,CC109349,58,Bachelor,15 Avenue Zerktouni,Fes,30000.0,Y,2,N,Rent
9316,A00005945,Taha Kibala,X845709,28,Bachelor,24 Hay Al Qods,Iksane,,Y,7,Y,Mortgage
9317,A00002653,Mohammed Amine Tazi,KB364665,31,PhD,31 Lotissement Al Qods,Tanger,90053.0,Y,7,Y,Own
9318,A00009695,Adam El Yousfi,DN356758,61,Bachelor,31 Lotissement Hassan II,Meknes,50010.0,Y,2,Y,Rent
9319,A00003646,Hiba Mansar,G391244,60,Bachelor,48 Boulevard Zerktouni,Kenitra,14110.0,Y,7,Y,Own
9320,A00003110,Mohammed Amine Kibala,AB866814,43,College,46 Avenue Al Massira,Sale,11000.0,N,7,Y,Rent
9321,A00002325,Kawtar El Yousfi,KB519890,34,High School,11 Boulevard Hlioua,Tanger,90053.0,N,5,N,Rent
9322,A00001572,Youssef Amine,AB288498,25,Bachelor,6 Residence El Fadl,Sale,11000.0,Y,2,Y,Own
9323,A00001924,Noha Ouazzani,DN999904,48,MD,4 Rue Bernoussi,Meknes,50010.0,Y,7,Y,Rent
9324,A00007551,Zineb Fakhir,N707927,45,,12 Boulevard Hassan II,Essaouira,44000.0,Y,3,N,Mortgage
9325,A00009975,Hajar Mansar,X412302,35,High School,26 Hay Centrale,Tsaft,,N,2,Y,Own
9326,A00003675,Kawtar Mansar,DB438550,27,PhD,11 Boulevard Al Houda,Ifrane,53000.0,Y,4,N,Mortgage
9327,A00000514,Hajar Salhi,X864808,58,College,43 Residence Bernoussi,El Marsa,,N,4,Y,Mortgage
9328,A00008855,Hajar Mansar,JC618421,36,High School,15 Rue Bernoussi,Taaroudant,83000.0,N,4,Y,Mortgage
9329,A00005858,Aziza Benchikh,JK566231,32,Bachelor,9 Hay Al Qods,Agadir,80000.0,Y,5,Y,Mortgage
9330,A00002749,Mohamed Fakhir,KB753952,53,Bachelor,16 Rue Al Qods,Tanger,90053.0,Y,3,Y,Own
9331,A00008122,Fatima Ezzahra  Radi,DN306277,27,Bachelor,43 Boulevard Zerktouni,Meknes,50010.0,Y,6,Y,Rent
9332,A00001196,Jamila Benali,X479482,59,Bachelor,11 Rue Hlioua,Sebt El Guerdane,,N,2,Y,Own
9333,A00009757,Ahmed Skalli,X230214,56,Bachelor,30 Lotissement Zerktouni,Bradia,,Y,7,Y,Mortgage
9334,A00000479,Youssef Skalli,F351880,41,College,13 Rue Al Houda,Oujda,60010.0,Y,2,Y,Mortgage
9335,A00006654,Hassan Bate,X743704,52,High School,20 Rue Hassan II,,,Y,3,Y,Mortgage
9336,A00005523,Adam Kibala,X982946,34,Masters,5 Residence Hassan II,Adassil,,Y,7,Y,Rent
9337,A00001499,Adam Fadili,X164902,50,Bachelor,7 Rue El Fadl,Imzouren,,Y,7,Y,Rent
9338,A00000906,Jamila Bachri,F350486,64,Masters,7 Avenue Al Houda,Oujda,60010.0,Y,2,Y,Mortgage
9339,A00006185,Hiba Fadili,EE188553,40,Bachelor,17 Boulevard Al Qods,Marrakech,40000.0,N,4,Y,Rent
9340,A00006697,Khadija Moufkir ,AG560876,34,Bachelor,36 Lotissement Centrale,Rabat,11025.0,Y,7,Y,Rent
9341,A00000503,Malak El Idrissi,L703297,54,High School,36 Hay Centrale,Tetouan,93000.0,N,6,Y,Mortgage
9342,A00004491,Kaoutar Metouali,DN904823,59,College,28 Boulevard Al Houda,Meknes,50010.0,Y,3,Y,Rent
9343,A00001019,Rania Berrada,R564388,46,Masters,16 Hay El Fadl,El Hoceima,32000.0,Y,3,Y,Rent
9344,A00009723,Fatima Tahiri,CC814567,49,High School,22 Lotissement Al Massira,Fes,30000.0,Y,5,Y,Own
9345,A00003643,Hassan Mansour,EE134420,40,High School,29 Boulevard Al Qods,Marrakech,40000.0,Y,3,Y,Rent
9346,A00007720,Salma Skalli,G738340,35,College,7 Avenue Zerktouni,Kenitra,14110.0,Y,4,Y,Own
9347,A00006883,Jamila Kibala,X634056,40,,39 Residence Hlioua,Tanant,,Y,3,Y,Mortgage
9348,A00006152,Hassan Berrada,F185346,54,PhD,47 Avenue Salam,Oujda,60010.0,Y,6,Y,Own
9349,A00000342,Adam Fadili,X787992,41,Bachelor,45 Residence Hassan II,Nouaceur,,Y,7,Y,Own
9350,A00009351,Salma Lahlou,BJ640721,58,High School,13 Boulevard Al Qods,Casablanca,20220.0,N,3,Y,Rent
9351,A00004461,Mohamed Salhi,JK432023,49,Bachelor,19 Hay Bernoussi,Agadir,80000.0,Y,2,Y,Own
9352,A00004453,Mohamed Farissi,JK997301,39,Masters,42 Boulevard Hassan II,Agadir,80000.0,Y,7,Y,Own
9353,A00000209,Youssef Berrada,EE178650,29,High School,10 Boulevard Al Qods,Marrakech,40000.0,Y,7,Y,Mortgage
9354,A00003422,Salma Banoune,JA709354,54,Bachelor,23 Hay Salam,Guelmim,81000.0,Y,7,N,Rent
9355,A00008332,Kaoutar Barghoud,JK730358,56,,5 Avenue El Fadl,Agadir,80000.0,Y,3,Y,Rent
9356,A00005006,Hassan Tazi,N996062,39,Bachelor,25 Residence Al Massira,Essaouira,44000.0,Y,7,Y,Own
9357,A00009657,Meryem Bachri,F705470,45,High School,40 Hay El Fadl,Oujda,60010.0,N,3,Y,Mortgage
9358,A00003456,Rachida Bennani,G107195,38,Masters,21 Avenue Al Houda,Kenitra,14110.0,Y,6,Y,Mortgage
9359,A00007272,Yahya Fadili,AB953417,61,,13 Boulevard Al Massira,Sale,11000.0,N,3,Y,Own
9360,A00006189,Kawtar Bachri,N205305,37,College,9 Hay Bernoussi,Essaouira,44000.0,N,5,Y,Rent
9361,A00007312,Aziza Tahiri,N525625,42,Bachelor,26 Rue Centrale,Essaouira,44000.0,N,7,Y,Rent
9362,A00007834,Meryem Lahlou,KB548766,26,Bachelor,44 Boulevard Al Massira,Tanger,90053.0,Y,5,Y,Own
9363,A00002631,Fatima Benali,X756059,61,PhD,3 Avenue Bernoussi,Ouezzane,,Y,5,Y,Rent
9364,A00005116,Youssef Fadili,DN667941,29,MD,5 Hay Bernoussi,Meknes,50010.0,Y,6,Y,Mortgage
9365,A00001392,Hassan El Idrissi,DN232069,63,Bachelor,6 Boulevard Salam,Meknes,50010.0,Y,7,Y,Mortgage
9366,A00005266,Fatima Banoune,R406479,46,,43 Hay Al Houda,El Hoceima,32000.0,Y,2,Y,Rent
9367,A00009458,Omar Ouazzani,X368416,63,Masters,20 Rue Al Massira,Moulay Bousselham,,Y,7,Y,Mortgage
9368,A00003090,Yahya Mansour,WA790341,33,,43 Hay Zerktouni,Berrechid,26100.0,N,6,N,Rent
9369,A00000656,Zineb Salhi,KB548724,44,College,17 Avenue Al Houda,Tanger,90053.0,Y,3,Y,Mortgage
9370,A00003756,Ahmed Bachri,X181188,28,High School,44 Avenue El Fadl,Sidi Harazem,,Y,3,Y,Mortgage
9371,A00003176,Fatima Jamal,L220760,61,PhD,36 Lotissement El Fadl,Tetouan,93000.0,Y,4,Y,Mortgage
9372,A00000905,Mohamed Oufkir,KB616992,42,MD,28 Lotissement Hassan II,Tanger,90053.0,Y,4,Y,Mortgage
9373,A00002715,Mohamed Bate,AB878874,52,High School,37 Residence Al Houda,Sale,11000.0,N,4,Y,Own
9374,A00007543,Jamila Mansar,JK534440,56,Bachelor,5 Avenue Zerktouni,Agadir,80000.0,N,5,Y,Mortgage
9375,A00009350,Salma Amine,X705573,38,Bachelor,31 Boulevard Hassan II,Ain Cheggag,,Y,3,Y,Mortgage
9376,A00000884,Kawtar Benali,N391665,29,High School,7 Avenue Al Qods,Essaouira,44000.0,Y,4,N,Mortgage
9377,A00000125,Malak El Idrissi,P448442,28,Bachelor,22 Lotissement Bernoussi,Ouarzazate,45000.0,Y,2,Y,Own
9378,A00001828,Adam Bachri,X392897,27,Masters,47 Lotissement Zerktouni,Ouezzane,,Y,4,Y,Own
9379,A00005814,Salma Bennani,AB492331,51,MD,29 Lotissement Salam,Sale,11000.0,Y,3,Y,Mortgage
9380,A00009643,Hiba Radi,EE337220,46,Bachelor,22 Avenue Al Qods,Marrakech,40000.0,Y,7,Y,Own
9381,A00001618,Malak Alaoui,X513732,31,High School,17 Residence Mohammed V,Zag,,Y,7,Y,Mortgage
9382,A00003826,Ahmed Bennani,CC619056,32,High School,31 Rue Centrale,Fes,30000.0,Y,7,Y,Mortgage
9383,A00001669,Jamila Amrani,X937867,27,High School,34 Hay Bernoussi,Khourubga,25000.0,Y,5,Y,Own
9384,A00001708,Omar Benali,X728109,46,Bachelor,28 Avenue Centrale,Kehf Nsour,,Y,2,Y,Own
9385,A00003270,Aya Dadi,L867445,52,Masters,3 Lotissement Zerktouni,Tetouan,93000.0,Y,4,Y,Mortgage
9386,A00009587,Yahya El Idrissi,AB725899,60,Bachelor,10 Hay Hlioua,Sale,11000.0,Y,4,Y,Mortgage
9387,A00009104,Amine Farissi,AG585851,38,Masters,14 Boulevard Al Qods,Rabat,11025.0,Y,5,Y,Own
9388,A00003989,Omar Mansar,X803622,55,Bachelor,34 Boulevard Centrale,Foum Jamaa,,N,6,Y,Own
9389,A00007969,Yahya Benali,N144299,58,Bachelor,17 Lotissement Bernoussi,Essaouira,44000.0,Y,4,Y,Mortgage
9390,A00005359,Rania Tahiri,JA797619,55,PhD,39 Lotissement Salam,Guelmim,81000.0,N,4,Y,Rent
9391,A00002284,Fatima Ezzahra  El Fassi,N927220,30,High School,46 Rue Bernoussi,Essaouira,44000.0,Y,5,Y,Rent
9392,A00002115,Hajar Eddoughmi,L114937,50,High School,42 Lotissement El Fadl,Tetouan,93000.0,Y,7,Y,Own
9393,A00005418,Kaoutar Mansar,CC439759,25,PhD,13 Lotissement Salam,Fes,30000.0,Y,7,Y,Mortgage
9394,A00009521,Malak Jamal,EE183372,44,Masters,24 Rue Hassan II,Marrakech,40000.0,Y,3,Y,Own
9395,A00009738,Fatima Ezzahra  Banoune,M299106,61,,33 Rue Hassan II,El Jadida,24010.0,Y,4,Y,Rent
9396,A00007815,Rachida Bate,EE645953,52,Bachelor,31 Boulevard Zerktouni,Marrakech,40000.0,Y,2,Y,Rent
9397,A00009510,Yahya Mansour,WA466180,49,High School,6 Lotissement El Fadl,Berrechid,26100.0,Y,6,Y,Mortgage
9398,A00000593,Othmane Eddoughmi,X528660,31,High School,41 Lotissement El Fadl,Sebt Gzoula,,N,4,Y,Own
9399,A00007715,Adam Bate,N580096,26,College,32 Avenue Al Qods,Essaouira,44000.0,Y,2,N,Own
9400,A00005528,Fatima Mansour,X590120,57,High School,42 Residence Al Houda,MideltDakhla,,Y,3,Y,Mortgage
9401,A00000743,Mohammed Amine Amrani,X641702,46,High School,41 Hay Hlioua,Rhaf Sai,,N,2,Y,Mortgage
9402,A00002628,Hiba Berrada,L112639,35,Bachelor,3 Lotissement Zerktouni,Tetouan,93000.0,N,5,Y,Rent
9403,A00001285,Hajar Dadi,N641336,51,High School,32 Hay Hlioua,Essaouira,44000.0,N,2,N,Own
9404,A00001328,Hiba Bennani,X141668,61,High School,19 Lotissement Al Houda,Alnif,,Y,5,Y,Mortgage
9405,A00005295,Hajar Alaoui,F211540,44,High School,15 Avenue Zerktouni,Oujda,60010.0,N,6,Y,Rent
9406,A00001675,Khaoula Mansar,CC784027,48,High School,3 Boulevard Hassan II,Fes,30000.0,Y,7,Y,Mortgage
9407,A00008255,Rachida Alaoui,AB427868,55,College,13 Boulevard Al Massira,Sale,11000.0,Y,4,Y,Own
9408,A00001645,Ahmed Fakhir,X629239,34,Bachelor,22 Hay Mohammed V,Ghafsai,,Y,7,N,Mortgage
9409,A00004412,Aya Barghoud,X871429,35,High School,29 Hay Al Qods,Karia Ba Mohamed,,Y,6,Y,Mortgage
9410,A00008879,Noha Benali,X396749,37,High School,49 Residence El Fadl,Khemisset,,N,3,Y,Mortgage
9411,A00000239,Youssef Lahlou,AB580348,49,Bachelor,19 Boulevard Al Houda,Sale,11000.0,N,2,Y,Rent
9412,A00004104,Youssef El Idrissi,KB273524,59,,40 Rue Hlioua,Tanger,90053.0,N,6,Y,Rent
9413,A00008354,Yahya Farissi,X971950,63,Bachelor,42 Residence Al Qods,El Menzel,,N,3,Y,Rent
9414,A00008294,Aziza Skalli,X416965,61,Masters,8 Avenue Al Houda,Mejjat,,Y,4,Y,Own
9415,A00007941,Othmane Barghoud,JK977256,26,Bachelor,26 Boulevard Bernoussi,Agadir,80000.0,Y,7,N,Rent
9416,A00001955,Khadija Mansour,DN609822,47,High School,7 Lotissement Centrale,Meknes,50010.0,N,2,Y,Own
9417,A00005498,Aziza El Yousfi,L825037,46,Bachelor,15 Boulevard Al Massira,Tetouan,93000.0,Y,5,Y,Rent
9418,A00006508,Youssef Farissi,KB915905,38,Bachelor,12 Residence Zerktouni,Tanger,90053.0,Y,2,Y,Mortgage
9419,A00004813,Malak Tazi,X503720,29,High School,30 Lotissement Zerktouni,Bradia,,Y,4,Y,Own
9420,A00003245,Hamza Bachri,X838826,28,High School,45 Boulevard Centrale,Akka,,Y,5,Y,Mortgage
9421,A00003352,Hassan Farissi,AG278031,33,PhD,9 Avenue Hassan II,Rabat,11025.0,N,7,Y,Mortgage
9422,A00006456,Omar Mansar,AB570004,44,High School,28 Avenue Al Massira,Sale,11000.0,Y,4,Y,Rent
9423,A00003511,Ahmed Berrada,X565306,43,Bachelor,21 Avenue Centrale,Bni Gorfet,,N,2,Y,Rent
9424,A00000240,Rania Tahiri,AG122314,54,High School,28 Hay Al Houda,Rabat,11025.0,Y,3,Y,Own
9425,A00000037,Fatima Eddoughmi,X959528,63,High School,12 Residence Mohammed V,Kasba Tadla,,Y,6,Y,Mortgage
9426,A00002444,Hamza Banoune,CC949170,36,MD,43 Avenue Al Houda,Fes,30000.0,Y,6,Y,Rent
9427,A00002972,Aziza Bate,KB896194,46,Bachelor,31 Lotissement Al Qods,Tanger,90053.0,Y,2,Y,Mortgage
9428,A00007973,Khadija Moufkir ,JK783452,60,Bachelor,28 Lotissement Salam,Agadir,80000.0,N,7,Y,Own
9429,A00001672,Omar Bate,EE848106,28,High School,47 Rue Centrale,Marrakech,40000.0,Y,7,Y,Rent
9430,A00006214,Khaoula Lahlou,DN138431,60,Bachelor,8 Boulevard Hassan II,Meknes,50010.0,Y,3,Y,Rent
9431,A00004196,Ahmed Ouazzani,AB922763,36,Masters,26 Lotissement Hassan II,Sale,11000.0,Y,6,Y,Mortgage
9432,A00005404,Noha Amine,X784126,52,Bachelor,1 Avenue Salam,Souani,,Y,6,Y,Rent
9433,A00002447,Noha Fakhir,DN432958,51,Bachelor,49 Lotissement Salam,Meknes,50010.0,Y,5,Y,Rent
9434,A00009443,Omar Dadi,L499227,35,Bachelor,39 Rue Hlioua,Tetouan,93000.0,Y,5,Y,Mortgage
9435,A00002815,Rachida Fakhir,N877030,28,College,22 Boulevard Mohammed V,Essaouira,44000.0,Y,2,Y,Rent
9436,A00007975,Jamila Eddoughmi,DN740378,44,Bachelor,29 Rue Al Houda,Meknes,50010.0,Y,3,Y,Own
9437,A00009707,Rania Eddoughmi,AB584356,53,Bachelor,17 Hay Bernoussi,Sale,11000.0,Y,2,Y,Mortgage
9438,A00003293,Khadija Lahlou,KB566121,55,Bachelor,45 Boulevard Mohammed V,Tanger,90053.0,Y,4,Y,Rent
9439,A00001495,Hamza Benali,DN727174,28,Bachelor,23 Residence Bernoussi,Meknes,50010.0,Y,4,Y,Own
9440,A00006104,Khaoula Amrani,AB688767,27,High School,6 Residence Al Massira,Sale,11000.0,Y,4,Y,Mortgage
9441,A00000161,Zineb Farissi,Y988349,51,College,6 Hay Al Houda,El Kelaa des Sraghna,43000.0,Y,3,Y,Rent
9442,A00006878,Youssef Eddoughmi,BJ559288,58,High School,42 Boulevard Al Massira,Casablanca,20220.0,N,4,Y,Rent
9443,A00009009,Aziza Tahiri,X244802,53,Bachelor,42 Lotissement Al Qods,Warren,,Y,2,Y,Mortgage
9444,A00009276,Salma Benali,G872169,33,Bachelor,40 Residence Hassan II,Kenitra,14110.0,Y,4,Y,Mortgage
9445,A00001368,Aya Ouazzani,DN562806,45,High School,10 Avenue Zerktouni,Meknes,50010.0,N,2,N,Mortgage
9446,A00003631,Aya Banoune,JK833701,62,Masters,15 Boulevard Centrale,Agadir,80000.0,Y,4,Y,Rent
9447,A00003721,Hajar Dadi,N709719,35,Bachelor,25 Rue Hassan II,Essaouira,44000.0,N,3,Y,Mortgage
9448,A00006135,Othmane Metouali,L513723,37,Masters,15 Hay Centrale,Tetouan,93000.0,Y,4,Y,Mortgage
9449,A00006441,Aziza Tazi,R835916,61,College,3 Boulevard Hlioua,El Hoceima,32000.0,Y,2,Y,Mortgage
9450,A00008754,Fatima Ezzahra  Farissi,F832771,34,College,4 Boulevard Hlioua,Oujda,60010.0,Y,3,Y,Mortgage
9451,A00004978,Zineb El Fassi,QA210664,42,High School,16 Boulevard Al Houda,Oued Zem,25200.0,Y,2,N,Mortgage
9452,A00001396,Aya Fadili,L799745,32,MD,32 Avenue Al Massira,Tetouan,93000.0,Y,4,Y,Own
9453,A00007039,Hassan Amine,L757136,31,High School,7 Residence Al Houda,Tetouan,93000.0,N,3,Y,Mortgage
9454,A00006479,Mohamed Barghoud,DN116034,61,High School,13 Hay Salam,Meknes,50010.0,Y,7,Y,Own
9455,A00008738,Hassan Bachri,AB613472,46,MD,36 Lotissement Bernoussi,Sale,11000.0,N,2,Y,Own
9456,A00001226,Aya Eddoughmi,X121470,41,High School,18 Residence Al Houda,Agdz,,Y,7,Y,Own
9457,A00000283,Khadija Bate,X683439,49,Bachelor,33 Avenue Mohammed V,Kalaat M'Gouna,,Y,4,Y,Own
9458,A00007157,Khadija Amrani,X247252,47,High School,27 Lotissement Centrale,Driouch,,Y,7,Y,Rent
9459,A00008574,Rania El Fassi,X985966,62,College,2 Avenue Hassan II,Mediouna,,Y,4,Y,Rent
9460,A00007740,Jamila Moufkir ,DN358381,51,College,43 Avenue Zerktouni,Meknes,50010.0,Y,3,Y,Mortgage
9461,A00008593,Jamila Bachri,JK797353,41,High School,40 Avenue Zerktouni,Agadir,80000.0,Y,7,Y,Rent
9462,A00000554,Rachida Moufkir ,X669137,27,Masters,49 Avenue Bernoussi,Tendrara,,Y,7,Y,Mortgage
9463,A00008929,Noha Bennani,X355845,44,Bachelor,7 Boulevard Bernoussi,Ain Dfali,,N,7,Y,Own
9464,A00000487,Youssef Benchikh,DN786960,64,MD,35 Residence El Fadl,Meknes,50010.0,Y,6,Y,Rent
9465,A00004576,Ahmed Tahiri,KB701000,34,Masters,31 Rue Zerktouni,Tanger,90053.0,N,7,Y,Rent
9466,A00005365,Mohamed Mansour,JK963357,46,Bachelor,37 Residence Bernoussi,Agadir,80000.0,Y,7,Y,Rent
9467,A00005156,Salma Radi,EE158955,47,MD,24 Avenue Al Houda,Marrakech,40000.0,Y,7,Y,Own
9468,A00001290,Rachida Bennani,F432511,40,,24 Boulevard Al Houda,Oujda,60010.0,N,2,Y,Own
9469,A00009998,Omar Kibala,KB990884,37,Bachelor,40 Lotissement Hassan II,Tanger,90053.0,N,6,Y,Mortgage
9470,A00008221,Aziza Benchikh,EE527751,36,College,42 Avenue El Fadl,Marrakech,40000.0,Y,7,Y,Mortgage
9471,A00001762,Kawtar El Idrissi,L696368,49,Masters,3 Avenue Al Massira,Tetouan,93000.0,Y,3,Y,Rent
9472,A00009249,Rachida Benchikh,X523955,31,Bachelor,11 Avenue Hlioua,Zerkten,,N,5,Y,Own
9473,A00009169,Hassan Kibala,X516331,27,PhD,15 Boulevard Bernoussi,Skhirat,,Y,3,Y,Mortgage
9474,A00009073,Khaoula Fadili,X128423,58,Bachelor,17 Rue Centrale,,,N,5,Y,Mortgage
9475,A00006161,Rania Mansar,CB203117,31,College,4 Hay Al Massira,Sefrou,31000.0,N,3,Y,Mortgage
9476,A00008792,Yahya Skalli,BJ179085,48,Masters,10 Hay Hlioua,Casablanca,20220.0,Y,7,Y,Rent
9477,A00005778,Ahmed Berrada,G339039,55,Bachelor,33 Residence El Fadl,Kenitra,14110.0,N,4,Y,Rent
9478,A00002233,Hiba Tahiri,AG381365,43,High School,46 Hay El Fadl,Rabat,11025.0,Y,3,Y,Own
9479,A00005421,Youssef Jamal,X851119,30,Bachelor,30 Avenue Centrale,Akka,,Y,5,Y,Own
9480,A00008023,Hamza Ouazzani,DN446884,64,High School,10 Avenue Zerktouni,Meknes,50010.0,Y,3,Y,Mortgage
9481,A00007383,Khaoula Radi,DN969257,42,High School,1 Hay Zerktouni,Meknes,50010.0,N,4,Y,Mortgage
9482,A00006850,Mohamed Dadi,X277546,49,High School,11 Rue Hlioua,Zagora,,Y,3,N,Own
9483,A00003592,Khaoula Skalli,X865630,27,High School,21 Hay Mohammed V,Had Soualem,,Y,7,Y,Own
9484,A00005789,Othmane Eddoughmi,X572043,34,Bachelor,1 Rue Hassan II,Khenichet,,Y,6,Y,Mortgage
9485,A00009038,Othmane Benchikh,AB545899,40,PhD,13 Hay Al Qods,Sale,11000.0,Y,7,Y,Rent
9486,A00003900,Khadija Amine,X664161,32,High School,47 Boulevard Al Qods,Selouane,,Y,6,Y,Rent
9487,A00004259,Zineb Mansour,BJ581099,35,High School,44 Avenue Hlioua,Casablanca,20220.0,Y,6,Y,Rent
9488,A00003969,Hamza Radi,L900528,46,High School,2 Lotissement Hassan II,Tetouan,93000.0,Y,3,Y,Rent
9489,A00005691,Jamila Benchikh,EE461832,44,PhD,13 Lotissement Centrale,Marrakech,40000.0,Y,4,N,Rent
9490,A00001797,Hajar Skalli,KB793203,33,,4 Boulevard Al Massira,Tanger,90053.0,Y,3,Y,Rent
9491,A00007710,Salma Lahlou,JK248300,60,MD,19 Hay Bernoussi,Agadir,80000.0,Y,3,Y,Own
9492,A00005213,Omar Alaoui,AB947127,38,Bachelor,45 Boulevard Al Qods,Sale,11000.0,N,2,Y,Own
9493,A00007029,Mohammed Amine Benali,HH637092,44,High School,20 Boulevard Zerktouni,Safi,46000.0,Y,4,Y,Rent
9494,A00004867,Aya El Yousfi,DN426518,59,PhD,33 Hay El Fadl,Meknes,50010.0,Y,6,Y,Rent
9495,A00000404,Zineb Fakhir,BJ426246,34,Bachelor,34 Avenue Al Massira,Casablanca,20220.0,Y,5,Y,Rent
9496,A00001877,Kaoutar Radi,DN596178,33,PhD,43 Residence Zerktouni,Meknes,50010.0,Y,6,Y,Rent
9497,A00006211,Taha Berrada,OD223672,35,High School,30 Rue Zerktouni,Dakhla,73000.0,Y,6,Y,Mortgage
9498,A00009776,Adam Berrada,DN301056,59,High School,6 Rue Hassan II,Meknes,50010.0,Y,7,Y,Rent
9499,A00001835,Kawtar Mansour,CC384866,58,Bachelor,25 Boulevard Hlioua,Fes,30000.0,Y,6,Y,Rent
9500,A00009395,Omar El Fassi,ZG462180,35,Bachelor,11 Boulevard Al Massira,Guercif,37000.0,N,3,Y,Own
9501,A00005194,Adam Jamal,KB493115,49,Bachelor,39 Avenue Hlioua,Tanger,90053.0,Y,7,Y,Mortgage
9502,A00007610,Kaoutar Mansar,X581457,43,College,33 Lotissement Mohammed V,Lqliiaa,,Y,5,Y,Mortgage
9503,A00007421,Jamila Amine,BJ569112,37,Bachelor,26 Rue Hassan II,Casablanca,20220.0,Y,6,Y,Mortgage
9504,A00008634,Ahmed Eddoughmi,X174501,56,,10 Boulevard Zerktouni,Hardwick,,Y,2,Y,Mortgage
9505,A00008329,Fatima El Yousfi,F552319,31,PhD,14 Avenue Centrale,Oujda,60010.0,Y,7,Y,Rent
9506,A00008231,Jamila Farissi,X674451,45,Masters,26 Boulevard Hlioua,Ouezzane,,Y,3,Y,Mortgage
9507,A00008798,Rania Amrani,AG694041,32,Masters,24 Rue Hassan II,Rabat,11025.0,N,2,Y,Rent
9508,A00001596,Fatima Ezzahra  Benali,JK918309,43,PhD,48 Rue Hassan II,Agadir,80000.0,Y,3,Y,Mortgage
9509,A00006495,Aya Fadili,L720527,40,College,14 Residence Al Houda,Tetouan,93000.0,Y,6,N,Own
9510,A00000721,Khaoula Amine,N685001,33,MD,12 Lotissement Hlioua,Essaouira,44000.0,Y,5,Y,Rent
9511,A00005097,Rania Oufkir,BJ231081,51,,26 Lotissement Al Massira,Casablanca,20220.0,Y,4,N,Mortgage
9512,A00003872,Hamza Moufkir ,F403662,44,Bachelor,11 Residence Al Massira,Oujda,60010.0,N,6,Y,Rent
9513,A00009456,Ahmed El Fassi,G602379,29,High School,37 Avenue Bernoussi,Kenitra,14110.0,Y,7,Y,Rent
9514,A00005246,Mohamed Bate,AG359591,28,High School,42 Avenue Al Massira,Rabat,11025.0,N,3,Y,Rent
9515,A00000422,Noha Amrani,BJ283115,41,Bachelor,30 Rue Al Massira,Casablanca,20220.0,N,7,Y,Own
9516,A00007537,Mohamed Benali,X119528,26,College,7 Boulevard Hlioua,Khourubga,25000.0,N,2,Y,Own
9517,A00001352,Hiba Banoune,L110509,30,High School,45 Lotissement Hlioua,Tetouan,93000.0,N,4,Y,Mortgage
9518,A00006100,Omar Barghoud,G413607,51,College,22 Rue Zerktouni,Kenitra,14110.0,Y,7,Y,Mortgage
9519,A00004388,Adam Radi,DN447543,54,Bachelor,39 Lotissement Mohammed V,Meknes,50010.0,Y,2,Y,Rent
9520,A00007586,Hamza Kibala,X761383,54,Bachelor,29 Rue Mohammed V,Hesperia,,Y,3,Y,Rent
9521,A00008250,Othmane Alaoui,AG187372,51,Masters,43 Boulevard Al Massira,Rabat,11025.0,Y,7,Y,Mortgage
9522,A00001472,Adam Amine,BJ545696,28,Bachelor,25 Hay Centrale,Casablanca,20220.0,Y,4,N,Rent
9523,A00004251,Aziza Oufkir,N488890,51,Bachelor,2 Lotissement Al Houda,Essaouira,44000.0,Y,6,Y,Mortgage
9524,A00004039,Rachida Fakhir,F933205,46,MD,31 Hay Zerktouni,Oujda,60010.0,Y,3,Y,Own
9525,A00003519,Ahmed Farissi,EE478637,58,High School,2 Boulevard Al Massira,Marrakech,40000.0,Y,6,Y,Own
9526,A00003344,Adam Fakhir,AG777893,52,Bachelor,28 Hay Al Houda,Rabat,11025.0,N,5,N,Rent
9527,A00005077,Yahya Radi,X101018,60,Bachelor,10 Residence Zerktouni,Bhalil,,Y,7,Y,Own
9528,A00004733,Omar Farissi,OD754452,27,High School,30 Rue Zerktouni,Dakhla,73000.0,Y,2,Y,Rent
9529,A00005162,Youssef Alaoui,X275272,27,High School,8 Avenue Al Houda,Mejjat,,Y,4,Y,Rent
9530,A00008245,Amine Dadi,FA675272,57,High School,7 Residence Al Qods,Berkane,60300.0,Y,5,Y,Mortgage
9531,A00003500,Youssef El Fassi,N397341,56,,29 Avenue Hlioua,Essaouira,44000.0,N,3,Y,Own
9532,A00004955,Youssef Tahiri,F764677,39,Bachelor,47 Avenue Salam,Oujda,60010.0,Y,3,Y,Mortgage
9533,A00003412,Hajar Berrada,X852532,61,College,11 Avenue El Fadl,Tafraout,,Y,2,N,Rent
9534,A00003478,Zineb Skalli,AG482050,33,PhD,16 Boulevard Zerktouni,Rabat,11025.0,Y,7,Y,Rent
9535,A00008914,Ahmed Benchikh,L632565,42,Bachelor,11 Lotissement Al Houda,Tetouan,93000.0,Y,3,Y,Own
9536,A00001788,Hassan Alaoui,LC223979,29,College,4 Lotissement Bernoussi,Chefchaouen,91000.0,N,6,Y,Own
9537,A00003595,Fatima Alaoui,G758726,62,Bachelor,18 Hay Zerktouni,Kenitra,14110.0,Y,7,Y,Rent
9538,A00001693,Kawtar Mansour,X736545,36,Bachelor,18 Residence Al Houda,Agdz,,Y,5,Y,Mortgage
9539,A00003865,Mohammed Amine Dadi,X614697,55,,12 Hay El Fadl,El Menzel,,Y,7,Y,Mortgage
9540,A00006807,Yahya Mansar,X996048,53,PhD,27 Hay Hassan II,Tissa,,N,7,Y,Rent
9541,A00003440,Jamila Tazi,M759212,59,Bachelor,33 Rue Hassan II,El Jadida,24010.0,Y,7,Y,Mortgage
9542,A00000892,Kawtar Farissi,X250159,49,Bachelor,30 Lotissement Zerktouni,Bradia,,N,3,Y,Mortgage
9543,A00005018,Malak Tahiri,AG532732,30,Bachelor,22 Rue Al Houda,Rabat,11025.0,Y,6,Y,Rent
9544,A00009653,Yahya Eddoughmi,X849034,57,Bachelor,17 Avenue Al Massira,Ait M'hamed,,Y,6,Y,Own
9545,A00000590,Fatima Ezzahra  Eddoughmi,QA975488,36,High School,9 Rue Al Houda,Oued Zem,25200.0,Y,7,Y,Mortgage
9546,A00006056,Hiba Eddoughmi,X150171,58,Masters,49 Residence Bernoussi,,,Y,2,Y,Mortgage
9547,A00001636,Fatima Ezzahra  Lahlou,BJ582302,63,Bachelor,38 Boulevard Mohammed V,Casablanca,20220.0,Y,5,Y,Mortgage
9548,A00004967,Omar Lahlou,KB127077,54,High School,39 Rue Salam,Tanger,90053.0,Y,3,Y,Rent
9549,A00005831,Taha Radi,KB896586,34,Bachelor,10 Avenue Al Houda,Tanger,90053.0,Y,6,Y,Own
9550,A00008132,Kaoutar Mansar,W601629,36,Bachelor,26 Avenue Zerktouni,Settat,26000.0,Y,4,Y,Rent
9551,A00003074,Mohamed Tahiri,AG667492,48,Bachelor,16 Residence Al Houda,Rabat,11025.0,Y,5,Y,Own
9552,A00001723,Aya Jamal,EE878229,46,College,38 Residence Salam,Marrakech,40000.0,Y,4,Y,Own
9553,A00004047,Malak Fadili,G445712,33,Bachelor,34 Residence Mohammed V,Kenitra,14110.0,N,4,Y,Own
9554,A00009126,Aziza Amine,EE461190,37,PhD,21 Avenue El Fadl,Marrakech,40000.0,Y,7,Y,Own
9555,A00009021,Adam Fakhir,DN397271,25,Bachelor,43 Avenue Zerktouni,Meknes,50010.0,N,6,Y,Mortgage
9556,A00002056,Othmane Amine,CB451470,56,Bachelor,46 Rue Zerktouni,Sefrou,31000.0,Y,4,Y,Mortgage
9557,A00008967,Zineb Kibala,KB448458,48,High School,26 Rue Bernoussi,Tanger,90053.0,Y,5,Y,Own
9558,A00006610,Hiba Metouali,X880689,48,High School,42 Avenue Hassan II,Ouezzane,,Y,5,Y,Rent
9559,A00005381,Yahya Barghoud,X203683,53,High School,25 Boulevard Salam,Matarka,,N,7,Y,Rent
9560,A00008744,Youssef Dadi,X928488,48,Bachelor,21 Avenue Centrale,Bni Gorfet,,Y,6,Y,Rent
9561,A00005521,Rachida Banoune,X521165,30,Masters,43 Boulevard Centrale,Oulmes,,Y,3,Y,Rent
9562,A00005934,Omar Dadi,KB567326,52,High School,49 Residence El Fadl,Tanger,90053.0,N,6,Y,Own
9563,A00003861,Zineb Bachri,AB782559,39,Bachelor,13 Hay Al Qods,Sale,11000.0,N,3,Y,Rent
9564,A00001735,Khadija Bennani,KB739314,53,High School,38 Rue El Fadl,Tanger,90053.0,N,3,Y,Mortgage
9565,A00002077,Youssef Lahlou,BJ255062,42,College,17 Boulevard Hassan II,Casablanca,20220.0,Y,2,Y,Mortgage
9566,A00007059,Yahya Jamal,AB955093,36,College,7 Boulevard Zerktouni,Sale,11000.0,Y,7,Y,Own
9567,A00002916,Omar Berrada,X986690,47,MD,19 Lotissement Hlioua,Bir Tam-Tam,,N,7,Y,Mortgage
9568,A00009080,Malak Metouali,X963068,38,High School,37 Residence Hassan II,Imouzzer Kandar,,Y,7,Y,Rent
9569,A00006911,Jamila Amine,X365194,33,Bachelor,31 Boulevard El Fadl,Tamanar,,N,4,Y,Own
9570,A00005759,Youssef Amrani,KB517561,55,High School,42 Lotissement Zerktouni,Tanger,90053.0,Y,6,Y,Rent
9571,A00008142,Aya El Yousfi,X741746,49,Bachelor,16 Lotissement Al Massira,Ouaouizeght,,N,3,Y,Rent
9572,A00002608,Aya Radi,X927846,32,Bachelor,42 Hay Al Qods,M'diq,,Y,7,Y,Own
9573,A00006146,Khaoula Ouazzani,X198838,44,College,27 Avenue Al Qods,Guelta Zemmur,,N,3,N,Own
9574,A00007296,Mohamed Skalli,G576357,51,Masters,4 Avenue Al Houda,Kenitra,14110.0,N,6,Y,Mortgage
9575,A00000080,Rachida Eddoughmi,EE272437,26,Masters,28 Avenue Al Houda,Marrakech,40000.0,Y,4,Y,Rent
9576,A00004985,Malak Farissi,BJ952155,52,Bachelor,26 Rue Hassan II,Casablanca,20220.0,Y,2,Y,Rent
9577,A00005294,Omar Tazi,G826871,52,College,8 Avenue Zerktouni,Kenitra,14110.0,N,3,Y,Rent
9578,A00002929,Zineb Fadili,JK716856,59,Bachelor,33 Lotissement Hassan II,Agadir,80000.0,Y,6,Y,Own
9579,A00008695,Hajar Alaoui,X717669,44,Masters,21 Residence Salam,Sebaa Aiyoun,,N,6,Y,Own
9580,A00000602,Othmane Farissi,JK394386,34,Bachelor,9 Boulevard Zerktouni,Agadir,80000.0,N,6,Y,Own
9581,A00004243,Hassan Barghoud,CB838953,53,,39 Boulevard Al Houda,Sefrou,31000.0,Y,6,Y,Rent
9582,A00005358,Malak Amrani,L244658,57,College,39 Avenue Bernoussi,Tetouan,93000.0,Y,7,Y,Rent
9583,A00005236,Amine Radi,BJ611285,47,College,5 Boulevard El Fadl,Casablanca,20220.0,Y,7,Y,Rent
9584,A00002287,Taha Berrada,L372583,64,High School,6 Residence Al Houda,Tetouan,93000.0,Y,2,Y,Rent
9585,A00003298,Ahmed Berrada,AB673430,41,MD,35 Residence El Fadl,Sale,11000.0,Y,7,Y,Own
9586,A00003936,Khaoula Mansar,BJ883133,53,Masters,17 Boulevard Hassan II,Casablanca,20220.0,N,7,Y,Mortgage
9587,A00005709,Aya Moufkir ,L854569,41,MD,21 Boulevard Hassan II,Tetouan,93000.0,Y,4,Y,Rent
9588,A00000652,Khadija Dadi,CC588621,41,Bachelor,13 Rue Al Houda,Fes,30000.0,Y,3,Y,Mortgage
9589,A00006844,Hajar Mansar,CC566765,33,Bachelor,33 Boulevard Hlioua,Fes,30000.0,Y,7,Y,Own
9590,A00009999,Hiba Barghoud,F457353,63,MD,15 Avenue Al Qods,Oujda,60010.0,Y,6,Y,Mortgage
9591,A00004976,Othmane Farissi,KB341167,46,High School,2 Residence Centrale,Tanger,90053.0,N,5,Y,Rent
9592,A00005717,Salma El Idrissi,JK221595,60,Masters,16 Avenue Bernoussi,Agadir,80000.0,Y,5,Y,Rent
9593,A00008775,Kawtar Oufkir,L923591,29,,33 Hay El Fadl,Tetouan,93000.0,Y,3,Y,Rent
9594,A00002249,Amine Amine,CC609782,53,Bachelor,23 Lotissement El Fadl,Fes,30000.0,N,4,Y,Mortgage
9595,A00002948,Fatima Kibala,G364440,56,Masters,25 Lotissement Zerktouni,Kenitra,14110.0,Y,4,Y,Own
9596,A00004387,Jamila Amrani,AG750539,49,Bachelor,48 Boulevard Al Massira,Rabat,11025.0,Y,2,Y,Rent
9597,A00001748,Meryem Oufkir,F239164,34,Bachelor,27 Avenue Al Massira,Oujda,60010.0,N,3,Y,Rent
9598,A00001176,Omar Benali,BJ189035,55,Bachelor,2 Boulevard Zerktouni,Casablanca,20220.0,N,7,Y,Rent
9599,A00006705,Kaoutar Farissi,WA407822,49,Bachelor,38 Avenue Salam,Berrechid,26100.0,Y,5,Y,Mortgage
9600,A00001668,Fatima Ezzahra  Bate,X749381,43,PhD,40 Boulevard Zerktouni,Ouaoumana,,N,2,Y,Rent
9601,A00008199,Amine Bate,X993109,38,Bachelor,19 Hay Bernoussi,Foum Jamaa,,Y,5,Y,Mortgage
9602,A00001287,Hiba Benchikh,G855434,48,Masters,47 Rue Mohammed V,Kenitra,14110.0,Y,2,Y,Rent
9603,A00006021,Mohammed Amine Metouali,X558123,47,Bachelor,18 Residence Hassan II,Mograne,,Y,5,Y,Rent
9604,A00000016,Taha Eddoughmi,G611507,60,Masters,2 Lotissement Al Qods,Kenitra,14110.0,Y,4,Y,Rent
9605,A00000231,Kaoutar Fadili,KB323488,54,Bachelor,45 Rue Al Massira,Tanger,90053.0,Y,6,Y,Rent
9606,A00009866,Kaoutar Metouali,JA612062,52,Masters,48 Lotissement Salam,Guelmim,81000.0,Y,2,Y,Rent
9607,A00001342,Hiba Mansour,G832498,40,Masters,25 Boulevard Salam,Kenitra,14110.0,N,5,Y,Mortgage
9608,A00007956,Khaoula Berrada,KB168083,44,Masters,20 Rue El Fadl,Tanger,90053.0,Y,3,Y,Own
9609,A00009348,Khadija Fadili,DN303506,33,PhD,44 Hay Hassan II,Meknes,50010.0,Y,5,N,Rent
9610,A00006688,Omar Tazi,DN821271,37,Bachelor,37 Lotissement Salam,Meknes,50010.0,Y,5,Y,Own
9611,A00008763,Fatima Barghoud,F521138,25,College,26 Rue Al Houda,Oujda,60010.0,N,2,Y,Rent
9612,A00002819,Khaoula Moufkir ,L715163,56,Bachelor,39 Avenue Bernoussi,Tetouan,93000.0,N,6,Y,Mortgage
9613,A00004333,Ahmed Jamal,BJ245391,48,High School,44 Lotissement Bernoussi,Casablanca,20220.0,Y,2,Y,Mortgage
9614,A00008964,Kaoutar Mansour,JC452914,28,High School,13 Boulevard Al Qods,Taaroudant,83000.0,N,3,Y,Rent
9615,A00003304,Rania Bate,BJ483316,42,PhD,35 Rue Al Houda,Casablanca,20220.0,Y,7,Y,Own
9616,A00001082,Hiba Berrada,JA594457,61,Bachelor,19 Avenue Zerktouni,Guelmim,81000.0,N,4,Y,Own
9617,A00004308,Kaoutar Bate,X971934,40,Masters,31 Residence Centrale,Driouch,,N,5,Y,Own
9618,A00009740,Rachida Benali,CC518688,53,Bachelor,8 Avenue Hlioua,Fes,30000.0,N,5,Y,Mortgage
9619,A00002731,Hiba Eddoughmi,X961277,29,Bachelor,25 Avenue Hlioua,Ben Taieb,,N,2,Y,Mortgage
9620,A00001901,Adam Skalli,FA150579,38,College,31 Boulevard Salam,Berkane,60300.0,Y,4,Y,Own
9621,A00002256,Jamila Bate,CC808729,35,Bachelor,11 Lotissement Mohammed V,Fes,30000.0,Y,7,Y,Rent
9622,A00006683,Omar Dadi,L702698,29,Bachelor,20 Residence Al Massira,Tetouan,93000.0,Y,2,Y,Mortgage
9623,A00007223,Rachida Metouali,JK379434,54,PhD,9 Lotissement El Fadl,Agadir,80000.0,Y,3,Y,Own
9624,A00007631,Youssef El Yousfi,N111048,52,Bachelor,29 Lotissement Mohammed V,Essaouira,44000.0,Y,6,N,Own
9625,A00005815,Kawtar Tazi,AG273798,30,Bachelor,9 Boulevard Al Houda,Rabat,11025.0,Y,5,Y,Mortgage
9626,A00002879,Youssef Bate,DN296409,38,High School,13 Hay Salam,Meknes,50010.0,N,7,Y,Mortgage
9627,A00002743,Meryem Banoune,JK941792,55,Bachelor,4 Rue Bernoussi,Agadir,80000.0,Y,7,Y,Mortgage
9628,A00004856,Kawtar Lahlou,AG673852,37,High School,16 Rue Al Houda,Rabat,11025.0,Y,3,Y,Rent
9629,A00004381,Mohamed Amrani,G907314,37,High School,12 Rue Hlioua,Kenitra,14110.0,Y,5,Y,Mortgage
9630,A00006700,Khaoula Tazi,DN126888,31,Masters,6 Boulevard Salam,Meknes,50010.0,Y,4,Y,Mortgage
9631,A00009994,Aya Barghoud,X567882,46,Masters,46 Boulevard El Fadl,Khenifra,,Y,2,Y,Mortgage
9632,A00004061,Khaoula Amrani,JK808478,50,Bachelor,6 Boulevard El Fadl,Agadir,80000.0,Y,2,Y,Rent
9633,A00001248,Salma Skalli,AG927616,46,High School,47 Hay Hassan II,Rabat,11025.0,N,5,Y,Own
9634,A00002574,Yahya Bennani,BJ733103,29,Bachelor,34 Avenue Al Massira,Casablanca,20220.0,Y,7,Y,Mortgage
9635,A00009626,Malak Jamal,X152038,38,Bachelor,32 Hay Hlioua,Ben Taieb,,Y,4,Y,Own
9636,A00004090,Fatima Ezzahra  Banoune,DN894795,37,Bachelor,49 Residence Hlioua,Meknes,50010.0,Y,5,Y,Own
9637,A00001548,Ahmed El Fassi,AB642609,49,Bachelor,32 Hay Hlioua,Sale,11000.0,Y,4,Y,Mortgage
9638,A00004282,Fatima Ezzahra  Dadi,N331991,30,Bachelor,36 Boulevard Centrale,Essaouira,44000.0,Y,3,Y,Mortgage
9639,A00008889,Noha Bennani,X710380,42,Bachelor,25 Boulevard El Fadl,Zaouiat Ahansal,,Y,6,Y,Mortgage
9640,A00009977,Adam Bate,JA293177,55,Bachelor,22 Boulevard Salam,Guelmim,81000.0,Y,3,Y,Mortgage
9641,A00006975,Hassan Banoune,F121987,50,High School,9 Avenue Al Massira,Oujda,60010.0,N,5,Y,Own
9642,A00008931,Omar Bachri,AG796100,48,Masters,21 Avenue Hlioua,Rabat,11025.0,Y,6,Y,Own
9643,A00001006,Hassan Fakhir,N613251,48,High School,28 Avenue Salam,Essaouira,44000.0,Y,2,Y,Own
9644,A00001466,Noha Eddoughmi,BJ990663,45,MD,37 Hay Hassan II,Casablanca,20220.0,Y,5,Y,Rent
9645,A00006183,Kawtar Mansar,X410744,44,Bachelor,16 Lotissement Al Massira,Ouaouizeght,,N,2,Y,Rent
9646,A00005504,Noha Bachri,HH182021,55,,21 Residence Al Massira,Safi,46000.0,Y,7,Y,Rent
9647,A00004871,Mohamed Alaoui,X154017,27,Bachelor,7 Hay Hassan II,Ouezzane,,Y,6,Y,Mortgage
9648,A00001754,Kaoutar Oufkir,X569198,60,Bachelor,5 Rue Al Houda,Mehdia,,Y,2,Y,Own
9649,A00001112,Khadija Farissi,X655098,49,College,45 Residence Al Qods,Madagh,,Y,7,Y,Rent
9650,A00002806,Rachida Bachri,X947718,30,Bachelor,43 Boulevard Mohammed V,Talmest,,N,4,Y,Own
9651,A00000414,Mohamed El Idrissi,N708082,43,Masters,34 Boulevard Al Houda,Essaouira,44000.0,N,6,Y,Mortgage
9652,A00009766,Hajar Moufkir ,JK711098,48,Masters,28 Boulevard Al Massira,Agadir,80000.0,N,7,Y,Rent
9653,A00001239,Khaoula El Fassi,X410654,29,Bachelor,11 Rue Mohammed V,Echemmaia,,Y,5,Y,Own
9654,A00007063,Zineb Benchikh,G753716,30,,21 Avenue Bernoussi,Kenitra,14110.0,Y,5,N,Own
9655,A00005603,Meryem El Idrissi,X477071,27,High School,33 Hay Bernoussi,Ben Taieb,,N,5,Y,Mortgage
9656,A00005403,Omar Fadili,DA336997,56,Masters,27 Residence Bernoussi,Azrou,53100.0,Y,3,Y,Rent
9657,A00001281,Aziza Tahiri,KB788188,33,College,26 Avenue Hassan II,Tanger,90053.0,N,4,Y,Rent
9658,A00006494,Zineb El Yousfi,X504429,64,Bachelor,17 Rue Al Massira,Ouezzane,,Y,6,Y,Mortgage
9659,A00006099,Youssef Alaoui,N197157,51,College,32 Hay Hlioua,Essaouira,44000.0,N,5,Y,Own
9660,A00009902,Fatima Ezzahra  Tazi,BJ414230,54,College,5 Boulevard El Fadl,Casablanca,20220.0,N,4,Y,Own
9661,A00000705,Aziza Moufkir ,BJ328756,56,High School,16 Rue Al Houda,Casablanca,20220.0,Y,4,Y,Own
9662,A00000833,Fatima Ouazzani,AG952926,39,Masters,49 Hay Mohammed V,Rabat,11025.0,Y,2,Y,Mortgage
9663,A00009471,Hamza Banoune,DN826151,32,Bachelor,2 Residence Al Qods,Meknes,50010.0,N,6,Y,Own
9664,A00000030,Zineb Fakhir,X901962,49,Bachelor,33 Boulevard Al Houda,Ouezzane,,N,4,N,Rent
9665,A00008460,Rania Oufkir,L521222,37,High School,26 Lotissement Mohammed V,Tetouan,93000.0,N,2,Y,Own
9666,A00008994,Amine Metouali,G183771,53,College,42 Boulevard Hlioua,Kenitra,14110.0,Y,3,Y,Mortgage
9667,A00000711,Youssef Oufkir,KB189801,38,College,39 Hay Hassan II,Tanger,90053.0,N,7,Y,Mortgage
9668,A00007410,Aya Oufkir,EA558856,64,Bachelor,21 Boulevard Centrale,Ben Guerir,43150.0,Y,4,Y,Own
9669,A00009583,Aya Amine,L624754,45,PhD,14 Boulevard Zerktouni,Tetouan,93000.0,Y,2,Y,Rent
9670,A00008117,Ahmed Jamal,SH764590,31,Bachelor,30 Hay Al Qods,Laayoune,70000.0,Y,2,Y,Rent
9671,A00003460,Othmane Kibala,EE392894,40,Masters,34 Lotissement Mohammed V,Marrakech,40000.0,Y,6,Y,Mortgage
9672,A00007725,Hiba Tazi,X206252,40,MD,12 Hay Mohammed V,Ribat El Kheir,,Y,5,Y,Rent
9673,A00006663,Fatima Tazi,N343785,47,Bachelor,7 Boulevard Salam,Essaouira,44000.0,N,3,Y,Mortgage
9674,A00003676,Khaoula Fadili,AG528361,46,High School,11 Lotissement Hassan II,Rabat,11025.0,Y,5,Y,Mortgage
9675,A00005716,Salma Barghoud,JK928014,46,College,48 Boulevard Salam,Agadir,80000.0,Y,6,Y,Rent
9676,A00001886,Omar Fakhir,VA474185,39,College,5 Lotissement Salam,Midelt,54350.0,Y,6,Y,Mortgage
9677,A00000749,Omar Barghoud,AB271949,52,Masters,34 Residence Salam,Sale,11000.0,Y,4,Y,Own
9678,A00002590,Fatima El Fassi,N584492,37,High School,7 Boulevard Salam,Essaouira,44000.0,Y,3,Y,Own
9679,A00003925,Zineb Barghoud,CC316764,53,MD,33 Residence Al Qods,Fes,30000.0,Y,3,Y,Rent
9680,A00005338,Omar Jamal,EE750328,49,MD,38 Residence Salam,Marrakech,40000.0,Y,7,Y,Rent
9681,A00001130,Yahya Dadi,GK124044,27,Bachelor,25 Residence Hlioua,Sidi Kacem,16000.0,N,6,Y,Own
9682,A00008779,Ahmed Benali,EE896164,38,Masters,17 Boulevard Al Qods,Marrakech,40000.0,Y,6,Y,Mortgage
9683,A00003006,Othmane Amrani,X729959,46,Bachelor,41 Avenue Salam,Ribat El Kheir,,Y,2,Y,Rent
9684,A00000148,Omar Salhi,CC516394,25,High School,4 Rue Centrale,Fes,30000.0,N,6,Y,Own
9685,A00009453,Meryem Alaoui,BJ504962,62,Bachelor,38 Boulevard Mohammed V,Casablanca,20220.0,N,6,Y,Mortgage
9686,A00003215,Aya Bennani,N946743,63,High School,8 Residence Zerktouni,Essaouira,44000.0,Y,3,Y,Mortgage
9687,A00004176,Ahmed Berrada,CB421926,57,College,47 Boulevard Al Houda,Sefrou,31000.0,Y,7,Y,Mortgage
9688,A00004348,Rachida Tazi,JA184149,26,PhD,48 Lotissement Salam,Guelmim,81000.0,Y,4,Y,Mortgage
9689,A00009964,Malak Dadi,L162942,58,College,49 Hay Al Qods,Tetouan,93000.0,Y,7,Y,Rent
9690,A00003123,Jamila El Yousfi,G931335,57,Masters,12 Hay El Fadl,Kenitra,14110.0,Y,4,Y,Mortgage
9691,A00006347,Hiba Alaoui,AB164872,48,Bachelor,30 Residence Hassan II,Sale,11000.0,Y,4,Y,Rent
9692,A00009493,Salma Benali,L653086,57,Masters,36 Hay Centrale,Tetouan,93000.0,N,3,Y,Mortgage
9693,A00005454,Hiba Fakhir,AB485669,57,College,35 Hay Centrale,Sale,11000.0,Y,2,Y,Mortgage
9694,A00003097,Hassan Banoune,JA455332,32,Bachelor,22 Boulevard Salam,Guelmim,81000.0,Y,7,Y,Mortgage
9695,A00006778,Ahmed Banoune,JA580727,32,Bachelor,7 Residence Al Massira,Guelmim,81000.0,Y,7,Y,Rent
9696,A00007433,Salma Farissi,JK725190,30,Masters,12 Rue Al Houda,Agadir,80000.0,Y,5,Y,Rent
9697,A00006551,Taha El Fassi,AG497285,48,High School,48 Rue Hlioua,Rabat,11025.0,Y,3,Y,Own
9698,A00007429,Zineb Kibala,JK321759,61,Bachelor,30 Residence Al Qods,Agadir,80000.0,Y,4,N,Mortgage
9699,A00009602,Youssef Amine,X426680,62,MD,18 Lotissement Bernoussi,Taounate,,N,2,Y,Rent
9700,A00006822,Hamza Benali,EE777703,27,High School,13 Boulevard El Fadl,Marrakech,40000.0,Y,2,Y,Mortgage
9701,A00004044,Youssef Amrani,DN713800,39,High School,9 Boulevard Hassan II,Meknes,50010.0,Y,7,Y,Rent
9702,A00006317,Adam Tazi,X387101,46,PhD,15 Avenue Hassan II,MideltDakhla,,Y,5,Y,Rent
9703,A00007619,Othmane Ouazzani,X283466,52,Bachelor,20 Rue Hassan II,,,Y,2,Y,Rent
9704,A00001090,Adam Mansour,AB917683,38,High School,11 Residence Al Qods,Sale,11000.0,Y,2,Y,Own
9705,A00003873,Hassan Bennani,G800511,53,PhD,12 Avenue Al Massira,Kenitra,14110.0,Y,2,Y,Own
9706,A00004224,Hamza Tahiri,X742014,47,College,7 Hay El Fadl,Asilah,,Y,7,Y,Rent
9707,A00004936,Rachida Tahiri,X649343,36,Bachelor,28 Residence Bernoussi,Sidi Rahal,,N,6,Y,Rent
9708,A00006987,Fatima Berrada,X158863,26,High School,48 Lotissement Al Houda,Tahla,,N,3,Y,Mortgage
9709,A00002843,Yahya Mansar,BJ141182,48,Bachelor,10 Hay Hlioua,Casablanca,20220.0,Y,4,N,Own
9710,A00003615,Fatima Dadi,CC249688,56,Masters,24 Boulevard Zerktouni,Fes,30000.0,Y,5,Y,Own
9711,A00001641,Aziza Barghoud,AG779764,50,Bachelor,11 Hay Al Massira,Rabat,11025.0,Y,3,Y,Own
9712,A00006399,Youssef Benchikh,EE929255,45,College,37 Residence Al Houda,Marrakech,40000.0,Y,7,Y,Rent
9713,A00001554,Meryem Eddoughmi,EE580639,58,High School,31 Hay Centrale,Marrakech,40000.0,Y,7,Y,Mortgage
9714,A00003660,Kaoutar Amine,DN919449,51,High School,16 Lotissement Mohammed V,Meknes,50010.0,Y,2,Y,Own
9715,A00008079,Hiba Fakhir,X730819,60,High School,42 Lotissement Salam,Oued Laou,,Y,7,Y,Rent
9716,A00006983,Salma Amrani,EE195696,38,High School,6 Rue Al Qods,Marrakech,40000.0,N,6,Y,Mortgage
9717,A00005748,Hassan Fadili,G998198,49,Masters,21 Lotissement Al Qods,Kenitra,14110.0,Y,6,Y,Own
9718,A00004279,Othmane Farissi,JF558339,28,Bachelor,10 Hay Mohammed V,Tan Tan,82000.0,Y,6,N,Rent
9719,A00004895,Rachida Oufkir,G578341,56,High School,14 Lotissement Centrale,Kenitra,14110.0,Y,3,Y,Rent
9720,A00007792,Zineb Benchikh,AG117286,55,College,49 Avenue Al Massira,Rabat,11025.0,Y,6,Y,Mortgage
9721,A00006717,Taha Kibala,CC719650,33,MD,43 Hay Bernoussi,Fes,30000.0,Y,2,Y,Rent
9722,A00001934,Jamila Barghoud,L195857,61,Bachelor,29 Rue Bernoussi,Tetouan,93000.0,N,5,Y,Rent
9723,A00009909,Mohammed Amine Oufkir,EE492805,64,Bachelor,43 Residence Centrale,Marrakech,40000.0,Y,5,Y,Mortgage
9724,A00001620,Fatima Amrani,X936556,40,High School,36 Lotissement El Fadl,Bouizakarne,,Y,2,N,Mortgage
9725,A00009039,Noha Jamal,BJ564967,64,College,42 Rue Al Qods,Casablanca,20220.0,Y,5,Y,Mortgage
9726,A00003049,Mohammed Amine El Idrissi,X207589,34,Bachelor,1 Lotissement Al Houda,Teroual,,Y,5,Y,Mortgage
9727,A00003135,Youssef Oufkir,G768192,56,College,36 Lotissement El Fadl,Kenitra,14110.0,Y,7,Y,Rent
9728,A00000915,Salma Oufkir,X183151,37,Bachelor,21 Residence Centrale,Zaouiat Cheikh,,N,5,Y,Own
9729,A00008819,Kaoutar Tahiri,KB502913,60,High School,2 Hay Zerktouni,Tanger,90053.0,N,5,Y,Mortgage
9730,A00008565,Malak Tazi,X559256,46,Bachelor,31 Lotissement Zerktouni,Bab Berred,,Y,3,Y,Mortgage
9731,A00007145,Amine Radi,JK235965,64,High School,5 Avenue Al Houda,Agadir,80000.0,N,4,Y,Own
9732,A00003919,Youssef Fakhir,X332312,41,Bachelor,39 Lotissement Hlioua,Jorf El Melha,,Y,6,Y,Rent
9733,A00007218,Mohammed Amine Benali,AB856428,28,Bachelor,4 Residence Al Massira,Sale,11000.0,N,7,Y,Mortgage
9734,A00009383,Youssef El Fassi,X593688,42,Masters,20 Lotissement El Fadl,Had Kourt,,Y,6,Y,Own
9735,A00001987,Malak Benchikh,G275891,40,Bachelor,31 Rue Zerktouni,Kenitra,14110.0,Y,5,Y,Own
9736,A00004638,Hassan Kibala,AG356867,53,Masters,5 Hay Zerktouni,Rabat,11025.0,Y,6,Y,Mortgage
9737,A00000598,Hamza Ouazzani,KB552047,25,,12 Lotissement El Fadl,Tanger,90053.0,Y,5,Y,Own
9738,A00005108,Malak El Yousfi,X322043,37,Bachelor,42 Avenue Mohammed V,Khourubga,25000.0,Y,5,Y,Mortgage
9739,A00000416,Adam Bennani,X570914,62,High School,28 Avenue Al Houda,Kalaat M'Gouna,,Y,6,Y,Rent
9740,A00005864,Mohammed Amine Fakhir,JA738429,35,MD,16 Lotissement Bernoussi,Guelmim,81000.0,Y,6,Y,Mortgage
9741,A00009714,Malak Mansour,X113114,45,Bachelor,24 Rue Al Massira,Ain Taoujdate,,N,7,Y,Rent
9742,A00003661,Hamza Tazi,X696673,47,Bachelor,34 Lotissement Al Massira,Beni Ensar,,N,4,N,Mortgage
9743,A00000234,Yahya Oufkir,AG455595,46,PhD,2 Rue Al Massira,Rabat,11025.0,Y,2,Y,Own
9744,A00007432,Salma Dadi,F283276,32,High School,5 Lotissement Al Massira,Oujda,60010.0,N,4,Y,Mortgage
9745,A00008048,Adam Ouazzani,F655849,62,College,29 Hay Salam,Oujda,60010.0,Y,2,Y,Own
9746,A00001534,Hassan Fakhir,EE187763,25,College,43 Residence Bernoussi,Marrakech,40000.0,Y,5,Y,Mortgage
9747,A00008383,Aya Dadi,X254357,47,Bachelor,10 Rue Al Massira,Tinghir,,Y,3,Y,Mortgage
9748,A00009468,Zineb Oufkir,X130601,52,High School,11 Lotissement Mohammed V,Iksane,,Y,7,Y,Rent
9749,A00005883,Noha Kibala,X263118,26,Bachelor,7 Hay Al Massira,Ouezzane,,N,3,Y,Rent
9750,A00009558,Rania Oufkir,X815628,43,High School,45 Hay Al Qods,Ras El Ma,,Y,5,Y,Mortgage
9751,A00007441,Hamza Dadi,AB783246,51,High School,21 Boulevard Hlioua,Sale,11000.0,Y,5,N,Mortgage
9752,A00000819,Mohammed Amine Moufkir ,X334369,58,,45 Hay Hlioua,Asilah,,Y,7,Y,Rent
9753,A00000443,Zineb Tazi,F916238,34,College,44 Avenue Al Houda,Oujda,60010.0,N,6,Y,Own
9754,A00002533,Youssef Amrani,G267220,62,High School,14 Lotissement Centrale,Kenitra,14110.0,N,3,Y,Rent
9755,A00003267,Meryem Berrada,KB558516,27,Bachelor,13 Boulevard Salam,Tanger,90053.0,Y,5,Y,Rent
9756,A00009952,Youssef El Idrissi,JA355154,38,Bachelor,4 Lotissement Hlioua,Guelmim,81000.0,Y,7,Y,Rent
9757,A00000251,Hassan Banoune,AG825490,35,Bachelor,31 Lotissement Al Massira,Rabat,11025.0,Y,7,Y,Mortgage
9758,A00001107,Ahmed Lahlou,BJ873954,45,Bachelor,40 Avenue Al Houda,Casablanca,20220.0,Y,5,Y,Own
9759,A00000869,Noha Mansour,G924759,62,Masters,16 Boulevard Al Massira,Kenitra,14110.0,N,4,Y,Own
9760,A00008188,Omar Benali,QA323168,52,Masters,45 Boulevard Al Qods,Oued Zem,25200.0,Y,5,Y,Rent
9761,A00005036,Aziza Moufkir ,JK543142,59,Bachelor,41 Boulevard Al Qods,Agadir,80000.0,Y,6,Y,Own
9762,A00004805,Kaoutar Benali,L788771,47,Bachelor,12 Boulevard Mohammed V,Tetouan,93000.0,Y,4,Y,Rent
9763,A00009947,Aya Bennani,X626336,43,High School,7 Boulevard Hassan II,Tata,,Y,5,Y,Own
9764,A00009814,Khadija Eddoughmi,X312182,58,Masters,42 Avenue Al Houda,Ouezzane,,N,3,Y,Mortgage
9765,A00004025,Hiba Tazi,SH376844,61,Bachelor,30 Hay Al Qods,Laayoune,70000.0,N,6,Y,Mortgage
9766,A00007521,Omar Ouazzani,DA526756,56,Bachelor,27 Residence Bernoussi,Azrou,53100.0,Y,2,Y,Own
9767,A00006921,Adam Benchikh,X174612,26,Bachelor,43 Lotissement Centrale,Oued Amlil,,Y,5,Y,Rent
9768,A00009326,Khadija Ouazzani,LF733803,41,College,36 Rue Al Massira,Fnideq,93200.0,Y,3,Y,Mortgage
9769,A00006276,Ahmed Kibala,BJ165637,55,Bachelor,36 Avenue Centrale,Casablanca,20220.0,Y,5,Y,Own
9770,A00007801,Taha Salhi,L762678,62,High School,27 Residence Mohammed V,Tetouan,93000.0,Y,6,Y,Rent
9771,A00008445,Omar Metouali,AB676389,55,High School,32 Avenue Bernoussi,Sale,11000.0,Y,6,Y,Own
9772,A00009777,Kawtar El Fassi,KB874878,49,High School,32 Lotissement Centrale,Tanger,90053.0,Y,3,Y,Rent
9773,A00007275,Othmane Tazi,X440729,44,Masters,26 Lotissement Hassan II,Igli,,Y,2,Y,Mortgage
9774,A00008435,Youssef Moufkir ,X954800,29,Masters,8 Residence Al Massira,Imi n'Tanoute,,N,7,Y,Rent
9775,A00007744,Youssef Skalli,JK300181,49,,31 Hay Hassan II,Agadir,80000.0,Y,4,Y,Rent
9776,A00006357,Fatima Ezzahra  Mansour,HH799326,61,Masters,20 Boulevard Zerktouni,Safi,46000.0,Y,5,Y,Rent
9777,A00006436,Taha Bate,VA206952,51,High School,22 Residence Zerktouni,Midelt,54350.0,Y,5,Y,Own
9778,A00004313,Meryem Oufkir,X321010,28,Bachelor,14 Residence Centrale,Tamassint,,Y,4,Y,Rent
9779,A00008178,Meryem Kibala,X430041,40,Bachelor,2 Lotissement Mohammed V,Sebt Jahjouh,,Y,4,Y,Own
9780,A00005052,Fatima Kibala,X707541,35,Bachelor,18 Hay Centrale,Thar Es-Souk,,N,6,Y,Rent
9781,A00005936,Mohammed Amine Bate,X403339,64,Bachelor,13 Boulevard Al Houda,Bni Sidel,,Y,3,Y,Mortgage
9782,A00000988,Hassan Bennani,AB359150,49,,10 Hay Hlioua,Sale,11000.0,N,2,Y,Mortgage
9783,A00000486,Mohamed Mansar,AB819345,59,Bachelor,15 Residence Al Houda,Sale,11000.0,Y,3,Y,Rent
9784,A00002862,Youssef Oufkir,JK246759,50,College,39 Hay Centrale,Agadir,80000.0,N,7,Y,Own
9785,A00005270,Amine Alaoui,G780143,43,High School,47 Residence Salam,Kenitra,14110.0,Y,5,Y,Own
9786,A00009629,Kawtar Lahlou,AG534291,53,High School,48 Boulevard Al Massira,Rabat,11025.0,N,7,Y,Mortgage
9787,A00000047,Noha Tazi,L680838,52,Bachelor,49 Lotissement Al Qods,Tetouan,93000.0,Y,2,Y,Mortgage
9788,A00009649,Zineb Barghoud,F554137,41,High School,6 Avenue Zerktouni,Oujda,60010.0,N,7,Y,Mortgage
9789,A00007008,Fatima Dadi,EE532881,38,High School,11 Residence Salam,Marrakech,40000.0,Y,3,Y,Rent
9790,A00007645,Aziza El Yousfi,CC602607,54,High School,6 Residence Al Qods,Fes,30000.0,Y,6,Y,Rent
9791,A00003811,Khadija Banoune,P970833,36,Bachelor,46 Residence Zerktouni,Ouarzazate,45000.0,N,2,Y,Mortgage
9792,A00003334,Fatima El Yousfi,LC748156,34,MD,47 Hay Hassan II,Chefchaouen,91000.0,N,4,Y,Rent
9793,A00009320,Othmane Eddoughmi,M182854,30,College,49 Hay Bernoussi,El Jadida,24010.0,Y,2,Y,Own
9794,A00000065,Zineb Radi,JA486026,31,Bachelor,16 Hay Zerktouni,Guelmim,81000.0,N,2,Y,Mortgage
9795,A00004152,Meryem El Idrissi,JK663891,28,College,23 Rue Bernoussi,Agadir,80000.0,Y,6,Y,Rent
9796,A00007475,Fatima Ouazzani,BJ251240,34,Bachelor,4 Boulevard Al Massira,Casablanca,20220.0,Y,5,Y,Mortgage
9797,A00006505,Youssef Banoune,AG708710,40,College,4 Lotissement Bernoussi,Rabat,11025.0,Y,6,Y,Rent
9798,A00009696,Aziza Bennani,HH963145,31,Bachelor,18 Avenue Salam,Safi,46000.0,Y,6,Y,Rent
9799,A00001810,Ahmed Mansar,EE466647,61,Bachelor,45 Lotissement Salam,Marrakech,40000.0,N,6,Y,Mortgage
9800,A00007966,Fatima Berrada,EE941753,27,PhD,38 Residence Salam,Marrakech,40000.0,Y,6,Y,Rent
9801,A00007933,Taha Mansour,JK484638,63,PhD,6 Residence Al Houda,Agadir,80000.0,N,3,Y,Rent
9802,A00007995,Omar Eddoughmi,L455489,38,Bachelor,26 Lotissement Mohammed V,Tetouan,93000.0,Y,4,Y,Rent
9803,A00000634,Youssef El Fassi,KB818922,37,MD,28 Lotissement Mohammed V,Tanger,90053.0,N,6,Y,Own
9804,A00003991,Aya Bachri,EE222272,37,High School,12 Boulevard Al Houda,Marrakech,40000.0,Y,5,Y,Own
9805,A00002142,Mohamed Amine,L982726,54,Masters,1 Residence Salam,Tetouan,93000.0,Y,3,Y,Rent
9806,A00004113,Rachida Bachri,X189119,49,High School,28 Residence Bernoussi,Sidi Rahal,,Y,7,Y,Mortgage
9807,A00007914,Hamza Amrani,G560879,33,Bachelor,37 Hay Salam,Kenitra,14110.0,N,3,Y,Rent
9808,A00002322,Yahya Berrada,CC310115,59,Bachelor,17 Rue Al Massira,Fes,30000.0,N,7,Y,Rent
9809,A00001092,Mohammed Amine Bate,SA595212,51,Masters,39 Lotissement Hassan II,Nador,62000.0,Y,2,Y,Own
9810,A00002949,Mohamed Lahlou,X337980,62,High School,13 Avenue Centrale,Youssoufia,,Y,3,Y,Rent
9811,A00003452,Rania Mansour,L558653,25,Bachelor,35 Boulevard Bernoussi,Tetouan,93000.0,Y,7,Y,Rent
9812,A00005495,Omar Salhi,G441038,51,Bachelor,23 Lotissement Al Qods,Kenitra,14110.0,N,2,Y,Mortgage
9813,A00009011,Ahmed Benali,LA650718,41,High School,46 Lotissement Hlioua,Larache,92000.0,Y,4,Y,Own
9814,A00003568,Othmane El Idrissi,Y619265,46,,25 Hay Bernoussi,El Kelaa des Sraghna,43000.0,Y,3,Y,Mortgage
9815,A00000372,Mohammed Amine Amine,CB349812,40,Bachelor,38 Avenue Al Massira,Sefrou,31000.0,Y,2,Y,Mortgage
9816,A00007308,Adam Oufkir,X178780,25,MD,35 Lotissement Al Massira,Ain Chkef,,Y,6,Y,Mortgage
9817,A00008903,Noha Amrani,X551083,50,Bachelor,34 Boulevard Centrale,Foum Jamaa,,Y,5,Y,Rent
9818,A00004543,Omar Ouazzani,EE509959,51,High School,38 Hay Centrale,Marrakech,40000.0,Y,4,N,Rent
9819,A00004324,Adam Oufkir,L236455,31,Masters,13 Residence Hassan II,Tetouan,93000.0,N,6,Y,Rent
9820,A00002419,Hiba Benali,G815963,45,,12 Hay El Fadl,Kenitra,14110.0,Y,4,Y,Own
9821,A00003390,Rachida Farissi,N414885,59,Bachelor,45 Residence Centrale,Essaouira,44000.0,Y,2,Y,Own
9822,A00007422,Kawtar Moufkir ,HH133659,31,Bachelor,49 Lotissement Salam,Safi,46000.0,Y,7,Y,Rent
9823,A00004066,Fatima Bachri,X734016,31,High School,37 Boulevard Zerktouni,Khourubga,25000.0,Y,5,Y,Rent
9824,A00008353,Khaoula Mansour,BJ208576,40,Bachelor,21 Boulevard Al Qods,Casablanca,20220.0,Y,3,Y,Rent
9825,A00003769,Hamza El Fassi,JK984908,55,Bachelor,21 Avenue Salam,Agadir,80000.0,Y,6,Y,Own
9826,A00006637,Zineb Mansar,X546900,25,Bachelor,25 Hay Al Massira,Assa,,N,3,Y,Own
9827,A00007594,Kawtar Tahiri,DN892526,38,High School,6 Hay Al Massira,Meknes,50010.0,N,5,Y,Own
9828,A00007342,Youssef Berrada,JK423637,58,Bachelor,49 Avenue Hlioua,Agadir,80000.0,Y,5,Y,Own
9829,A00009983,Ahmed Amrani,X985418,34,High School,33 Residence Salam,Sidi Bou Othmane,,Y,3,Y,Own
9830,A00000719,Kaoutar Dadi,AB303942,52,,12 Residence Zerktouni,Sale,11000.0,Y,5,Y,Mortgage
9831,A00005833,Hajar Berrada,F374151,60,Bachelor,24 Boulevard Al Houda,Oujda,60010.0,Y,6,Y,Own
9832,A00007212,Malak Dadi,G208638,36,PhD,47 Lotissement Bernoussi,Kenitra,14110.0,Y,7,Y,Mortgage
9833,A00006418,Fatima Ezzahra  Metouali,Y778814,41,,47 Lotissement Hassan II,El Kelaa des Sraghna,43000.0,Y,4,Y,Own
9834,A00001200,Yahya Amrani,F568819,59,High School,28 Avenue El Fadl,Oujda,60010.0,N,7,Y,Mortgage
9835,A00001265,Amine Bachri,JK834889,63,Bachelor,49 Avenue Hlioua,Agadir,80000.0,Y,7,Y,Own
9836,A00000045,Jamila Amine,W395229,33,Bachelor,27 Residence Al Qods,Settat,26000.0,Y,4,Y,Own
9837,A00009192,Rania Skalli,KB621769,27,,4 Boulevard Al Massira,Tanger,90053.0,N,2,Y,Mortgage
9838,A00003275,Meryem Alaoui,F255244,61,College,15 Avenue Al Qods,Oujda,60010.0,Y,3,Y,Mortgage
9839,A00009306,Aziza Fadili,X639766,25,Bachelor,35 Hay Bernoussi,Sidi Redouane,,Y,4,Y,Rent
9840,A00001470,Amine Farissi,N674217,61,Bachelor,3 Rue Hlioua,Essaouira,44000.0,Y,6,Y,Mortgage
9841,A00007916,Omar Fadili,DN612565,60,High School,28 Hay Hassan II,Meknes,50010.0,Y,5,Y,Own
9842,A00001264,Taha Benali,X812689,50,Bachelor,12 Boulevard Bernoussi,Bouizakarne,,Y,7,Y,Rent
9843,A00003838,Youssef Eddoughmi,CC435119,52,Bachelor,33 Boulevard Hlioua,Fes,30000.0,Y,3,Y,Mortgage
9844,A00000089,Othmane Lahlou,DN331722,54,College,32 Hay Al Qods,Meknes,50010.0,N,6,Y,Rent
9845,A00001711,Malak Salhi,SH253692,38,Bachelor,2 Boulevard Salam,Laayoune,70000.0,Y,2,Y,Mortgage
9846,A00002520,Rania Bate,AB326059,35,College,43 Hay Mohammed V,Sale,11000.0,Y,3,Y,Rent
9847,A00003126,Hamza Amrani,N932789,58,High School,1 Lotissement Centrale,Essaouira,44000.0,Y,4,Y,Own
9848,A00004290,Fatima Ezzahra  El Fassi,EE787207,52,College,30 Residence Bernoussi,Marrakech,40000.0,Y,4,Y,Own
9849,A00002682,Mohammed Amine Metouali,SA215472,47,High School,9 Boulevard Centrale,Nador,62000.0,Y,6,Y,Rent
9850,A00005931,Aya Kibala,X849465,45,,1 Rue Al Houda,Tata,,Y,4,Y,Rent
9851,A00004821,Fatima Fakhir,JK651135,61,Bachelor,20 Avenue El Fadl,Agadir,80000.0,N,5,Y,Mortgage
9852,A00001131,Omar Moufkir ,AG782044,45,Bachelor,37 Rue Al Qods,Rabat,11025.0,Y,5,Y,Rent
9853,A00005661,Rachida Barghoud,QA957537,33,PhD,18 Lotissement Hassan II,Oued Zem,25200.0,Y,7,Y,Own
9854,A00009537,Mohammed Amine Berrada,KB564883,32,PhD,28 Rue Al Massira,Tanger,90053.0,Y,6,Y,Own
9855,A00001546,Taha Farissi,X442792,26,High School,43 Boulevard Centrale,Had Boumoussa,,N,2,Y,Mortgage
9856,A00006069,Hassan Moufkir ,DN975730,43,College,6 Boulevard Salam,Meknes,50010.0,Y,7,Y,Mortgage
9857,A00003893,Youssef El Idrissi,JF433551,47,High School,4 Lotissement Al Massira,Tan Tan,82000.0,N,5,Y,Rent
9858,A00003953,Noha Amine,X754268,53,Bachelor,44 Residence Al Massira,Youssoufia,,Y,3,Y,Mortgage
9859,A00004910,Hiba Metouali,R828128,61,Bachelor,22 Boulevard Al Houda,El Hoceima,32000.0,Y,7,N,Mortgage
9860,A00002150,Hassan Metouali,DN949137,54,High School,16 Rue El Fadl,Meknes,50010.0,Y,6,Y,Mortgage
9861,A00006077,Amine Dadi,SA816870,36,MD,41 Residence Al Houda,Nador,62000.0,Y,4,Y,Mortgage
9862,A00004233,Taha Kibala,X701856,35,Bachelor,28 Hay Al Massira,Sidi Slimane,,N,4,Y,Rent
9863,A00007762,Kaoutar Bennani,EE106693,63,High School,30 Rue Hassan II,Marrakech,40000.0,N,4,Y,Mortgage
9864,A00005047,Rania Bachri,AG839449,59,PhD,42 Avenue Al Massira,Rabat,11025.0,Y,3,Y,Own
9865,A00000755,Adam Barghoud,DN420173,52,Bachelor,31 Residence Hassan II,Meknes,50010.0,N,6,Y,Own
9866,A00002328,Khadija Lahlou,FB594930,48,High School,22 Avenue El Fadl,Taourirt,65000.0,Y,2,Y,Own
9867,A00002446,Hiba Jamal,JK401354,26,College,15 Residence Hlioua,Agadir,80000.0,Y,5,N,Rent
9868,A00007637,Fatima Ezzahra  El Fassi,X985587,64,Bachelor,29 Avenue Al Qods,Ouaouizeght,,Y,7,Y,Mortgage
9869,A00000450,Khadija Barghoud,F606906,44,Bachelor,37 Avenue Mohammed V,Oujda,60010.0,N,2,Y,Mortgage
9870,A00005222,Noha Metouali,X191003,63,Bachelor,10 Rue Zerktouni,Ain Dorij,,Y,3,Y,Own
9871,A00001592,Omar Barghoud,AG398067,55,Bachelor,21 Boulevard Al Qods,Rabat,11025.0,N,7,Y,Mortgage
9872,A00004767,Amine Benali,SA390700,43,Bachelor,12 Lotissement Salam,Nador,62000.0,N,3,Y,Rent
9873,A00007297,Noha Radi,F547028,44,Masters,14 Avenue Centrale,Oujda,60010.0,Y,7,Y,Own
9874,A00002588,Kaoutar Skalli,HH461954,45,High School,22 Hay Al Massira,Safi,46000.0,Y,3,Y,Own
9875,A00001213,Hiba El Yousfi,JK625190,40,College,17 Rue Al Qods,Agadir,80000.0,Y,5,N,Mortgage
9876,A00002348,Khaoula Mansour,X366562,57,MD,16 Lotissement Centrale,Jorf El Melha,,N,5,Y,Own
9877,A00002950,Omar Ouazzani,X912755,52,High School,24 Rue Al Massira,Ain Taoujdate,,Y,6,Y,Own
9878,A00008017,Youssef Alaoui,AG555050,50,Bachelor,27 Avenue Hassan II,Rabat,11025.0,Y,2,Y,Mortgage
9879,A00009573,Aya Jamal,X212766,33,College,43 Lotissement Centrale,Souani,,Y,6,Y,Own
9880,A00006673,Khaoula Alaoui,N111532,40,Bachelor,32 Avenue Al Qods,Essaouira,44000.0,Y,7,Y,Mortgage
9881,A00003724,Youssef Tahiri,L496942,54,College,7 Residence Al Houda,Tetouan,93000.0,Y,5,Y,Own
9882,A00008187,Hiba Dadi,X375620,61,Bachelor,40 Boulevard Bernoussi,Ait Melloul,,Y,7,N,Rent
9883,A00001319,Adam Salhi,F958554,58,Bachelor,6 Hay Hassan II,Oujda,60010.0,Y,5,Y,Own
9884,A00006328,Jamila Lahlou,EE546255,53,High School,47 Rue Centrale,Marrakech,40000.0,Y,4,Y,Own
9885,A00001914,Hamza Dadi,R650072,32,Bachelor,27 Boulevard Zerktouni,El Hoceima,32000.0,Y,6,Y,Rent
9886,A00000668,Hajar Ouazzani,CC572953,62,Masters,49 Boulevard Salam,Fes,30000.0,Y,4,Y,Rent
9887,A00003473,Rania Banoune,KB356598,31,Bachelor,32 Lotissement Centrale,Tanger,90053.0,N,7,Y,Rent
9888,A00003476,Youssef Salhi,X988012,60,Bachelor,18 Avenue Al Qods,Demnate,,N,4,Y,Rent
9889,A00003165,Kawtar Eddoughmi,AG837009,40,PhD,21 Lotissement Al Qods,Rabat,11025.0,N,3,Y,Mortgage
9890,A00001609,Taha Fadili,X489056,42,,33 Boulevard Bernoussi,Amizmiz,,Y,2,Y,Own
9891,A00005887,Mohamed Amine,EE773818,33,MD,22 Residence Mohammed V,Marrakech,40000.0,N,2,Y,Rent
9892,A00009065,Adam Skalli,N660984,58,Bachelor,30 Boulevard Hlioua,Essaouira,44000.0,Y,4,Y,Mortgage
9893,A00001795,Fatima Moufkir ,X462612,47,College,26 Residence Zerktouni,Sidi Allal El Bahraoui,,Y,3,Y,Rent
9894,A00003554,Youssef Bate,AB432371,50,College,4 Lotissement Hlioua,Sale,11000.0,Y,3,Y,Rent
9895,A00005470,Taha El Idrissi,G268079,45,PhD,43 Avenue Zerktouni,Kenitra,14110.0,N,3,Y,Own
9896,A00007502,Ahmed Benali,CC111605,34,High School,22 Residence Hassan II,Fes,30000.0,Y,4,Y,Mortgage
9897,A00005727,Amine Eddoughmi,LA641482,34,College,22 Residence Mohammed V,Larache,92000.0,N,6,Y,Rent
9898,A00003496,Yahya Radi,L914924,47,College,29 Rue Bernoussi,Tetouan,93000.0,N,7,N,Mortgage
9899,A00006123,Adam Benali,AB767116,28,Bachelor,19 Hay El Fadl,Sale,11000.0,N,2,Y,Mortgage
9900,A00000856,Salma Oufkir,X920967,41,High School,19 Lotissement Hlioua,Bir Tam-Tam,,Y,7,Y,Own
9901,A00003636,Zineb Alaoui,X396506,26,High School,29 Boulevard Al Houda,Azilal,,Y,4,Y,Own
9902,A00001465,Noha Amrani,ZG723103,55,Bachelor,8 Residence Hlioua,Guercif,37000.0,Y,5,Y,Rent
9903,A00006814,Hamza El Fassi,GK466105,52,Bachelor,11 Boulevard Centrale,Sidi Kacem,16000.0,Y,7,Y,Mortgage
9904,A00007086,Hamza Farissi,EE679061,56,High School,43 Residence Centrale,Marrakech,40000.0,Y,2,Y,Mortgage
9905,A00007085,Noha Dadi,M634613,40,Bachelor,38 Hay Salam,El Jadida,24010.0,Y,6,Y,Mortgage
9906,A00000447,Omar Fakhir,JK900377,30,Bachelor,29 Lotissement Zerktouni,Agadir,80000.0,Y,2,Y,Own
9907,A00009496,Amine Amrani,EE273514,52,Bachelor,45 Boulevard Hassan II,Marrakech,40000.0,N,5,Y,Own
9908,A00005922,Noha Berrada,KB550262,56,Masters,24 Avenue Bernoussi,Tanger,90053.0,Y,5,Y,Rent
9909,A00002779,Rachida Radi,BJ197688,56,Bachelor,17 Avenue Al Qods,Casablanca,20220.0,Y,6,Y,Rent
9910,A00007655,Aya Amrani,BJ108329,27,Bachelor,9 Hay Al Qods,Casablanca,20220.0,Y,3,Y,Rent
9911,A00005223,Adam Benchikh,AB882014,45,Bachelor,6 Residence Al Massira,Sale,11000.0,Y,3,Y,Mortgage
9912,A00009938,Hamza Ouazzani,AB157954,37,Masters,8 Hay Bernoussi,Sale,11000.0,N,4,Y,Mortgage
9913,A00003138,Hassan Mansar,N827637,31,Bachelor,9 Boulevard Al Massira,Essaouira,44000.0,Y,6,Y,Mortgage
9914,A00008590,Taha Bachri,AG750220,60,Bachelor,16 Residence Al Houda,Rabat,11025.0,Y,3,Y,Mortgage
9915,A00005515,Othmane Moufkir ,AG751818,59,,49 Hay Salam,Rabat,11025.0,Y,5,N,Mortgage
9916,A00001165,Noha El Idrissi,KB164683,29,High School,37 Boulevard Centrale,Tanger,90053.0,Y,7,Y,Rent
9917,A00003494,Jamila Barghoud,CC299084,25,High School,37 Hay Al Houda,Fes,30000.0,Y,4,Y,Own
9918,A00008413,Khadija Fadili,KB327591,47,PhD,39 Hay Mohammed V,Tanger,90053.0,N,5,N,Mortgage
9919,A00007544,Khadija Salhi,X361292,53,Bachelor,37 Residence Al Houda,Targuist,,Y,5,Y,Mortgage
9920,A00006011,Adam Fakhir,CC178764,63,,34 Residence Salam,Fes,30000.0,Y,2,N,Mortgage
9921,A00001691,Fatima Fadili,G461654,30,PhD,32 Hay Hlioua,Kenitra,14110.0,Y,2,Y,Rent
9922,A00006962,Amine Kibala,WA129947,33,Bachelor,35 Rue Hlioua,Berrechid,26100.0,N,3,Y,Rent
9923,A00007827,Yahya Farissi,AG607854,42,,26 Hay Al Qods,Rabat,11025.0,Y,3,Y,Mortgage
9924,A00005615,Hajar Amrani,HH204195,46,Masters,6 Avenue Al Houda,Safi,46000.0,Y,5,Y,Own
9925,A00005457,Youssef Barghoud,KB327401,59,Bachelor,8 Avenue Mohammed V,Tanger,90053.0,Y,2,N,Rent
9926,A00009516,Salma El Fassi,X132408,28,Bachelor,27 Avenue Al Houda,Had Kourt,,Y,5,Y,Mortgage
9927,A00000440,Youssef Amine,DN486843,33,Bachelor,49 Lotissement Salam,Meknes,50010.0,Y,7,Y,Rent
9928,A00005296,Aziza Mansar,EE286280,53,Bachelor,6 Boulevard Centrale,Marrakech,40000.0,Y,6,Y,Rent
9929,A00002804,Hassan Lahlou,AG379306,54,Bachelor,34 Residence El Fadl,Rabat,11025.0,N,4,N,Rent
9930,A00005131,Rachida Dadi,N679260,41,High School,32 Boulevard Al Qods,Essaouira,44000.0,Y,4,Y,Rent
9931,A00003921,Zineb Banoune,F487371,58,MD,14 Rue Al Massira,Oujda,60010.0,Y,2,Y,Rent
9932,A00008587,Fatima Radi,X362891,63,Bachelor,43 Rue Centrale,Dcheira El Jihadia,,N,2,Y,Mortgage
9933,A00002069,Fatima Jamal,BJ951646,38,High School,40 Avenue Hassan II,Casablanca,20220.0,Y,7,Y,Mortgage
9934,A00004316,Taha Bennani,CC507852,49,Masters,35 Boulevard Zerktouni,Fes,30000.0,Y,2,Y,Mortgage
9935,A00004799,Khadija Berrada,L809619,51,High School,45 Lotissement Zerktouni,Tetouan,93000.0,N,6,Y,Own
9936,A00001952,Mohammed Amine Amrani,EA661961,56,,43 Hay Al Houda,Ben Guerir,43150.0,Y,4,Y,Mortgage
9937,A00007911,Kawtar Mansour,X881091,33,Bachelor,14 Lotissement El Fadl,Oulad Ayad,,Y,6,Y,Rent
9938,A00007352,Amine Radi,L330534,37,High School,26 Boulevard Hlioua,Tetouan,93000.0,Y,7,Y,Own
9939,A00008826,Mohammed Amine Moufkir ,SA984746,40,High School,29 Avenue Al Massira,Nador,62000.0,Y,5,Y,Own
9940,A00008376,Meryem Amine,X798064,33,Bachelor,46 Lotissement El Fadl,Tinjdad,,N,3,N,Mortgage
9941,A00003218,Mohammed Amine Barghoud,HH478424,61,College,46 Residence El Fadl,Safi,46000.0,Y,6,N,Rent
9942,A00009117,Hamza Benchikh,N520422,37,Bachelor,7 Avenue Al Qods,Essaouira,44000.0,N,4,Y,Mortgage
9943,A00003655,Noha Mansar,F998801,35,High School,11 Boulevard Centrale,Oujda,60010.0,N,6,Y,Mortgage
9944,A00005908,Youssef Fakhir,KB222502,59,Masters,4 Hay Al Qods,Tanger,90053.0,N,4,Y,Rent
9945,A00001038,Amine Moufkir ,BJ163446,63,PhD,9 Hay Al Qods,Casablanca,20220.0,Y,6,Y,Rent
9946,A00008670,Rachida Banoune,CC464602,50,Bachelor,26 Boulevard Centrale,Fes,30000.0,Y,2,Y,Own
9947,A00000338,Mohamed Amrani,X168920,62,Bachelor,47 Hay Zerktouni,Tit Mellil,,Y,7,Y,Mortgage
9948,A00003202,Mohamed Lahlou,X937334,41,Bachelor,14 Lotissement El Fadl,Tinjdad,,Y,7,Y,Mortgage
9949,A00004404,Aya Amine,BJ139499,57,High School,38 Boulevard Mohammed V,Casablanca,20220.0,Y,2,Y,Rent
9950,A00006557,Meryem Barghoud,DN621192,49,PhD,44 Hay Bernoussi,Meknes,50010.0,N,6,Y,Own
9951,A00002838,Yahya Fakhir,EE254248,29,MD,38 Lotissement Centrale,Marrakech,40000.0,Y,4,Y,Rent
9952,A00007775,Meryem Banoune,EE350470,32,High School,30 Rue Al Houda,Marrakech,40000.0,N,7,Y,Mortgage
9953,A00009163,Hassan Tazi,X894571,33,High School,21 Residence Bernoussi,Driouch,,N,3,Y,Own
9954,A00002376,Aya Amine,SH976881,62,Bachelor,4 Boulevard El Fadl,Laayoune,70000.0,Y,4,N,Mortgage
9955,A00000989,Fatima Ezzahra  Tahiri,X317039,41,High School,33 Hay Bernoussi,Afourar,,Y,3,Y,Mortgage
9956,A00009499,Hajar Bate,DN150637,58,Masters,38 Residence Al Massira,Meknes,50010.0,Y,4,Y,Own
9957,A00001653,Omar Fakhir,X596106,31,Bachelor,4 Boulevard Al Massira,Itzer,,Y,5,Y,Own
9958,A00008989,Rania Radi,N617151,50,Bachelor,19 Rue Zerktouni,Essaouira,44000.0,Y,2,Y,Rent
9959,A00004429,Meryem Dadi,DN531633,31,,39 Residence Hassan II,Meknes,50010.0,N,6,Y,Own
9960,A00001820,Yahya Farissi,CC979856,47,High School,43 Hay Bernoussi,Fes,30000.0,Y,5,Y,Mortgage
9961,A00002458,Fatima Ezzahra  Salhi,KB700680,26,High School,4 Boulevard Al Massira,Tanger,90053.0,N,5,Y,Mortgage
9962,A00008657,Hassan Amrani,DN519358,51,Bachelor,16 Rue El Fadl,Meknes,50010.0,Y,2,Y,Rent
9963,A00000418,Fatima Moufkir ,EE834023,54,PhD,22 Boulevard Zerktouni,Marrakech,40000.0,Y,3,Y,Mortgage
9964,A00004219,Adam Bachri,BJ427664,38,Masters,11 Rue Salam,Casablanca,20220.0,Y,3,Y,Rent
9965,A00007289,Youssef Mansour,JE506889,43,High School,38 Rue Al Houda,Tiznit,85000.0,Y,3,Y,Mortgage
9966,A00005596,Youssef Benali,X794289,38,Bachelor,16 Lotissement Bernoussi,Bni Hadifa,,Y,5,Y,Own
9967,A00001455,Kaoutar Benchikh,X886015,63,High School,38 Avenue Zerktouni,Zaouiat Ahansal,,Y,3,Y,Rent
9968,A00000660,Taha El Idrissi,DN683154,41,MD,43 Avenue Zerktouni,Meknes,50010.0,Y,3,Y,Own
9969,A00003242,Mohamed Kibala,X131212,36,,42 Boulevard Mohammed V,Ouezzane,,Y,5,Y,Rent
9970,A00005227,Kawtar Eddoughmi,EE453610,36,PhD,6 Residence Zerktouni,Marrakech,40000.0,Y,4,Y,Rent
9971,A00002887,Amine Mansar,EE947668,26,Bachelor,38 Avenue Hassan II,Marrakech,40000.0,Y,2,Y,Rent
9972,A00009361,Mohammed Amine Dadi,N885839,28,High School,47 Boulevard Zerktouni,Essaouira,44000.0,Y,6,Y,Rent
9973,A00002159,Hiba Lahlou,X413925,53,Bachelor,4 Boulevard Zerktouni,Oulad Jamaa,,Y,6,Y,Mortgage
9974,A00006567,Fatima Tazi,N504000,48,College,9 Boulevard Al Massira,Essaouira,44000.0,N,6,N,Rent
9975,A00002659,Fatima Ezzahra  Bate,JK542018,34,MD,4 Rue Mohammed V,Agadir,80000.0,Y,3,Y,Rent
9976,A00000460,Aziza Moufkir ,EE368868,53,High School,21 Rue Al Qods,Marrakech,40000.0,Y,5,Y,Mortgage
9977,A00005544,Youssef Barghoud,BJ651040,51,Bachelor,37 Hay Hassan II,Casablanca,20220.0,N,6,Y,Mortgage
9978,A00004919,Omar Radi,G642154,53,Bachelor,45 Rue Hlioua,Kenitra,14110.0,Y,4,Y,Own
9979,A00002305,Noha Farissi,X634793,49,MD,37 Boulevard Zerktouni,Khourubga,25000.0,Y,6,Y,Own
9980,A00002277,Zineb Alaoui,X703688,28,Bachelor,30 Boulevard Al Houda,Boulemane,,Y,7,Y,Rent
9981,A00009360,Youssef Mansour,JK230906,48,High School,49 Boulevard Hlioua,Agadir,80000.0,Y,2,Y,Mortgage
9982,A00004823,Aya Amine,AG271932,34,,38 Avenue Mohammed V,Rabat,11025.0,N,6,Y,Mortgage
9983,A00008012,Aya Fakhir,X307065,33,Bachelor,40 Hay Hlioua,El Menzel,,Y,6,N,Mortgage
9984,A00002790,Hajar Jamal,SH108911,49,Bachelor,39 Rue Bernoussi,Laayoune,70000.0,Y,4,Y,Mortgage
9985,A00001397,Khadija Berrada,X947916,56,,46 Lotissement El Fadl,Tinjdad,,N,6,Y,Own
9986,A00001625,Fatima Tahiri,R130007,51,Bachelor,21 Residence Salam,El Hoceima,32000.0,N,5,N,Rent
9987,A00005204,Mohamed Farissi,X760771,32,Bachelor,44 Boulevard Salam,Icht,,Y,2,Y,Own
9988,A00003579,Omar Fakhir,X211939,41,MD,34 Hay Al Massira,El Borouj,,N,6,Y,Own
9989,A00001933,Amine Mansour,KB645837,52,High School,31 Hay Salam,Tanger,90053.0,Y,2,Y,Rent
9990,A00007116,Fatima Jamal,SH756008,46,Bachelor,11 Boulevard El Fadl,Laayoune,70000.0,N,6,Y,Own
9991,A00008542,Hiba Dadi,CC440673,53,Bachelor,1 Boulevard Mohammed V,Fes,30000.0,N,3,Y,Rent
9992,A00005925,Hajar El Fassi,DN582323,34,Bachelor,36 Rue Mohammed V,Meknes,50010.0,Y,7,Y,Own
9993,A00008267,Kaoutar Salhi,DN624003,44,Bachelor,46 Lotissement Salam,Meknes,50010.0,Y,5,Y,Own
9994,A00003508,Rachida Lahlou,EE379649,51,PhD,2 Boulevard Al Massira,Marrakech,40000.0,Y,2,Y,Own
9995,A00006029,Adam Berrada,AB670656,45,PhD,45 Hay Al Qods,Sale,11000.0,N,3,Y,Own
9996,A00003555,Aya Moufkir ,AG865233,52,Masters,11 Hay Al Massira,Rabat,11025.0,Y,3,Y,Mortgage
9997,A00004230,Hajar Alaoui,L446091,53,Bachelor,26 Avenue Salam,Tetouan,93000.0,Y,2,Y,Mortgage
9998,A00006694,Omar Moufkir ,HH569931,61,Bachelor,46 Residence El Fadl,Safi,46000.0,Y,7,Y,Rent
9999,A00000390,Youssef Benali,F308862,64,Bachelor,20 Residence Al Qods,Oujda,60010.0,Y,2,Y,Rent
